ID,Sex,Age,ParticipantLTR,PartnerNumber,HadSex,AgeSex,Orientation,ParticipantLifetimeSexPartners,PastYearSexPartners,PastMonthSex,GenHealth,CMVS1,CMVS2,CMVS3,CMVS4,CMVS5,CMVS6,CMVS7,CMVS8,CMVS9,CMVS10,CMVS11,CMVS12,CMVS13,CMVS14,CMVS15,CMVS16,CMVS17,CMVS18,CMVS19,CMVS20,CMVS21,CMVS22,CMVS23,CMVS24,CMVS25,CMVS26
1,1,29,1,1,1,26,2,1,1,10,4, , , , , , , , , ,6,3,6,6,6,6,5,6,6,4,5,5,5,4,3,4,3
2,2,36,1,5,1,14,1,10,1,5,5, ,2,3,5,3,7,3,3,3,3,2,1,1,1,6,7,7,3,5,3,2,7,1,1,1,1
3,2,28,1,5,1,18,1,5,3,4,4,1,3,2,2,3,2,2,3,2,2,7,2,1,1,2,2,1,2,2,2,2,1,2,6,6,6
4,1,36,1,10,1,15,2,50,3,20,5,1,1,2,3,1,4,7,2,3,2,4,1,1,1,7,7,7,1,1,1,1,1,1,7,2,1
5,1,48,1,11,1,15,2, ,1,12,5,1,1,1,4,1,4,5,1,1,2,4,1,1,3,4,2,4,1,1,2,1,4,1, ,4,1
6,2,42,1,4,1,21,1,4,1,30,4,1,1,1,3,3,7,7,7,7,5,3,3,1,7,7,7,7,3,3,3,1,3,3,1,1,1
7,1,36,2,5,1,23,2,2,0,0,3,1,1,1,1,1,1,2,1,1,1,1,5,5,4,1,1,1,3,2,1,1,1,1,3,3,4
8,1,36,1,30,1,18,2,5,5,3,3,1,1,1,1,1,1,1,1,1,1,7,1,1,4,1,1,1,1,1,2,2,1,2,7,6,6
9,1,32,2,5,1,18,2,23,19,3,5,1,1,1,1,1,2,1,1,1,1,2,1,1,4,6,7,4,2,1,2,1,1,1,1,4,4
10,2,27,1,100,1,21,1,1,1,10,5,1,2,3,4,4,4,5,5,4,2,6,3,3,3,2,3,3,3,3,3,2,3,2,5,5,6
11,2,32,1,5,1,17,1,5,1,30,3,1,3,3,2,3,2,1,1,2,1,1,1,1,1,7,7,7,2,2,1,1,1,2,1,1,1
12,1,66,1,6,1,24,2,13,1,5,1,1,1,1,1,1,2,2,3,2,3,5,1,2,2,3,4,3,2,1,1,2,2,2,2,4,4
13,2,29,1,1,1,25,1,1,1,12,4,1,2,3,5,3,6,2,2,4,2,2,1,2,2,6,5,7,3,5,2,2,4,2,2,4,3
14,1,35,2,4,1,14,2,1,1,0,4,1,1,1,1,1,4,2,4,4,4,5,3,3,2,4,4,4,1,1,2,2,4,4,5,6,2
15,2,25,1,3,2, ,1,1,1,0,4,1,3,2,3,3,2,2,3,2,2,4,3,2,3,1,2,4,3,4,3,3,4,2,6,5,5
16,1,29,1,3,1,19,2,3,2,6,4,1,1,1,1,1,4,1,1,1,1,1,1,1,1,1,4,4,1,4,1,1,1,1,1,4,1
17,2,32,1,6,1,19,1,6,1,1,3,1,7,6,6,6,4,7,7,7,7,6,1,1,2,7,6,6,2,2,6,4,7,5,4,5,3
18,1,32,1,12,1,21,2,4,1,18,4,1,1,1,1,1,1,1,1,1,1,1,7,4,1,1,1,1,7,7,1,4,1,1,7,7,7
19,2,39,1,1,1,21,1,1,1,0,4,1,1,1,5,1,6,6,7,7,7,1,1,1,1,7,7,7,7,7,2,6,6,1,1,1,1
20,2,57,1,7,1,17,1,6,1,0,4,1,1,1,1,1,7,6,4,4,6,5,1,1,4,7,7,7,2,6,6,4,7,4,1,1,4
21,1,26,2,10,1,13,2,30,10,5,4,1,1,1,1,1,1,1,1,1,1,1,7,7,7,1,1,5,1,1,1,1,1,1,1,1,1
22,2,42,1,1,1,23,1,1,1,2,5,1,2,1,2,1,7,5,1,1,1,2,1,1,1,1,2,1,2,2,1,2,6,2,2,2,2
23,2,43,1,5,1,16,1,5,1,15,3,1,1,1,4,1,1,4,4,4,1,4,1,4,7,7,7,7,1,1,1,1,4,1,1,1,1
24,2,35,1,3,1,16,1,11,1,15,5,1,1,2,7,1,7,1,3,5,3,5,1,1,1,5,6,6,2,6,5,3,7,7,1,1,1
25,1,27,1,3,1,16,2,7,6,8,5,1,1,2,2,2,2,7,6,4,2,2,1,1,2,7,7,7,1,1,1,1,6,1,1,1,1
26,1,33,1,3,1,8,2,3,2,1,5,1,2,2,4,3,4,3,2,2,2,3,2,1,1,2,3,2,2,2,2,2,4,3,2,5,2
27,1,28,1,1,1,17,2,3,1,20,3,1,1,3,3,3,3,3,4,4,3,5,5,2,3,3,2,5,2,3,4,2,2,5,4,3,5
28,1,63,1,33,1,13,2,30,1,10,3,1,1,1,1,1,1,1,1,1,7,1,2,2,4,7,7,7,7,7,7,7,7,7,1,1,1
29,1,48,1,30,1,15,2,45,0,9,4,1,1,3,2,1,5,2,2,3,1,2,7,3,6,5,5,5,1,3,2,2,5,1,1,2,2
30,1,35,1,5,1,18,2,30,1,4,3,1,1,1,1,1,1,1,7,1,1,6,7,1,7,7,7,7,6,3,1,1,1,1,1,1,7
31,2,41,1,12,1,18,1,15,1,6,2,1,1,1,2,1,1,6,7,7,3,1,1,1,7,7,7,7,6,7,1,1,1,1,1,1,6
32,2,32,1,2,1,19,1,2,1,10,4,1,1,1,1,1,1,6,2,1,2,7,2,2,2,6,1,2,2,3,2,2,3,3,3,6,5
33,2,55,1,6,1,22,1,6,1,12,5,1,1,2,4,3,5,2,1,4,1,1,4,3,3,5,7,7,3,4,3,1,5,1,1,1,4
34,2,34,1,1,1,20,1,1,1,4,2,1,2,2,4,2,7,7,7,7,7,7,1,1,1,7,7,7,1,1,4,4,7,1,1,1,1
35,2,42,1,2,1,18,1,2,1,15,4,1,2,1,7,1,7,1,1,2,1,1,1,1,1,7,7,7,1,1,1,7,7,1,1,1,1
36,2,36,1,2,1,18,1,2,1,10,3,1,2,3,3,1,3,3,3,4,6,2,1,2,2,2,4,4,2,2,2,3,5,5,2,3,5
37,2,59,1,6,1,13,1,6,1,15,3,1,1,1,1,1,1,2,2,2,4,2,1,1,1,6,7,7,2,2,2,2,2,2,1,1,6
38,2,26,2,1,1,21,1,2,0,0,2,1,1,1,1,1,1,1,1,1,1,2,1,1,1,1,1,1,3,1,1,4,1,1,3,6,5
39,1,63,1,35,1,13,2,30,1,8,3,1,1,1,1,1,1,1,1,1,1,7,1,1,1,1,1,1,1,1,1,1,1,1,7,7,7
40,2,32,1,3,1,16,1,10,1,4,4,1,1,3,3,1,2,3,1,3,1,1,1,1,1,6,6,6,2,2,2,1,4,1,1,1,1
41,1,43,1,32,1,17,2,50,1,2,2,1,1,1,1,1,1,1,1,1,1,7,1,1,1,7,7,7,1,1,1,1,4,1,1,7,7
42,2,44,1,5,1,15,1,4,1,10,4,1,2,2,2,2,2,5,6,6,4,2,4,1,4,5,5,6,2,2,2,2,4,2,1,2,1
43,1,41,1,5,1,17,2,12,1,20,3,1,1,1,1,1,2,2,1,2,1,3,1,1,7,7,7,7,4,4,1,1,3,1,1,1,1
44,2,27,1,2,2, ,1,1,1,7,5,1,1,6,1,1,7,7,1,1,1,1,1,1,1,7,7,2,1,1,1,7,2,1,7,1,1
45,1,26,1,12,1,16,2,11,1,10,5,1,3,5,3,2,2,6,5,5,5,6,2,1,3,5,3,3,1,1,1,1,3,4,2,7,7
46,2,50,2,8,1,13,1,8,0,0,5,1,1,1,4,1,1,7,7,4,4,6,7,7,7,7,7,7,2,1,1,2,5,4,1,1,1
47,2,24,1,5,1,19,1,2,1,45,5,1,1,1,1,1,1,1,1,1,1,1,7,1,1,7,7,7,1,1,1,1,1,1,1,1,1
48,2,55,1,7,1,17,1,12,1,20,3,1,1,1,1,1,4,1,1,1,1,1,1,1,1,6,6,6,1,1,1,1,1,1,1,1,1
49,2,45,1,3,1,17,1,3,1,4,5,1,1,1,3,1,2,3,3,3,2,2,1,1,1,3,7,7,1,1,1,2,7,1,1,1,1
50,2,39,1,3,1,17,1,3,1,20,5,2,1,2,5,2,5,6,3,4,5,5,2,1,2,5,6,5,1,2,3,3,5,4,2,3,3
51,1,30,1,2,2, ,2,2,1,5,4,2,3,2,3,2,2,3,2,3,2,5,2,3,2,3,2,3,2,2,3,2,3,2,5,6,5
52,2,52,1,6,1,17,1, ,1,0,3,2,4,4,6,6,6,1,1,2,4,4,1,1,1,7,7,7,2,2,7,4,7,2,1,1,1
53,2,32,1,2,1,23,1,5,1,2,3,2,2,2,2,2,2,6,6,6,6,6,6,6,6,6,6,6,2,2,2,1,2,3,2,2,2
54,2,56,1,18,1,16,1,8,1,0,3,2,2,2,3,2,4,5,6,6,7,6,2,1,7,7,7,7,3,2,2,3,6,2,1,1,1
55,1,49,2,6,1,21,2,6,1,0,4,2,2,2,2,2,2,5,5,4,3,3,1,1,2,5,6,6,1,1,3,2,5,2,1,5,1
56,1,25,1,2,1,19,2,2,2,3,4,2,2,3,3,2,4,3,3,3,3,5,1,1,2,2,2,3,3,2,2,2,4,4,5,5,4
57,1,28,1,2,1,27,2,2,1,1,4,2,2,3,1,2,3,2,1,2,2,5,4,2,1,2,2,3,2,2,4,3,2,1,6,5,6
58,1,28,1,5,2, ,2,0,0,0,4,2,3,3,6,6,6,2,2,2,2,4,2,2,2,2,2,2,2,5,3,3,5,5,5,3,3
59,1,29,1,1,1,28,2,1,1,3,4,2,1,2,2,2,1,4,3,1,3,7,1,2,1,1,3,1,1,4,1,5,2,1,6,4,6
60,1,67,1,20,1,17,2,12,1,2,5,2,2,3,3,3,7,7,7,7,7,6,6,2,3,6,7,7,1,1,3,2,3,3,1,1,1
61,2,31,1,3,1,17,1,10,1,5,4,2,2,2,4,2,2,6,6,6,4,3,1,1,2,6,6,6,2,1,1,1,4,1,6,2,6
62,2,48,1,5,1,18,1,5,1,5,2,2,5,5,5,4,7,1,1,3,3,2,1,1,2,7,7,7,1,2,5,2,6,1,1,1,3
63,2,31,1,3,1, ,1,1,1,1,5,2,3,2,1,2,2,1,2,2,3,6,3,2,3,2,1,2,2,2,2,3,2,3,7,7,6
64,2,66,1,3,1,16,1,1,1,4,5,2,2,2,3,3,3,2,2,3,3,2,1,1,4,7,7,7,2,2,4,4,6,2,1,1,1
65,1,29,1,2,1,28,2,1,1,1,4,2,3,2,3,2,3,4,3,2,2,5,2,3,4,3,2,3,4,3,2,3,4,3,6,5,4
66,1,30,1,5,1,16,2,16,1,10,4,2,2,2,3,2,3,3,3,3,2,2,2,1,2,5,5,6,2,2,2,2,2,2,6,6,2
67,2,29,1,5,1,16,1,3,1,2,4,2,2,3,5,2,5,6,6,4,3,3,1,2,2,3,6,3,2,2,2,3,2,2,2,2,3
68,2,70,1,1,1,19,1,2,1,2,3,2,1,1,1,1,1,3,3,4,3,6,5,3,3,7,7,7,5,5,6,6,7,3,3,1,1
69,2,55,1,4,1,15,1,4,1,4,5,2,2,2,4,2,4,4,2,4,4,2,6,6,4,1,1,1,6,2,4,2,4,3,2,2,2
70,1,33,1,15,1,15,2,9,1,25,2,2,2,2,5,2,6,4,5,5,3,5,3,3,2,6,6,6,2,2,3,3,3,2,2,5,3
71,2,39,1,30,1,17,1,20,1,10,4,2,2,2,2,2,1,3,3,4,3,7,1,1,3,5,5,6,1,1,2,2,2,1,1,5,3
72,2,60,2,20,1,18,1,15,0,0,2,2,2,2,2,2,2,3,3,2,2,2,1,2,2, ,7,7,2,2,2,2,6,1, ,2,2
73,2,31,1,2,2, ,1,1,1,1,4,2,2,3,6,2,3,4,5,6,3,3,3,2,2,2,3,4,3,2,2,3,2,3,2,6,6
74,2,62,2,35,1,18,1,25,0,0,3,2,2,2,2,2,6,4,4,4,3,2,2,1,4,6,6,6,2,2,2,2,4,5,2,2,2
75,2,59,1,5,1,15,1,30,1,4,4,2,2,3,6,4,4,3,3,3,4,2,6,3,3,6,7,7,3,3,4,3,6,3,1,1,1
76,1,40,1,15,1,18,2,23,1,9,4,2,2,3,3,2,3,3,3,3,3,4,7,2,3,6,4,5,1,2,3,2,2,2,3,4,3
77,2,32,1,3,1,18,1,3,1,6,4,2,2,2,2,2,2,2,2,2,2,6,2,2,2,5,2,4,2,2,2,2,2,2,3,4,3
78,2,46,1,10,1,18,1,5,1,15,5,2,3,7,7,6,7,4,5,3,4,3,1,1,1,5,5,5,1,1,2,2,2,3,2,2,3
79,2,46,1,2,1,22,1,3,1,6,4,2,2,2,3,3,3,2,2,3,2,2,2,1,3,5,6,6,3,2,2,3,3,4,3,3,3
80,1,38,1,5,1,32,2,1,1,5,3,2,2,5,7,2,5,2,5,4,3,6,2,2,2,2, ,5,2,2,1,2,6,3,3,2,3
81,2,60,1,50,1,15,1,80,1,10,4,2,2,2,2,2,3,4,4,4,3,2,2,2,6,6,6,6,3,4,3,2,2,2,2,2,2
82,1,48,1,3,1,20,2,3,1,0,2,2,2,5,4,1,1,7,7,7,7,7,1,1,1,7,7,7,2,2,2,2,7,1,1,2,2
83,1,63,1,10,1,19,2,15,1,12,3,2,3,3,4,3,6,3,5,4,3,3,2,2,2,5,6,6,2,4,5,2,6,4,2,3,2
84,1,34,1,10,1,17,2,18,1,2,4,2,2,2,4,2,6,4,4,4,3,2,2,3,4,3,6,6,2,3,3,6,4,5,2,2,2
85,2,38,1,5,1,14,1,20,1,4,2,2,1,1,1,1,2,1,1,1,1,1,7,5,4,2,1,1,3,2,1,2,1,1,2,4,4
86,2,49,1,14,1,14,1,33,1,0,4,2,2,2,2,2,3,4,2,1,1,2,2,2,2,3,4,4,1,1,1,2,1,5,3,4,3
87,2,36,1,3,1,22,1,1,1,5,4,2,2,3,6,2,6,4,4,4,4,3,1,2,4,5,6,5,2,3,3,4,5,2,2,2,2
88,2,44,2,6,1,20,1,3,1,0,3,2,2,2,3,2,6,3,2,3,2,5,1,1,1,6,5,6,2,2,3,1,3,2,2,2,2
89,1,45,1,1,1,24,2,1,1,8,4,2,2,2,6,3,4,3,2,3,2,2,2,2,2,5,6,6,2,3,2,4,3,3,2,4,2
90,1,65,2,5,1,17,2,200,3,2,3,2,3,3,4,2,5,6,6,4,3,6,7,1,1,6,7,7,1,1,3,2,6,6,1,6,5
91,2,42,1,8,1,14,1,20,4,4,3,2,2,2,1,2,1,2,2,2,2,3,2,2,2,5,7,7,1,1,2,2,1,2,1,4,2
92,2,27,1,10,1,17,1,10,1,10,2,2,4,4,4,4,2,6,7,7,6,7,1,1,1,6,7,7,2,2,6,4,6,3,4,2,6
93,2,39,1,11,1,14,1,5,1,8,3,2,2,2,2,2,4,2,2,2,2,2,2,7,7,3,5,4,6,6,6,6,6,5,3,3,5
94,1,32,1,7,1,17,2,12,1,15,4,2,2,3,4,2,4,5,5,5,3,2,3,2,2,5,5,3,2,2,2,2,3,4,2,5,3
95,1,27,1,4,1,18,2,10,2,15,5,2,1,2,3,2,3,4,4,4,5,1,1,1,1,6,7,7,1,1,3,2,3,2,1,3,1
96,2,44,1,3,1,16,1,3,1,0,2,2,2,3,7,3,7,7,7,7,7,6,7,1,1,7,7,7,2,3,3,1,7,2,1,1,1
97,1,34,2,55,1,11,2,160,4,25,4,2,2,2,2,2,2,6,6,4,5,6,7,7,7,7,7,7,4,4,2,1,1,1,1,1,1
98,1,33,1,3,1,21,2,3,1,25,5,2,1,2,2,1,2,1,2,1,2,7,1,1,2,1,3,1,2,1,1,1,6,6,6,6,6
99,2,32,1,5,1,23,1,1,1,1,4,2,2,2,2,2,2,2,2,2,2,6,2,2,2,2,2,2,2,2,2,2,2,2,6,6,6
100,2,44,1,3,1,20,1,2,1,8,2,2,1,2,3,2,7,1,1,3,1,3,2,2,2,6,6,6,2,3,2,2,2,1,2,3,3
101,1,24,1,6,1,18,2,8,3,12,5,2,1,2,3,2,4,6,5,4,3,3,7,7,7,7,7,7,1,2,3,2,3,4,2,3,1
102,2,26,1,2,1,25,1,1,1,3,3,2,3,5,4,4,2,4,5,4,5,7,5,4,7,6,5,5,6,6,5,6,5,4,6,5,6
103,1,25,1,2,1,25,2,2,2,3,5,2,1,2,2,2,3,1,2,2,3,6,2,1,1,1,1,2,1,1,1,1,2,2,2,6,2
104,1,32,1,1,1,25,2,1,1,10,4,2,3,4,3,2,1,2,3,3,2,5,4,5,4,3,2,1,2,2,3,4,3,3,6,5,5
105,1,29,1,10,1,26,2,1,1,4,3,2,4,3,7,5,7,3,4,7,3,3,4,7,6,3,5,4,7,3,7,5,7,6,5,3,1
106,1,35,3,2,1,22,2,1,0,0,2,2,6,3,2,6,1,7,3,5,3,4,7,6,3,5,6,5,2,3,6,4,3,5,4,3,4
107,1,27,1, ,1,19,2,4,1,3,3,2,2,3,2,2,2,1,2,2,3,7,3,3,2,2,2,2,2,3,2,1,2,2,6,6,6
108,2,57,1,8,1,15,1,7,1,10,4,2,3,3,3,3,4,2,2,2,2,1,4,1,2,7,6,6,1,1,3,1,4,1,1,4,3
109,2,27,1,2,1,17,1,2,1,5,3,2,4,4,6,2,6,6,6,6,6,6,2,2,2,6,6,6,6,3,3,4,4,3,2,2,2
110,1,45,1,2,1,25,2,1,1,10,4,2,2,2,6,2,6,2,2,4,2,2,2,2,2,6,6,2,2,2,3,3,3,3,1,5,2
111,1,43,1,15,1,18,2,14,1,1,4,2,2,3,3,2,5,4,4,3,5,2,1,1,2,5,5,5,2,2,3,4,4,3,2,3,1
112,2,28,1,3,1,15,1,3,1,6,4,2,2,3,5,3,4,4,4,4,3,3,2,2,4,4,5,5,2,2,3,3,3,2,3,4,3
113,1,34,1,5,1,18,2,11,2,2,3,2,4,3,3,3,4,5,4,5,5,5,1,1,2,5,7,5,2,1,3,3,3,3,2,4,2
114,2,31,1,1,1,16,1,1,1,1,1,2,6,6,6,2,3,6,6,6,6,5,6,6,3,6,3,6,5,6,6,2,4,2,6,4,2
115,2,33,1,10,1,18,1,12,1,4,5,2,2,2,5,3,1,2,2,3,1,1,1,1,1,5,4,5,1,1,2,3,5,1,1,5,1
116,1,26,1,10,2, ,2,1,1,1,4,2,4,2,4,2,3,1,1,2,2,7,2,1,4,2,3,1,2,4,2,6,4,4,3,5,2
117,1,66,1,3,1,20,2,1,1,4,4,2,3,4,6,4,7,5,6,6,6,4,1,1,4,6,6,7,4,4,4,4,7,4,1,1,1
118,2,50,1,6,1,19,1,5,1,10,4,2,3,3,7,4,7,3,4,4,4,4,2,1,2,7,6,6,3,5,4,4,5,3,1,2,2
119,1,25,1,1,1,21,2,1,1,1,4,2,3,4,3,4,3,2,3,4,2,5,3,4,3,2,4,3,2,4,3,4,3,2,5,4,5
120,2,29,1,3,1,17,1,2,1,3,4,2,2,3,5,3,2,3,3,3,3,3,1, ,2,5,6,6,2,3,3,3,3,1,1,3,2
121,1,29,1,7,1,16,2,7,1,22,5,2,2,2,2,2,2,1,1,1,1,3,1,1,2,1,1,2,1,1,1,1,2,1,1,6,5
122,1,26,1,1,1,25,2,1,1,1,4,2,2,2,4,1,2,2,3,4,4,4,3,2,3,4,5,5,3,2,2,2,2,3,5,6,4
123,2,56,1,4,1,17,1,3,1,8,5,2,2,2,3,2,4,3,2,2,2,2,4,2,2,4,5,6,3,3,2,2,3,2,2,2,2
124,1,34,1,6,1,16,2,6,1,15,4,2,3,4,3,3,4,3,4,5,3,3,2,2,5,6,5,6,4,4,3,3,3,2,2,4,3
125,2,24,1,5,1,16,1,20,1,4,3,2,2,2,7,2,7,6,6,7,7,7,4,4,4,7,7,7,5,1,2,2,4,4, ,4,4
126,2,29,1,2,1,20,1,2,2,2,4,2,3,2,3,5,3,2,3,3,3,6,2,2,3,3,2,3,2,5,5,2,3,3,5,6,5
127,1,43,1,1,1,22,2,4,1,30,3,2,3,4,4,4,4,4,5,6,4,5,1,1,1,6,6,6,1,2,4,4,2,5,4,6,4
128,1,71,1,3,2, ,2,1,1,4,3,2,2,2,2,2,5,2,1,1,2,6,1,1,1,1,2,2,1,1,1,1,2,2,6,6,6
129,1,32,1,3,1,25,2,1,1,20,4,2,2,3,4,3,5,3,3,2,3,3,2,1,2,2,3,3,2,2,4,3,3,4,2,4,4
130,2,38,1,2,1,26,1,1,1,5,3,2,2,3,6,3,6,4,5,4,5,4,2,2,2,3,4,4,3,3,3,3,4,3,2,3,2
131,2,35,1,2,1,24,1,2,1,0,2,2,3,4,6,3,7,4,5,4,3,3,1,1,2,5,7,6,2,4,4,6,6,1,1,4,2
132,1,45,1,8,1,17,2,7,1,7,4,2,3,3,3,3,4,1,1,3,3,4,1,1,1,4,6,6,2,1,4,2,7,4,1,1,1
133,1,29,2,10,1,17,2,11,0,0,5,2,2,2,2,2,3,3,3,4,3,2,4,2,2,7,7,7,3,3,2,1,2,2,1,2,1
134,2,44,1,2,1,29,1,1,1,1,3,2,3,2,1,2,3,3,2,1,4,5,2,1,2,3,2,3,3,2,1,3,4,3,6,5,6
135,1,31,1,2,1,17,2,1,1,18,5,2,2,2,6,2,2,3,4,2,2,1,1,1,3,6,7,5,1,1,3,4,5,3,2,3,2
136,1,34,1,2,1,28,2,1,1,10,2,2,1,2,1,2,1,2,1,2,2,5,2,4,3,2,2,2,2,5,3,3,2,5,5,4,7
137,1,29,1,1,1,18,2,1,1,1,3,2,1,2,4,3,1,3,1,2,3,7,2,2,1,3,2,2,3,3,4,2,3,3,5,7,7
138,1,27,1,2,1,20,2,2,1,1,5,2,2,2,2,2,2,2,2,2,2,6,2,2,2,6,7,7,1,2,2,2,2,2,1,3,2
139,1,30,1,1,1,25,2,1,1,10,4,2,3,3,3,2,4,1,1,2,1,6,1,1,2,2,4,3,1,2,2,1,2,4,2,4,2
140,2,38,1,5,1,18,1,5,1,12,4,2,2,2,2,2,5,3,4,4,4,2,2,2,1, ,6,6,2,1,2,3,3,2,2,3,1
141,1,40,1,8,1,21,2,5,1,10,4,2,2,2,6,3,5,5,4,4,2,2,1,1,2,3,5,5,2,2,3,2,4,3,3,3,4
142,1,62,1,12,1,14,2,7,1,2,3,2,3,3,6,3,6,2,2,2,3,2,4,1,2,6,4, ,3,4, ,4,4,3,1,2,1
143,1,25,1,2,1,19,2,1,1,3,3,2,2,3,5,3,4,4,6,6,4,6,3,2,2,4,2,3,2,2,4,3,4,3,5,5,5
144,1,30,1,5,1,14,2,10,1,12,3,2,3,3,6,4,5,5,5,6,3,5,1,1,1,7,6,5,3,2,4,4,3,4,1,3,2
145,1,25,1,8,1,18,2,7,1,1,4,2,5,4,3,4,5,3,5,4,3,4,2,3,4,5,3,3,2,2,4,3,5,3,6,4,5
146,1,35,1,1,1,20,2,1,1,1,4,2,2,2,2,2,2,2,2,2,2,2,2,2,2,6,6,6,2,2,2,2,2,2,2,4,2
147,1,46,1,7,1,15,2,35,1,12,3,2,2,2,3,2,5,3,5,5,5,6,1,3,2,5,6,6,2,2,1,3,4,2,3,7,2
148,1,34,1,45,1,11,2,95,12,40,4,2,2,2,2,2,3,6,6,6,3,4,7,6,4,6,7,7,4,4,2,1,2,1,1,1,1
149,1,37,1,6,1,17,2,8,1,1,4,2,4,2,6,6,6,2,2,3,5,1,1,1,1,7,7,7,3,1,7,7,7,4,4,6,6
150,1,45,1,2,1,24,2,2,1,2,3,2,2,2,3,3,3,5,5,3,3,6,2,2,2,2,2,2,2,2,2,3,4,2,2,6,4
151,1,45,1,1,1,25,2,1,1,10,4,2,2,2,2,2,2,3,2,2,2,2,1,1,2,5,5,5,2,2,2,4,7,2,1,2,1
152,2,61,1,25,1,17,1,12,1,7,3,2,2,2,3,2,4,3,4,5,3,2,4,1,2,6,7,7,2,2,3,2,6,3,1,5,1
153,2,21,1,2,1,14,1,8,1,1,4,2,2,2,5,3,3,7,7,7,7,7,1,1,1,7, ,7,4,7,4,4,7,1,1,1,1
154,2,32,1,5,1,16,1,5,1,7,4,2,2,2,2,2,2,2,2,2,2,6,2,2,2,2,2,2,2,2,2,2,2,2,6,6,6
155,2,26,1,8,1,15,1,30,1,4,2,2,6,6,6,6,6,3,4,3,3,5,4,2,2,4,5,3,1,1,7,3,6,3,2,5,1
156,2,26,1,5,1,17,1,6,1,15,4,2,3,3,5,2,4,3,3,5,5,5,3,3,5,7,7,7,3,4,3,2,3,2,2,5,5
157,2,31,1,1,1,21,1,1,1,1,4,2,2,2,2,2,2,2,2,3,2,2,2,2,4,5,5,4,3,3,3,4,3,3,2,4,4
158,2,42,1,12,1,15,1,12,1,4,3,2,2,3,3,2,4,3,3,3,3,5,3,2,3,3,3,3,3,3,3,2,3,3,3,3,3
159,2,48,1,5,1,18,1,5,1,3,3,2,3,3,3,3,7,1,1,5,3,2,1,1,7,7,7,7,2,2,3,3,3,3,1,1,3
160,2,35,1,12,1,15,1,12,1,3,4,2,2,3,4,2,6,5,2,4,3,2,4,2,6,6,5,6,4,4,4,2,4,5,2,2,2
161,2,32,1,7,1,15,1,25,1,5,4,2,2,2,4,2,2,6,5,4,3,4,1,1,1,6,6,4,2,2,2,3,3,1,1,1,5
162,2,28,1,5,1,12,1,23,1,5,3,2,1,2,1,1,4,3,6,4,5,7,1,1,1,4,7,3,1,1,2,2,2,1,1,6,4
163,1,60,1,40,1,15,2,35,1,10,2,2,2,3,3,2,1,3,4,4,3,4,4,1,1,4,7,4,2,2,2,1,2,1,1,4,1
164,1,28,1,12,1,16,2,8,1,21,3,2,2,2,3,3,3,4,5,5,3,6,2,2,2,5,4,5,4,3,3,3,4,3,3,4,3
165,2,41,1,6,1,17,1,5,1,1,4,2,7,6,1,7,3,4,4,1,6,2,5,2,2,6,2,1,2,2,5,6,2,4,7,3,7
166,1,22,1,1,1,19,2,2,1,6,4,2,3,2,2,2,3,5,3,4,5,5,7,7,6,7,7,7,2,1,2,2,3,4,2,5,1
167,2,34,1,4,1,18,1,3,1,15,4,2,2,2,5,2,3,5,6,6,6,6,7,7,5,3,5,3,2,2,2,3,3,6,2,6,5
168,2,31,1,6,1,14,1,21,1,4,4,2,3,3,5,3,3,6,7,7,6,1,1,1,2,7,7,7,3,5,5,3,7,1,1,5,3
169,2,45,1,6,1,16,1,10,1,1,3,2,2,2,4,2,2,3,3,4,2,3,1,1,1,7,7,7,1,1,1,1,4,2,2,5,1
170,2,33,1,15,1,18,1,12,1,3,4,2,2,2,2,2,3,5,6,4,5,6,1,1,1,7,7,7,2,4,4,2,4,2,1,2,2
171,2,32,1,12,1,17,1,25,3,5,4,2,2,2,2,2,2,6,5,5,2,2,1,2,2,6,4,6,2,2,2,2,2,3,2,6,3
172,1,33,1,4,1,18,2,25,1,15,4,2,2,2,2,2,4,3,1,2,2,3,2,2,2,5,5,4,2,2,2,3,2,2,2,3,3
173,1,31,1,6,1,16,2,7,1,18,4,2,2,2,3,2,3,5,5,5,5,4,5,2,4,5,5,4,3,3,3,2,3,3,3,4,4
174,1,40,1,4,1,20,2,5,1,1,3,2,2,3,4,3,4,4,4,4,3,3,2,3,3,4,5,4,2,3,3,3,3,3,2,3,3
175,1,39,1,3,1,14,2,6,2,3,3,2,2,2,3,2,4,3,3,3,3,3,2,2,2,2,2,2,2,2,2,2,3,3,5,6,6
176,2,37,2,8,2, ,1,15,3,0,3,2,2,2,3,3,5,1,2,2,2,6,2,2,2,2,2,2,2,1,2,3,2,2,5,5,6
177,1,25,1,4,1,17,2,4,1,6,4,2,2,3,4,3,4,4,4,4,5,4,6,5,5,5,5,5,4,3,5,4,5,3,3,5,3
178,2,26,1,4,1,15,1,1,0,0,4,2,3,3,3,2,4,3,4,2,3,3,5,3,2,4,4,5,3,2,4,2,3,4,5,4,5
179,1,50,1,3,1,18,2,3,1,3,3,2,2,2,2,2,2,3,3,3,2,4,3,1,2,2,2,2,2,2,2,2,2,2,6,6,6
180,1,36,1,8,1,16,2,16,1,2,3,2,2,2,2,2,2,3,2,4,4,4,1,1,4,7,7,7,4,4,2,2,4,2,1,1,1
181,1,27,1,3,1,18,2,2,2,4,5,2,1,2,1,2,1,2,2,2,2,5,1,2,2,3,2,1,2,2,2,1,3,2,7,7,6
182,2,31,1,3,1,17,1,3,1,4,5,2,2,3,5,2,5,3,4,4,4,3,1,1,4,6,6,6,2,2,3,3,5,4,2,2,1
183,2,33,1,5,1,14,1,3,1,4,3,2,2,2,3,2,2,4,3,5,5,6,2,2,2,6,6,4,2,2,2,4,5,2,1,2,4
184,2,66,1,1,1,20,1,2,1,2,2,2,4,6,6,6,6,4,4,6,6,7,1,1,1,7,7,7,7,7,7,4,4,6,1,1,1
185,1,25,1,2,1,18,2,2,2,1,4,2,2,4,2,2,3,3,1,2,2,5,2,2,2,3,3,3,2,2,2,2,3,2,5,5,5
186,2,31,1,4,1,15,1,35,1,30,3,2,2,2,2,2,2,4,4,4,4,6,1,1,1,6,6,6,1,2,3,3,3,3,2,2,2
187,2,33,1,4,1,15,1,8,1,1,4,2,2,5,4,2,1,6,7,5,7,5,2,2,1,6,6,6,2,2,4,1,6,2,2,5,2
188,1,28,2,3,1,27,2,1,1,0,5,2,2,4,4,4,6,3,1,4,2,2,1,1,1,2,4,4,3,4,4,4,4,4,2,4,3
189,1,31,1, ,1, ,2,2,2,3,3,2,1,2,1,2,1,2,1,2,2,7,2,1,2,1,2,1,2,1,2,1,2,1,6,7,6
190,2,32,1,2,1,23,1,2,1,1,4,2,2,3,6,3,3,5,6,7,7,1,2,1,1,4,4,4,3,1,1,2,7,7,1,5,2
191,2,44,1,3,1,19,1,3,1,0,4,2,1,3,2,2,1,3,2,2,2,2,1,1,4,6,7,7,1,1,2,2,4,2,1,3,4
192,2,31,1,2,1,23,1,5,1,1,3,2,2,2,2,2,2,6,6,6,6,6,6,6,6,6,6,6,2,2,2,2,6,6,2,2,2
193,2,41,1,5,1,19,1,2,1,0,5,2,2,2,3,2,2,1,3,3,4,3,7,1,5,5,7,7,2,2,2,2,4,1,1,3,5
194,1,27,1,2,1,19,2,4,1,3,3,2,3,4,4,3,5,5,4,4,4,4,3,4,6,4,4,3,4,3,4,5,4,3,4,3,5
195,1,32,1,10,1,16,2,18,1,15,5,2,2,2,2,2,4,4,5,5,5,6,6,2,2,4,4,4,2,2,2,2,4,4,2,2,2
196,1,27,1,6,1,16,2,2,1,5,3,2,4,5,7,2,7,6,7,7,3,4,4,5,3,5,4,4,5,3,3,4,4,5,4,3,2
197,1,28,2,7,1,17,2,15,2,4,3,2,2,2,2,2,4,2,2,2,2,2, ,2,6,6,6,6,2,2,2,4,4,2,2,4,2
198,2,67,2,20,1,19,1,5,0,0,3,2,2,2,4,2,4,6,3,6,4,2,1,1,2,7,7,6,4,4,5,2,6,2,1,1,1
199,2,26,1,2,1,19,1,2,1,25,4,2,2,5,7,2,4,6,6,6,4,6,4,3,6,7,7,6,2,3,3,4,4,3,4,5,5
200,1,39,2,3,2, ,2,0,0,0,4,2,2,3,6,2,6,7,7,6,6,6,7,2,5,6,6,5,1,2,3,4,6,3,2,6,2
201,2,53,1,1,1,21,1,1,1,5,3,2,3,4,6,2,6,5,5,5,6,6,1,1,2,6,6,6,2,2,5,4,6,6,2,1,2
202,1,39,1,3,1,16,2,7,2,6,3,2,2,2,2,2,4,3,2,2,2,2,2,2,2,2,3,3,2,2,2,2,4,2,4,2,6
203,1,53,2,7,1,16,2,7,0,0,3,2,3,5,6,4,7,5,5,6,5,3,7,5,7,7,7,7,1,1,6,3,7,5,1,1,1
204,1,30,2,1,1,28,2,1,0,0,3,2,2,5,7,6,7,7,7,7,7,7,7,7,7,7,7,7,2,2,5,7,7,7,6,3,1
205,1,33,1,8,1,9,2,6,1,3,4,2,3,5,4,3,4,3,4,4,5,4,2,1,4,3,4,5,5,2,4,3,4,3,2,2,2
206,2,50,1,5,1,16,1,6,1,4,2,2,2,2,4,2,3,5,5,4,4,4,1,1,1,7,7,7,2,2,4,2,7,2,6,4,2
207,2,28,1,2,1,21,1,2,1,20,5,2,2,2,2,2,3,3,3,2,3,2,1,1,1,4,2,5,2, ,2,2,2,2,3,6,3
208,2,37,1,37,1,21,1,3,1,1,4,2,2,2,2,2,6,2,2,2,2,2,1,1,1,2,3,3,2,2,2,2,2,2,2,4,4
209,1,51,1,10,1,18,2,10,1,2,3,2,4,3,4,4,7,6,7,7,7,7,3,3,2,6,6,7,6,6,4,6,7,1,2,5,1
210,2,36,1,3,1,18,1,2,1,1,5,2,2,2,2,2,2,2,2,2,2,4,4,3,2,4,4,4,2,2,2,2,4,2,2,4,4
211,1,36,1,3,1,21,2,4,1,1,4,2,4,3,3,4,3,3,4,3,2,4,4,3,3,4,3,4,3,2,3,4,3,4,5,5,6
212,1,46,2,10,1,15,2,100,5,7,4,2,2,2,2,2,3,5,5,5,5,5,3,3,3,6,6,6,2,2,2,3,3,3,3,5,2
213,1,57,1,6,1,18,2,10,0,0,2,3,3,4,6,4,3,3,3,4,4,2,7,6,7,7,6,7,2,2,6,4,7,5,2,6,6
214,1,38,2,10,1,15,2,15,2,6,4,3,3,3,4,2,6,4,5,4,3,2,6,4,6,6,6,7,4,3,4,4,3,2,1,4,1
215,2,39,1,30,1,17,1,30,1,20,4,3,3,3,3,3,1,3,3,3,3,1,1,1,3,5,6,6,2,1,5,2,5,2,3,3,3
216,1,36,1,8,1,12,2,6,1,6,2,3,2,3,4,3,3,5,6,6,5,5,3,2,3,2,2,3,1,3,3,3,2,5,2,7,5
217,1,25,1,4,1,19,2,2,1,5,4,3,3,4,7,3,7,7,7,4,7,5,3,1,7,7,7,7,3,3,4,3,7,2,1,2,1
218,2,38,1,6,1,17,1,6,1,13,3,3,6,6,7,6,7,3,3,5,6,6,1,1,1,5,6,3,3,3,6,3,7,6,5,1,5
219,2,56,2,20,1,15,1,25,0,0,3,3,5,5,5,4,4,4,5,4,3,5,1,1,4,5,5,5,2,3,4,3,6,2,2,2,2
220,2,35,1,20,1,17,1,40,1,1,4,3,4,3,2,3,5,2,3,3,3,4,6,6,5,2,2,2,1,1,3,4,1,5,7,7,7
221,1,32,2,5,1,15,2,4,1,0,4,3,3,6,4,3,4,3,3,6,4,6,2,1,4,6,6,6,4,4,4,4,6,6,2,4,2
222,1,45,1,16,1,17,2,16,1,0,3,3,2,2,6,3,5,5,3,3,3,3,7,2,7,5,7,7,4,3,3,3,4,6,2,2,2
223,2,27,2,5,1,21,1,1,1,6,4,3,4,4,3,4,3,4,2,2,4,5,4,3,2,2,3,2,1,4,3,2,2,2,5,6,5
224,2,48,1,5,1,28,1,5,1,4,4,3,3,5,6,3,7,6,6,7,5,2,2,1,1,6,7,7,3,3,6,2,7,5,1,1,2
225,1,25,1,4,1,19,2,2,1,2,5,3,2,4,3,3,2,4,2,3,3,4,3,2,2,3,2,3,2,3,2,2,2,2,5,6,6
226,2,49,2,6,1,15,1,12,2,1,3,3,3,4,3,3,3,3,6,5,4,3,4,4,4,4,6,6,3,3,4,4,4,3,1,1,1
227,2,41,1,4,1,21,1,2,1,0,3,3,4,4,4,4,6,3,4,4,5,5,2,2,2,4,4,4,3,3,4,3,5,3,3,4,4
228,2,41,2,6,1,17,1,5,1,2,5,3,2,2,2,2,4,5,3,4,2,4,4,2,5,5,4,4,2,2,4,2,3,3,2,3,5
229,1,76,2,4,1,14,2,20,0,0,4,3,3,5,5,3,5,5,5,5,5,3,1,1,1,7,7,7,1,1,1,1,1,1,1,3,1
230,2,41,1,5,1,19,1,1,1,4,3,3,2,3,3,2,4,3,6,6,3,2,1,1,6,7,7,7,2,2,4,2,6,3,1,5,3
231,2,41,2,6,1,15,1,65,1,0,4,3,2,2,1,3,1,7,7,7,7,6,7,7,7,7,7,7,2,1,3,4,5,2,1,1,1
232,1,38,1,5,1,21,2,5,1,1,3,3,3,3,5,3,5,3,3,3,3,2,2,2,2,3,4,4,3,3,3,3,3,3,2,5,2
233,1,51,1,15,1,15,2,20,1,6,4,3,3,3,4,3,5,4,4,4,3,3,2,2,2,5,5,5,2,2,3,2,3,3,3,4,3
234,1,35,1,6,1,16,2,12,1,2,5,3,2,3,5,3,7,3,3,2,3,3,1,1,1,4,3,4,1,1,2,3,3,4,3,6,3
235,2,29,1,2,1,19,1,2,1,5,5,3,1,2,3,2,1,2,2,1,1,6,3,2,2,1,2,3,1,2,2,3,2,1,6,7,6
236,2,33,1,13,1,15,1,10,1,8,2,3,5,5,6,6,7,3,5,6,7,3,1,2,2,7,7,7,1,1,7,3,7,3,1,6,1
237,2,58,1,3,1,18,1, ,0,2,2,3,3,3,4,3,7,6,7,7,7,7,7,1,4,7,7,7,3,7,3,1,1,1,5,1,1
238,1,40,1,15,1,20,2,12,1,3,5,3,3,3,3,3,3,3,1,2,2,2,1,2,3,6,7,7,2,2,4,6,4,4,1,3,3
239,1,53,1,1,1,19,2,1,1,5,2,3,6,6,7,6,7,5,5,5,7,5,1,3,4,7,7,7,3,3,7,4,7,5,1,4,1
240,1,35,1,10,1,15,2,12,1,8,2,3,3,4,3,4,7,3,2,4,3,1,1,2,4,7,7,7,1,1,6,3,6,4,1,1,1
241,2,31,1,1,1,17,1,1,1,0,2,3,4,5,6,4,5,7,7,7,6,6,1,2,3,7,7,7,2,3,6,4,7,3,1,5,5
242,2,59,1,5,1,16,1,4,1,1,4,3,5,5,6,6,7,3,2,5,5,3,1,2,2,6,6,6,4,4,7,4,7,5,3,2,2
243,1,22,2,9,1,14,2,4,0,0,2,3,2,3,4,4,5,3,4,5,5,3,2,3,2,6,6,5,1,1,4,3,3,3,3,3,2
244,1,28,1,3,1,17,2,4,1,0,3,3,5,2,2,5,6,4,4,3,6,3,5,1,4,2,2, ,4,4,2,3,5,5,6,5,1
245,1,32,1,3,1,21,2,1,1,7,3,3,5,5,2,5,1,3,3,5,5,6,7,7,7,1,1,3,7,7,5,5,3,5,6,2,5
246,1,59,2,9,1,16,2,14,1,0,4,3,3,4,5,4,6,4,4,4,4,5,1,2,2,6,6,6,3,3,5,4,3,4,2,5,2
247,2,27,1,2,1,22,1,2,1,9,4,3,3,2,3,2,4,3,4,4,4,4,3,3,3,5,5,5,5,4,3,3,3,3,4,4,4
248,1,34,1,10,1,17,2,15,1,8,3,3,3,4,5,4,4,3,3,3,3,4,1,2,3,6,6,4,1,1,4,3,4,2,1,6,2
249,2,63,1,5,1,20,1,1,1,2,4,3,3,3,7,4,6,5,3,4,3,2,1,1,4,6,6,7,3,4,4,4,7,2,1,1,4
250,1,70,2,23,1,18,2,12,0,0,3,3,2,3,5,4,5,4,3,2,5,6,1,1,2,4,5,5,1,1,3,5,6,3,2,6,1
251,1,26,1,3,2, ,2,2,1,0,5,3,2,2,3,2,2,2,2,3,3,4,2,2,1,4,4,4,3,2,2,2,1,4,5,6,4
252,2,50,1,2,1,19,1,2,1,4,3,3,3,5,7,4,7,7,7,7,7,7,4,4,3,7,3,7,3,6,6,7,7,5,1,2,6
253,2,28,1,1,1,16,1,1,1,3,3,3,3,4,6,4,7,7,7,7,7,5,1,1,4,6,7,7,4,4,3,2,7,4,1,1,1
254,1,27,1,1,1,22,2,1,1,3,4,3,4,4,2,3,3,4,2,3,3,5,4,5,2,4,3,3,4,3,2,2,3,4,5,4,6
255,2,39,1,5,1,18,1,5,1,6,4,3,2,4,5,2,3,3,2,5,3,3,2,1,2,6,6,7,3,3,5,3,5,3,2,3,2
256,1,22,1,3,2, ,2,1,3,3,4,3,4,4,3,5,6,6,4,5,4,3,5,6,5,4,3,4,5,3,5,4,3,2,4,4,3
257,2,42,1,5,1,17,1,8,1,1,3,3,4,4,4,4,3,2,2,4,3,2,3,3,4,6,6,6,3,3,4,3,4,1,1,1,1
258,1,26,1,1,2, ,2,1,1,3,3,3,2,5,4,6,2,4,5,3,4,6,1,2,6,3,4,2,3,2,3,1,6,4,1,6,4
259,1,29,1,1,1,20,2,1,1,6,5,3,3,3,4,4,3,2,4,4,4,5,3,2,3,4,4,5,4,3,2,3,4,3,5,6,4
260,1,39,1,5,1,23,2,2,1,10,3,3,5,4,6,3,7,3,3,3,2,2,1,2,3,6,6,6,2,1,5,6,6,6,2,6,3
261,2,54,1,25,1,18,1,10,1,6,3,3,3,3,4,2,4,3,2,2,2,2,3,2,4,6,6,6,1,2,2,2,4,2,2,3,3
262,1,25,1,6,1,16,2,6,1,8,5,3,3,3,4,5,5,5,6,6,6,3,2,2,6,6,6,6,6,6,7, ,6,2,3,2,2
263,2,33,1,5,1,19,1,5,1,11,3,3,6,5,5,3,3,3,2,2,4,3,7,7,7,7,4,3,5,2,4,3,2,3,6,5,6
264,2,30,1,10,1,17,1,25,2,10,3,3,4,4,6,4,6,6,6,6,6,5,4,2,3,6,6,6,3,3,6,5,6,5,2,2,2
265,1,30,1,2,1,24,2,2,2,2,4,3,2,3,2,2,2,2,1,2,2,6,2,3,2,2,1,2,2,1,1,1,2,2,3,6,2
266,1,32,1,5,1,21,2,4,1,4,2,3,4,5,6,4,6,6,4,5,5,6,2,1,1,6,6,7,1,1,6,4,5,3,1,6,1
267,1,31,1,1,2, ,2,1,1,0,4,3,2,5,3,4,3,3,3,2,2,4,3,3,2,3,4,3,2,3,2,3,3,4,5,6,5
268,2,25,1,1,1,21,1,1,1,1,4,3,1,1,7,3,7,2,1,2,1,6,3,3,2,3,4,3,3,2,3,2,3,3,1,4,6
269,1,30,1,5,1,23,2,1,1,8,4,3,3,3,6,3,7,5,4,4,4,4,2,1,2,4,5,6,3,3,4,3,4,4,4,3,3
270,2,45,1,5,1,17,1,2,1,6,4,3,3,3,4,3,4,3,6,6,3,7,1,1,1,7,7,7,1,1,3,4,4,4,1,1,1
271,2,47,1,10,1,16,1,20,2,25,4,3,3,3,3,3,3,1,3,3,7,1,7,7,7,7,7,7,7,7,7,7,7,7,1,1,1
272,2,47,1,4,1,13,1,80,1,3,4,3,2,2,2,2,2,6,6,4,6,6,7,7,7,7,7,7,2,3,3,4,6,2,2,2,2
273,2,25,1,2,1,16,1,15,1,1,4,3,3,3,3,3,3,2,2,4,1,1,1,1,3,6,6,6,1,1,5,3,2,2,3,4,3
274,1,62,1,10,1,18,2,4,1,4,3,3,6,6,6,6,6,3,5,6,6,2,2,2,2,6,6,6,3,3,6,3,6,6,2,2,2
275,1,53,1,10,1,17,2,4,1,1,4,3,3,2,1,2,1,1,1,1,1,6,1,1,4,1,2,5,5,5,4,4,4,5,5,2,6
276,2,32,1,5,1,19,1,5,1,6,5,3,4,7,7,5,7,7,6,7,7,6,1,1,2,6,7,7,3,3,6,4,7,3,1,1,1
277,2,41,1,7,1,26,1,2,1,0,4,3,4,5,1,5,1,7,7,6,2,7,7,7,5,1,1,1,4,4,2,4,1,4,7,7,7
278,2,56,1,4,1,27,1,3,1,2,4,3,4,6,4,5,6,5,5,6,6,6,6,6,3,2,2,5,6,6,3,4,6,3,4,2,2
279,2,34,1,5,1,15,1,3,1,1,4,3,3,5,2,2,6,3,6,6,2,6,2,3,3,3,2,3,3,2,2,2,3,3,5,5,5
280,1,33,1,4,1,16,2,2,1,10,5,3,2,4,3,2,2,3,3,2,4,6,3,4,2,3,1,2,2,3,1,3,1,1,4,5,4
281,2,55,1,11,1,17,1,11,1,3,3,3,4,5,6,4,7,3,3,5,5,3,1,1,3,7,7,7,2,5,6,2,7,2,1,1,4
282,2,32,1,11,1,18,1,11,1,8,4,3,4,3,5,3,4,6,6,6,6,6,7,4,7,7,7,7,1,1,3,4,7,5,2,4,3
283,1,42,1,2,1,28,2,1,1,3,2,3,6,4,5,3,3,6,4,3,2,4,3,5,3,4,2,3,5,3,3,4,5,4,6,5,3
284,1,44,1,0,2, ,2,1,1,0,4,3,4,3,2,3,4,5,4,4,4,5,4,5,3,3,4,5,4,4,5,4,3,3,3,2,3
285,1,39,1,3,1,15,2,5,1,17,3,3,3,3,3,2,4,3,3,3,3,5,2,3,3,3,3,2,2,3,2,2,4,2,4,4,4
286,2,29,1,2,1,21,1,2,2,0,5,3,5,2,4,3,2,4,3,4,4,6,3,1,3,4,3,2,3,2,1,3,5,6,5,5,4
287,2,30,1,4,1,18,1,10,1,2,3,3,3,3,3,3,5,3,3,3,2,5,2,2,2,3,2,2,3,3,3,2,3,2,6,6,6
288,2,32,1,10,1,19,1,8,1,0,4,3,4,4,2,2,3,5,5,5,5,5,2,3,4,6,7,7,4,4,3,4,5,3,2,3,4
289,2,34,1,3,1,14,1,4,1,0,3,3,2,5,7,5,5,2,1,4,6,1,7,4,6,7,7,7,3,3,6,4,7,6,1,1,1
290,1,34,1,3,1,22,2,8,1,2,4,3,3,4,5,2,5,4,6,5,5,4,2,1,4,3,4,3,2,1,3,2,4,4,4,6,5
291,1,32,1,1,1,26,2,1,1,35,3,3,2,2,2,2,2,2,2,2,1,2,6,2,2,2,2,2,1,2,2,2,6,3,6,5,6
292,2,40,1,10,1,16,1,8,1,3,1,3,3,4,4,3,5,2,2,4,3,5,2,2,3,5,5,6,3,3,3,4,3,2,6,3,3
293,1,56,1,20,1,18,2,30,1,10,1,3,3,5,5,3,5,5,5,5,5,5,2,2,3,5,5,5,4,4,5,5,5,5,3,3,3
294,1,30,3,1,2, ,2,0,0,0,4,3,3,5,7,7,7,7,5,4,4,3,4,3,7,5,4,5,5,7,7,7,7,5,3,1,1
295,1,28,1,2,2, ,2,0,0,0,4,3,3,4,6,3,5,5,3,4,4,4,4,3,5,4,3,4,5,4,3,4,5,4,5,4,4
296,2,47,1,7,1,17,1,7,1,4,3,3,3,3,3,3,7,7,7,7,7,7,1,3,1,7,7,7,2,2,3,2,7,5,1,1,5
297,1,28,1,2,1,19,2,2,1,0,4,3,2,2,2,2,3, ,1,3,2,3,3,2,3,5,6,7,3,3,3,2,3,4,2,4,3
298,2,36,2,7,1,12,1,7,0,0,3,3,2,2,2,2,2,3,4,4,5,3,4,3,6,6,6,6,3,3,3,2,3,2,1,3,3
299,1,31,1,12,1,14,2,10,1,5,4,3,3,3,3,3,5,5,5,5,5,2,7,3,6,7,7,7,2,2,3,5,2,2,2,5,2
300,2,34,1,2,1,18,1,4,1,5,4,3,3,3,3,3,5,3,6,5,5,5,1,1,1,7,7,7,3,2,3,5,7,4,1,2,6
301,1,21,1,1,1,21,2,1,1,4,3,3,4,7,7,4,7,3,1,4,4,6,1,2,2,7,7,7,1,1,4,4,7,7,1,1,4
302,2,44,1,15,1,16,1,12,1,12,3,3,6,5,6,6,6,6,6,6,6,6,2,2,2,6,6,6,2,2,6,3,5,3,2,2,6
303,1,30,1,5,1,17,2,5,1,15,3,3,2,6,5,2,6,5,5,5,4,5,1,2,2,4,3,4,3,2,5,4,3,4,2,3,4
304,1,42,1,5,1,15,2,20,1,12,4,3,3,4,4,3,4,4,4,4,3,5,2,2,2,6,6,6,2,2,4,3,4,3,2,2,2
305,2,62,2,4,1,17,1,12,0,0,2,3,3,3,5,3,7,5,6,7,7,7,4,4,4,7,7,7,1,1,4,3,6,3,1,6,1
306,2,31,1,2,1,27,1,1,1,1,3,3,2,3,7,4,7,4,3,5,5,4,2,2,6,5,2,3,3,4,3,4,3,4,6,3,4
307,1,28,1,2,1,25,2,2,2,2,4,3,4,6,3,3,5,3,5,3,2,6,2,2,2,2,2,2,2,3,2,2,4,2,6,6,6
308,1,23,1,2,1,22,2,1,1,0,5,3,2,5,3,3,4,5,3,4,4,3,3,1,1,1,1,1,1,3,2,2,3,2,3,5,6
309,1,31,1, ,1,25,2,2,1,2,5,3,3,4,3,3,2,3,3,3,3,1,2,2,2,5,5,5,2,3,3,2,4,3,2,4,3
310,1,31,1,1,1,30,2,1,1,3,2,3,4,4,4,4,3,4,4,5,4,4,3,2,2,4,4,5,2,2,3,4,4,5,4,4,5
311,1,33,2,4,1,17,2,5,1,0,2,3,3,4,3,3,5,4,5,5,3,4,4,3,4,6,7,7,3,4,5,2,4,2,2,4,2
312,1,30,1,15,1,14,2,25,1,15,3,3,5,6,5,4,5,7,6,7,7,4,2,2,2,6,7,4,2,2,6,3,5,3,6,7,3
313,1,32,1,7,1,27,2,1,1,3,3,3,4,2,5,4,2,4,5,4,3,6,1,1,2,5,6,6,5,6,3,4,6,4,1,2,2
314,1,36,1,4,1,21,2,4,1,12,3,3,2,2,4,3,5,4,5,5,4,4,2,2,3,5,5,5,3,3,4,3,5,6,3,4,2
315,1,27,1,2,1,25,2,1,1,0,3,3,5,4,2,6,4,5,2,3,3,6,6,4,5,4,2,4,3,5,3,4,2,6,4,3,6
316,2,40,1,7,1,14,1,6,1,5,4,3,3,3,5,3,7,7,3,3,3,2,1,1,1,7,7,7,1,1,7,3,7,3,1,1,1
317,2,28,1,1,2, ,1,0,0,0,4,3,3,2,2,3,3,2,2,3,3,6,3,2,2,3,3,2,2,3,2,2,3,3,6,5,5
318,2,29,1,8,1,19,1,1,1,5,4,3,3,3,3,2,3,3,3,3,3,3,2,2,3,3,5,2,2,2,3,3,3,3,2,3,3
319,2,36,2,2,1,17,1,4,0,0,3,3,3,3,3,3,3,3,4,4,4,6,7,4,7,7,7,7,2,3,3,3,3,2,2,4,4
320,2,30,1,15,1,14,1,15,1,0,3,3,3,2,3,2,7,5,6,6,6,5,3,3,7,7,7,7,7,3,3,3,2,1,1,5,1
321,2,32,1,8,1,15,1,12,1,4,3,3,3,3,3,3,2,3,3,3,2,2,4,3,4,6,6,7,1,2,3,2,2,2,1,6,3
322,2,51,2,10,1,13,1,8,1,5,2,3,5,5,3,3,2,6,6,7,6,7,2,2,1,7,4,6,1,1,6,3,6,6,5,6,3
323,2,29,1,7,1,16,1,5,1,5,4,3,5,3,3,4,4,5,5,5,5,5,3,2,2,6,6,6,2,2,3,3,3,5,5,5,5
324,2,41,1,8,1,13,1,9,1,0,1,3,6,5,6,3,7,7,7,7,7,7,1,3,1,7,7,7,1,1,6,3,7,6,4,4,3
325,1,28,2,2,1,19,2,2,0,0,3,3,5,5,3,4,4,5,5,3,3,3,5,4,4,3,5,3,4,5,4,4,1,5,7,4,4
326,1,23,1,1,1,22,2,1,1,0,5,3,2,3,3,3,5,2,1,3,3,2,1,1,3,2,6,5,2,2,3,2,3,5,2,2,1
327,2,37,1,10,1,16,1,5,1,4,3,3,3,5,3,3,1,5,3,4,3,2,1,3,4,7,7,7,1,1,4,3,4,3,1,2,1
328,1,30,1,3,1,18,2,6,2,1,3,3,5,4,5,4,3,4,4,3,5,4,3,4,3,4,4,3,3,5,3,4,4,3,4,5,4
329,1,19,2,0,2, ,2,0,0,0,4,3,6,6,6,6,6,6,6,6,6,6,2,2,2,6,6,6,2,2,5,6,2,6,2,6,6
330,2,39,1,10,1,22,1,2,1,4,5,3,3,3,7,4,7,2,1,5,7,3,1,1,3,7,7, ,4,4,4,3,7,1,1,1,1
331,1,35,1,1,1,20,2,1,1,1,3,3,3,3,2,2,4,3,1,3,2,4,2,2,2,2,2,2,2,2,2,1,2,2,2,4,4
332,2,45,1,11,1,15,1,10,1,5,3,3,4,4,3,3,6,5,5,6,4,5,1,1,1,7,7,7,3,3,3,2,3,3,2,4,3
333,1,48,1,5,1,14,2,17,1,0,3,3,3,4,4,3,5,3,2,4,4,5,4,2,2,6,7,7,2,3,4,3,3,3,5,6,2
334,2,36,1,2,1,29,1,1,1,1,3,3,2,4,5,3,7,3,3,4,3,3,3,2,4,6,6,7,3,4,3,3,5,4,2,3,3
335,2,29,2,4,1,17,1,8,0,0,4,3,4,5,4,4,4,4,4,4,3,5,4,4,4,5,4,4,3,3,4,4,4,5, ,5,3
336,2,38,1,6,1,17,1,9,1,12,4,3,3,3,3,3,3,5,6,4,3,2,1,2,2,6,5,6,2,1,3,3,3,2,2,2,4
337,1,32,1,5,1,16,2,20,1,20,4,3,1,2,2,3,2,1,2,3,2,2,4,5,4,7,6,7,4,2,3,4,4,6,2,4,2
338,2,53,1,10,1,18,1,8,0,0,4,3,3,4,5,3,4,5,5,5,6,5,6,3,4,6,7,5,2,2,5,3,6,2,1,2,3
339,2,42,1,7,1,19,1,4,1,20,3,3,3,3,4,3,3,4,5,5,5,3,2,2,4,7,7,7,2,2,4,1,4,1,4,4,4
340,1,23,2,7,1,16,2,10,2,0,2,3,6,6,6,6,7,5,3,4,3,3,4,2,3,7,6,7,3,3,6,4,5,4,1,2,3
341,1,20,2,1,1,19,2,1,1,0,3,3,3,3,7,4,7,4,4,6,7,7,1,1,1,4,3,2,1,1,2,3,2,6,7,7,5
342,1,73,1,20,1,10,2,10,1,0,1,3,3,3,2,2,3,2,5,6,4,6,3,2,2,6,6,6,2,2,6,5,5,2,2,6,2
343,1,30,1,3,1,16,2,4,1,4,3,3,3,3,5,3,5,6,7,4,5,2,2,4,3,6,7,6,2,3,5,3,5,3,3,2,3
344,1,30,1,5,1,18,2,10,1,10,4,3,3,3,3,3,6,3,3,3,3,2,4,2,3,3,4,4,2,2,3,3,4,3,2,2,2
345,1,29,1,3,1,18,2,3,1,1,4,3, ,3,4,4,4,3,3,3,3,3,2,2,3,4,4,4,3,3,3,3,4,3,3,3,3
346,1,23,1,3,1,17,2,25,1,4,4,3,4,3,2,4,3,2,4,5,3,4,5,4,2,3,4,5,4,2,4,2,4,3,3,4,5
347,2,21,1,5,1,19,1,2,1,12,3,3,3,4,4,3,4,5,4,3,5,6,5,3,4,6,2,4,4,3,3,4,3,4,5,4,4
348,2,42,1,4,1,17,1,3,1,2,3,3,3,3,3,3,6,5,5,4,5,5,1,2,2,6,5,4,3,3,3,3,3,6,1,2,1
349,1,33,1,1,1,30,2,1,1,8,3,3,2,1,3,2,6,5,4,7,1,2,1,2,3,7,6,5,4,2,3,4,1,6,3,4,1
350,1,28,1,1,1,26,2,1,1,7,4,3,3,4,6,3,7,4,2,3,4,2,3,2,4,3,4,3,3,3,3,4,7,4,1,1,1
351,2,32,2,4,1,16,1,10,1,0,4,3,2,2,2,2,2,5,5,5,6,6,1,1,1,6,6,6,2,2,2,2,4,2,2,2,2
352,1,41,2,7,1,17,2,8,1,5,4,3,3,4,3,3,3,5,2,2,3,2,2,2,3,6,5,6,2,3,3,5,6,2,2,3,2
353,1,43,1,8,1,18,2,4,1,24,3,3,3,3,3,3,6,6,6,6,4,2,1,3,3,6,6,6,2,2,5,2,7,3,1,1,1
354,2,39,1,3,1,19,1,2,1,8,3,3,4,4,7,4,7,2,3,3,5,7,1,1,1,2,7,2,1,2,4,7,7,5,1,6,1
355,1,56,1,5,1,18,2,10,0,0,2,3,3,3,2,3,4,3,3,4,5,2,7,7,7,7,7,7,3,2,6,4,6,5,1,6,6
356,2,27,1,7,1,20,1,7,1,0,4,3,3,3,2,3,4,5,5,5,5,5,2,2,2,3,4,3,3,2,2,2,4,5,4,5,5
357,1,66,1,20,1,18,2,60,1,4,4,3,4,3,5,4,6,2,2,3,3,3,2,2,2,1,1,1,6,2,5,3,5,5,4,6,2
358,1,57,1,17,1,17,2,25,1,3,4,3,3,4,4,3,4,3,3,3,3,3,4,4,4,6,6,6,2,2,4,3,3,2,2,4,3
359,2,40,2,3,1,14,1,4,0,0,3,3,4,4,4,4,5,7,7,7,6,4,1,4,4,7,7,7,1,2,4,2,5,4,1,6,1
360,2,39,1,10,1,22,1,2,1,4,5,3,5,5,7,5,7,3,3,6,3,6,1,1,7,7,7,7,4,4,6,3,7,3,1,1,1
361,1,70,1,2,1,19,2,2,0,0,4,3,6,6,7,6,7,4,4,4,5,6,1,3,4,5,5,5,4,4,6,4,7,6,1,4,4
362,2,35,1,7,1,17,1,4,1,15,5,3,2,1,2,3,1,2,1,2,2,7,4,2,1,2,1,2,1,2,3,2,1,2,7,6,4
363,2,47,2,4,1,29,1,6,6,0,4,3,3,6,6,3,7,6,7,7,3,6,1,1,1,7,7,6,2,2,5,2,3,3,1,1,1
364,1,47,1,1,1,30,2,1,1,1,5,3,2,2,4,4,7,4,5,6,5,4,4,1,1,6,5,6,4,4,4,2,3,3,1,4,1
365,2,22,1,3,1,14,1,3,1,5,4,3,3,3,2,3,2,4,4,4,4,4,3,2,2,6,6,6,2,2,3,4,4,3,2,2,2
366,1,27,1,1,2, ,2,1,1,1,5,3,4,1,2,2,4,2,3,1,2,6,3,2,6,3,3,6,6,4,4,5,2,2,5,6,2
367,1,31,1,2,1,24,2,2,1,2,5,3,3,3,2,3,3,4,1,1,2,3,1,1,3,4,5,5,3,2,2,3,3,1,3,5,4
368,1,30,1,3,1,16,2,4,1,4,3,3,3,5,3,4,5,6,7,4,5,3,3,4,3,6,6,5,3,3,4,4,4,3,3,3,3
369,1,41,2,14,1,17,2,25,2,18,4,3,2,4,2,2,5,6,5,4,4,5,5,4,6,5,6,5,1,1,1,3,3,4,4,4,3
370,2,21,2,3,2, ,1,0,0,0,3,3,2,3,3,2,3,4,4,4,4,4,2,2,2,5,6,4,2,2,3,3,2,3,2,4,4
371,2,58,2,10,1,17,1,10,0,0,3,4,4,5,4,4,5,5,5,5,5,6,5,5,5,5,5,5,3,2,4,4,4,4,4,6,3
372,1,30,1,2,1,20,2,2,2,5,5,4,1,5,6,4,3,3,1,2,2,4,1,1,1,2,3,3,2,2,1,2,3,1,5,6,5
373,2,32,1,1,1,23,1,1,1,1,3,4,4,3,6,4,7,4,3,4,4,5,1,1,1,6,6,6,3,4,5,4,7,4,1,1,4
374,1,27,1,2,1,16,2,1,2,1,4,4,6,3,6,5,3,5,3,6,3,3,3,6,4,3,6,3,5,3,5,3,6,4,3,5,3
375,1,32,1,3,1,18,2,3,1,5,3,4,2,4,3,5,2,6,4,3,3,3,4,6,3,5,3,7,6,4,2,3,6,3,4,4,2
376,1,49,1,6,1,21,2,4,4,100,4,4,5,5,4,5,4,5,4,5,5,4,5,4,5,4,5,4,5,5,4,5,4,5,4,3,4
377,2,32,1,3,1,21,1,1,1,4,4,4,4,5,5,6,4,4,4,4,4,6,7,4,5,5,4,4,5,4,4,5,4,4,3,3,3
378,1,31,1,1,1,21,2,1,1,6,4,4,4,4,4,4,4,3,4,3,2,2,1,1,1,7,7,7,4,4,4,4,4,4,4,4,4
379,1,33,1,3,1,17,2,3,1,4,4,4,3,3,5,2,3,5,5,5,6,4,3,5,2,3,4,5,2,6,5,2,5,4,2,5,3
380,2,48,1,5,1,16,1,21,1,1,2,4,4,5,5,3,5,6,6,6,5,2,6,3,6,7,7,7,2,3,5,3,6,3,2,3,4
381,2,34,1,5,1,17,1,32,3,1,3,4,3,4,2,2,3,3,3,4,3,2,5,3,4,5,3,2,2,2,4,3,4,6,2,5,1
382,2,37,1,6,1,20,1,6,1,20,3,4,4,4,1,4,2,1,1,1,1,2,7,7,1,1,1,1,5,5,1,5,1,6,7,7,7
383,1,25,1,3,2, ,2,0,0,0,3,4,6,3,7,6,4,7,3,4,6,6,3,4,3,7,7,4,2,2,7,4,7,6,1,1,5
384,1,61,1,1,1,23,2,1,1,0,2,4,6,7,7,7,7,7,7,6,7,5,1,2,2,7,6,6,3,3,7,4,7,6,2,2,2
385,2,27,1,7,1,17,1,10,1,2,3,4,3,4,3,3,3,6,5,6,6,6,2,2,2,6,6,6,2,3,3,3,3,2,2,2,3
386,1,46,1,7,1,20,2,10,1,4,4,4,4,4,4,4,6,6,6,6,6,6,5,4,4,4,4,4,4,2,2,2,4,4,4,4,4
387,2,30,1,7,1,17,1,25,1,3,3,4,5,5,2,4,1,1,1,1,1,3,7,7,3,1,1,1,5,5,1,5,2,6,6,4,6
388,1,34,1,5,1,16,2,20,0,0,3,4,4,6,6,4,3,7,6,6,6,7,7,7,7,7,6,7,1,1,2,4,6,6,4,7,1
389,1,76,2,45,1,18,2,25,0,0,5,4,5,5,5,5,5,5,5,5,5,5,4,5,5,7,7,7,4,4,6,4,4,5,1,4,4
390,2,53,1,3,1,23,1,2,1,0,4,4,4,4,7,4,6,6,4,6,4,5,1,1,7,7,7,7,4,4,4,4,7,5,5,2,2
391,2,42,2,6,1,14,1,6,0,0,1,4,4,5,7,4,7,6,7,7,6,5,7,6,7,7,7,7,2,2,6,4,4,5,6,3,3
392,1,40,2,7,1,25,2,4,0,0,3,4,4,4,4,4,4,5,5,5,5,5,3,2,4,6,7,7,2,2,4,2,3,5,5,6,4
393,1,51,1,7,1,16,2,7,1,0,3,4,4,6,7,4,7,7,7,7,7,1,1,1,7,7,7,7,2,3,6,2,7,3,1,7,1
394,2,35,1,7,1,18,1,7,1,2,2,4,4,5,5,5,5,5,6,6,5,5,6,6,6,6,5,5,2,2,6,3,6,6,2,6,2
395,2,36,1,2,1,18,1,2,1,1,4,4,4,4,4,4,3,3,3,3,2,6,2,2,2,2,2,2,2,2,2,2,2,2,3,4,2
396,1,31,1,1,1,27,2,1,1,0,4,4,3,4,4,5,1, ,1,1,2,5,4,3,4,4,3,3,2,2,3,2,3,4,4,4,6
397,2,57,1,7,1,18,1,6,1,0,4,4,4,5,7,7,4,5,5,4,5,1,1,1,7,7,7,7,7,7,7,4,7,3,1,1,1
398,2,33,1,3,1,19,1,5,1,0,5,4,2,2,3,2,2,5,5,5,4,3,6,6,7,7,7,7,3,3,2,2,5,2,2,2,2
399,1,42,1,1,1,30,2,1,1,0,5,4,4,4,6,4,7,1,1,4,2,2,1,1,1,4,4,7,4,4,2,4,7,4,4,3,7
400,1,32,1,5,1,27,2,1,1,8,3,4,4,4,4,4,4,4,4,5,4,4,4,4,4,4,4,4,4,4,4,4,4,4,4,4,3
401,2,33,1,8,1,16,1,7,1,3,2,4,4,3,1,4,2,4,4,3,3,3,1,3,4,6,5,7,4,4,5,4,6,4,2,3,3
402,1,35,1,3,1,15,2,3,1,6,3,4,4,4,7,4,7,5,5,5,5,4,7,4,4,7,7,7,1,1,5,4,4,5,1,7,1
403,1,33,1,2,1,18,2,2,1,1,5,4,2,3,2,1,3,4,3,3,4,6,4,2,3,2,1,3,4,4,2,3,2,2,7,4,6
404,1,34,2,2,1,18,2,2,0,0,3,4,4,4,6,5,7,7,4,6,7,6,1,2,2,4,5,4,3,4,7,4,7,7,1,2,1
405,2,43,1, ,2, ,1,2,1,1,4,4,5,6,6,6,5,5,6,6,3,4,4,4,3,4,5,4,3,4,3,3,3,3,4,4,5
406,2,47,1,6,1,17,1,20,1,5,4,4,4,4,5,4,2,5,5,4,4,5,6,7,6,2,3,4,7,6,5,4,3,3,3,4,5
407,2,34,1,7,1,23,1,7,1,4,5,4,4,4,4,3,5,3,3,4,3,2,1,1,2,5,6,4,3,4,5,3,6,3,2,3,4
408,1,25,1,3,1,20,2,2,3,2,3,4,2,1,3,4,5,2,4,3,3,7,3,4,2,1,3,4,3,3,2,2,3,4,6,6,5
409,1,28,1,3,1,18,2,2,2,2,4,4,3,3,3,3,4,3,3,5,5,3,6,5,3,6,4,4,5,5,5,5,4,5,4,3,4
410,2,60,1,3,1,19,1,3,1,12,5,4,6,7,7,6,6,2,2,4,2,2,1,1,1,7,7,7,3,4,3,4,7,1,1,1,1
411,2,29,1,1,1,17,1,2,2,5,3,4,5,6,5,5,7,5,4,5,6,5,2,3,4,7,7,6,2,3,7,4,4,5,1,3,2
412,2,45,1,50,1,14,1,30,1,10,3,4,3,4,3,3,4,3,4,4,4,3,1,1,4,6,6,6,2,2,4,4,4,1,1,2,2
413,1,50,1,12,1,15,2,10,1,2,5,4,3,5,5,3,3,4,4,5,2,5,4,5,4,4,3,3,4,5,5,5,3,3,4,5,5
414,2,66,1,2,1,21,1,2,2,2,2,4,5,5,6,6,6,2,4,5,5,7,7,1,1,7,7,7,7,7,7,4,7,7,1,1,1
415,1,27,1,2,1,22,2,2,1,1,4,4,2,3,4,6,4,5,3,4,5,4,2,4,4,2,4,6,4,5,4,3,4,5,4,5,4
416,1,47,1,1,1,27,2,1,1,1,4,4,3,5,6,4,7,3,3,3,3,2,2,1,2,4,4,5,3,4,3,5,5,5,2,2,4
417,1,40,1,1,1,31,2,1,1,1,4,4,4,4,4,4,4,4,4,4,4,4,4,4,4,4,4,4,4,4,4,4,7,4,4,4,4
418,1,37,1,3,1,21,2,4,4,1,3,4,2,3,3,4,3,2,3,4,3,6,3, ,5,2,3,2,3,3,2,5,3,2,6,5,5
419,2,24,1,2,1,17,1,2,1,1,4,4,3,6,5,4,3,4,5,5,5,4,4,5,6,5,4,3,4,5,4,3,3,4,3,4,5
420,1,28,1,2,1,21,2,3,1,35,3,4,3,7,6,5,7,7,6,6,7,2,1,1,2,1,4,2,4,5,4,3,3,4,1,1,4
421,2,25,1,3,1,20,1,3,1,20,3,4,4,3,3,4,4,6,6,6,3,5,7,2,7,7,7,7,4,4,4,3,4,5,1,1,1
422,1,49,1,1,1,25,2,2,1,10,4,4,4,4,5,5,6,3,2,4,2,2,4,1,2,4,4,4,2,3,3,4,4,4,3,3,5
423,1,28,1,3,1,22,2,2,1,1,4,4,3,5,6,6,5,3,5,4,6,4,6,4,4,5,3,5,3,5,3,4,6,3,2,4,3
424,2,39,1,2,1,20,1,4,0,0,4,4,3,5,6,4,6,6,7,7,7,6,4,1,2,7,7,7,4,5,7,4,7,4,1,1,1
425,2,44,1,6,1,16,1,6,1,15,3,4,3,3,4,3,3,4,5,6,4,2,6,4,6,7,7,7,3,3,4,3,6,4,2,2,2
426,1,29,1,4,1,24,2,3,1,5,3,4,4,4,4,4,4,5,5,5,5,5,7,4,7,7,7,7,4,4,4,5,7,3,1,1,4
427,1,32,2,0,2, ,2,0,0,0,4,4,4,6,4,4,4,6,6,6,6,6,2,1,3,7,7,7,4,1,4,4,4,4,1,5,5
428,2,56,2,4,1,21,1,6,0,0,4,4,2,3,4,2,4,1,2,4,4,3,7,2,6,7,7,7,4,4,2,4,4,7,5,4,4
429,1,36,1,2,1,24,2,1,1,4,4,4,5,2,1,4,1,2,3,1,1,2,7,7,7,1,1,1,5,5,3,4,2,2,7,2,7
430,2,66,2,20,1,15,1,100,0,0,2,4,6,6,6,6,6,6,6,6,6,6,4,4,6,6,6,6,4,4,6,4,6,6,2,2,2
431,2,33,1,8,1,17,1,11,1,0,5,4,4,4,4,4,4,4,4,4,4,4,4,4,4,4,4,4,4,4,4,4,4,4,4,4,4
432,1,1992,1,3,1,19,2,5,2,3,3,4,5,4,5,6,5,4,6,5,4,3,6,5,5,6,5,6,5,4,5,6,5,4,3,2,3
433,1,27,2,4,1,18,2,4,0,0,3,4,5,5,5,4,5,5,5,5,5,5,4,4,5,3,2,2,2,3,5,4,5,5,4,5,5
434,1,1992,1,2,1,2010,2,5,4,2,3,4,5,6,5,5,4,6,5,6,4,3, ,6,4,5,4,5,6,4,5,6,5,6,3,3,4
435,1,35,1,8,1,14,2,4,1,6,3,4,2,3,4,2,4,5,5,6,4,5,2,3,2,3,5,4,1,2,3,3,4,4,3,6,6
436,1,19,1,2,1,19,2,1,1,0,2,4,4,6,7,6,6,6,7,6,7,2,7,7,7,6,6,3,2,2,6,4,7,6,1,2,1
437,1,27,1,3,1,17,2,2,1,0,3,4,5,6,6,5,7,4,4,5,4,5,2,3,4,7,6,5,4,2,5,4,6,5,2,6,3
438,1,25,1,4,1,18,2,2,1,22,5,4,4,4,4,4,4,4,4,4,4,4,4,4,4,4,4,4,4,4,4,4,4,4,4,4,4
439,1,28,2,0,1,25,2,3,1,0,5,4,1,3,5,3,2,5,2,6,6,5,5,4,3,5,4,4,3,2,3,4,3,7,3,4,5
440,1,32,1,1,1,26,2,1,1,15,4,4,5,6,6,5,4,5,6,6,6,3,6,5,4,5,6,5,4,4,5,6,7,6,4,3,3
441,1,36,1,2,1,26,2,1,1,5,3,4,4,4,5,4,6,6,6,6,6,3,1,2,1,5,6,4,5,4,4,4,7,4,5,4,4
442,1,42,1,1,1,29,2,1,0,0,4,4,2,1,4,4,7,4,4,3,4,5,1,1,1,2,4,4,3,4,3,3,7,2,7,5,7
443,1,34,1,2,2, ,2,1,1,5,4,4,4,4,6,3,7,4,5,4,2,4,1,1,1,2,5,4,4,1,1,6,4,5,3,3,3
444,2,26,1,3,1,16,1,45,1,7,4,4,3,4,4,3,2,4,3,4,4,3,3,4,4,5,6,4,2,3,3,4,5,4,3,4,3
445,2,30,1,3,1,22,1,2,1,12,4,4,4,4,4,4,4,4,4,4,4,4,4,4,4,4,4,4,4,4,4,4,4,4,4,4,4
446,2,42,1,10,1,17,1,10,1,2,4,4,4,2,2,4,2,1,2,2,2,2,7,6,4,3,5,4,5,4,3,5,3,7,7,4,7
447,2,38,1,3,1,19,1,1,1,10,3,4,2,2,5,2,3,2,1,3,1,2,1,1,1,5,6,6,2,2,4,3,6,5,1,2,2
448,2,35,1,3,1,13,1,3,1,15,4,4,4,4,4,4,4,7,7,7,4,7,1,1,4,7,7,7,7,4,4,4,4,4,4,4,4
449,1,34,1,4,1,18,2,2,1,25,4,4,7,4,3,5,4,2,6,4,3,4,6,3,5,3,2,6,6,5,6,2,4,5,5,1,3
450,2,28,1,1,1,20,1,1,1,1,4,4,5,4,4,5,5,4,5,5,4,5,4,5,4,5,5,5,6,4,3,5, ,5,4,3,3
451,2,25,1,4,1,17,1,8,1,1,4,4,4,4,4,4,3,5,6,5,6,5,2,2,1,6,6,6,4,4,4,4,4,4,4,4,4
452,2,41,1,1,1,23,1,1,1,0,2,4,6,6,7,7,4,3,7,6,5,6,7,2,5,7,7,7,4,6,5,4,6,4,1,1,1
453,2,41,1,3,1,19,1,2,1,5,2,4,4,5,7,4,7,5,6,6,7,7,1,1,1,5,7,6,3,3,6,3,3,4,4,3,4
454,1,26,1,3,1,21,2,1,1,1,4,4,2,4,2,4,6,7,4,5,6,5,5,4,7,2,5,4,7,5,6,3,4,6,4,6,4
455,1,30,2,2,1,16,2,2,0,0,3,4,5,5,4,4,5,6,5,5,4,3,1,3,2,4,6,7,3,3,5,3,5,6,6,6,3
456,1,19,2,0,2, ,2,0,0,0,4,4,2,3,5, ,4,5,6,7,5,5,2,5,6,5,4,2,4,4,6,5,4,2,2,4,2
457,1,41,1,10,1,20,2,10,1,10,4,4,4,4,5,4,5,5,5,6,4,4,2,4,4,5,6,6,3,3,6,5,6,5,3,2,2
458,2,41,1,10,1,14,1,6,1,0,1,4,3,3,5,3,6,6,7,7,6,7,7,6,7,7,7,7,2,3,6,4,5,6,3,1,2
459,1,23,1,3,1,19,2,3,1,0,4,4,4,3,4,4,3,4,4,4,3,5,3,4,4,4,4,3,4,3,3,4,4,4,4,4,3
460,1,27,1,3,1,17,2,2,1,0,3,4,4,6,5,4,6,5,4,6,4,3,3,3,4,6,5,5,3,2,5,4,6,3,3,5,2
461,1,55,2,22,1,19,2,22,3,6,3,4,3,3,3,3,6,5,5,5,5,4,3,3,3,6,6,6,3,3,4,3,3,3,3,4,2
462,2,28,1,1,1,20,1,1,1,10,4,4,3,2,2,2,4,2,3,2,2,5,2,2,2,2,2,2,2,2,2,2,2,2,2,4,4
463,2,38,1,3,1,16,1,3,1,30,3,4,6,5,5,3,5,5,6,5,6,4,4,3,4,6,5, ,5,5,6,4,2,3,3,3,5
464,2,62,1,5,1,18,1,25,1,0,3,4,4,4,3,4,7,3,4,4,5,5,4,3,5,7,7,7,3,4,6,5,7,6,1,2,2
465,1,33,1,3,1,17,2,3,1,4,5,4,4,2,4,2,2,5,6,6,6,6,3,5,5,6,2,2,3,2,5,3,4,4,6,2,2
466,2,23,2,5,1,15,1,13,2,1,4,4,4,7,5,4,4,5,5,6,6,3,4,6,5,5,5,6,6,5,5,6,5,6,3,2,2
467,1,27,1,1,2, ,2,1,1,1,3,4,3,2,2,2,5,6,4,6,3,5,3,5,2,5,6,3,3,2,6,6,2,5,6,4,2
468,2,28,1,1,1,20,1,1,1,1,3,4,3,2,2,2,5,4,1,2,2,4,2,2,2,4,4,4,3,3,3,2,2,2,3,4,3
469,2,28,1,3,1,17,1,2,1,1,3,4,3,3,3,3,5,5,5,5,4,5,3,3,2,5,6,6,3,3,5,4,5,4,4,3,4
470,2,33,2,5,1,22,1,11,1,0,2,4,4,3,3,4,2,3,5,5,4,6,2,2,2,7,7,7,4,4,6,7,7,7,1, ,1
471,1,36,1,7,1,14,2,11,1,20,4,4,4,5,6,4,6,5,5,4,3,3,1,1,2,4,4,3,2,2,4,4,6,5,2,1,1
472,1,35,1,22,1,22,2,2,5,2,3,4,5,5,5,6,5,6,6,6,6,2,6,5,5,5,6,6,5,5,6,5,6,5,3,2,3
473,2,51,1,10,1,14,1,20,1,4,2,4,7,7,7,7,7,7,7,7,7,1,2,2,2,7,7,7,2,2,7,4,6,3,1,1,1
474,2,28,1,1,1,22,1,1,1,1,5,4,5,5,4,5,5,4,5,5,5,4,5,5,5,4,5,5,4,4,5,4,4,5,3,3,4
475,2,23,2,2,1,21,1,1,0,0,3,4,4,4,4,4,4,7,7,4,7,1,4,4,4,4,7,4,4,4,4,4,4,4,4,4,4
476,1,28,1,2,1,25,2,1,1,1,4,4,4,3,5,5,4,4,4,5,7,2,6,6,4,3,6,4,4,2,4,3,6,5,3,4,5
477,1,40,1,5,1,18,2,5,2,30,4,4,5,3,3,3,4,4,5,5,5,5,4,4,2,4,5,4,4,4,5,5,4,3,5,4,3
478,2,45,1,1,1,18,1,5,1,5,3,4,5,5,5,5,5,4,4,5,4,4,2,2,4,5,5,5,5,4,4,4,4,4,4,4,4
479,2,36,1,5,1,14,1,10,1,5,5,4,4,4,6,5,7,2,2,3,2,2,1,1,1,7,7,7,4,6,6,2,6,1,1,2,2
480,2,26,1,10,1,18,1,20,1,0,2,4,3,3,4,3,3,4,6,3,4,3,3,3,5,3,4,4,4,3,4,3,4,5,5,4,4
481,1,29,1,2,1,19,2,2,1,2,4,4,4,3,3,4,6,2,3,4,5,5,1,2,1,3,1,1,1,1,1,1,2,5,1,5,5
482,1,32,1,2,1,21,2,5,0,0,3,4,4, ,1,1,1,1,1,1,7,7,1,4,7,7,7,7,1,1,7,4,4,7,1,1,1
483,2,53,1,3,1,24,1,2,1,1,4,4,3,3,4,3,6,5,4,4,4,4,1,1,3,4,4,4,3,3,4,4,6,5,5,4,4
484,2,45,1,6,1,17,1,6,1,3,3,4,4,3,3,3,4,3,2,4,4,5,7,1,7,7,7,7,4,4,6,4,4,3,1,1,1
485,1,51,1,10,1,14,2,6,1,2,3,4,3,4,5,4,6,5,4,4,3,3,1,2,3,6,6,6,2,2,4,3,4,2,2,4,2
486,2,28,1,2,1,16,1,2,1,1,3,4,5,4,3,5,4,3,3,4,3,4,5,3,3,6,3,3,5,3,6,4,5,3,4,4,3
487,2,33,1,3,1,20,1,3,1,3,4,4,4,5,6,4,7,5,5,5,3,6,2,2,2,6,6,6,4,6,4,5,6,5,2,2,2
488,2,35,1,7,1,14,1,5,1,6,3,4,3,4,3,5,1,1,2,4,4,6,7,6,5,3,2,1,3,3,4,3,2,4,5,4,3
489,2,34,1,5,1,18,1,5,1,1,4,4,5,4,4,4,4,3,4,4,4,3,4,7,4,3,4,4,4,4,3,4,4,5,6,4,4
490,2,28,1,1,1,21,1,1,1,10,3,4,3,2,2,2,5,2,1,2,2,4,2,2,2,4,2,3,3,3,3,3,3,4,3,4,4
491,2,49,1,3,1,18,1,1,1,2,4,4,5,6,6,6,6,6,6,6,6,3,2,2,4,6,6,6,6,6,6,6,6,4,2,2,2
492,1,45,1,10,1,18,2,15,1,0,2,4,4,4,5,4,6,4,4,6,6,6,6,4,4,5,6,5,3,2,4,3,4,5,4,5,4
493,2,28,1,3,1,16,1,4,1,6,4,4,5,2,3,4,5,4,3,5,5,4,4,5,3,4,5,5,6,3,6,6,2,2,3,3,4
494,2,32,1,1,1,23,1,1,1,1,3,4,5,5,7,6,7,4,4,5,4,4,2,2,2,6,6,6,6,6,6,4,6,4,2,2,2
495,2,25,2,1,1,24,1,4,1,0,3,5,4,4,3,4,5,7,7,7,7,7,7,7,7,4,7,7,1,1,5,4,5,7,7,7,7
496,1,27,1,3,1,19,2,2,1,3,4,5,5,5,6,4,6,5,6,6,5,5,3,3,4,7,7,7,5,5,6,4,6,4,2,1,1
497,2,60,1,5,1,15,1,6,1,0,1,5,7,7,7,7,7,6,7,7,7,7,1,4,7,7,7,7,2,2,7,7,7,7,5,1,1
498,2,32,2,2,1,21,1,2,0,0,5,5,5,5,3,5,5,5,5,6,3,2,4,2,5,6,7,6,3,2,6,6,6,6,2,5,6
499,1,29,1,5,1,15,2,5,1,30,2,5,6,5,3,5,4,6,5,6,5,2, ,5,5,5,6,5,5,6,4,2,4,5,3,2,3
500,2,27,1,1,1,20,1,1,1,4,3,5,6,6,6,4,3,6,7,6,6,5,2,3,5,7,7,5,3,3,5,4,6,5,2,1,1
501,1,23,1,3,1,17,2,2,1,14,3,5,4,5,3,4,6,5,4,5,4,3,4,5,6,4,4,4,5,4,6,4,4,3,3,3,4
502,1,28,1,6,1,18,2,4,1,1,3,5,6,5,2,6,1,6,6,7,6,7,7,7,7,1,1,3,7,7,2,1,1,4,7,1,7
503,2,65,1,3,1,17,1,1,1,1,4,5,5,5,5,5,5,1,1,2,3,2,4,4,4,4, ,7,2,3,5,5,5,5,3,3,3
504,1,54,2,12,1,15,2,45,2,0,2,5,3,6,6,5,7,4,4,4,7,5,4,3,3,5,6,6,2,2,5,3,4,5,4,6,4
505,1,27,1,0,2, ,2,1,1,0,5,5,5,5,6,5,6,5,4,5,3,5,4,5,5,5,5,4,4,2,3,4,5,6,3,5,4
506,2,56,1,10,1,17,1,10,1,2,4,5,4,3,4,3,2,3,5,4,3,6,4,5,5,2,2,2,5,5,5,5,5,3,3,4,5
507,2,40,1,3,1,17,1,2,1,6,3,5,5,5,4,5,5,5,5,5,5,5,6,6,5,2,2,2,6,5,5,5,3,5,5,6,6
508,1,30,1,1,2, ,2,0,0,0,4,5,4,5,5,6,7,3,5,5,5,2,5,6,6,7,5,6,6,5,5,5,6,6,3,3,2
509,1,30,1,1,2, ,2,1,1,12,4,5,3,5,5,5,6,2,1,1,2,3,2,2,1,2,5,2,3,5,3,3,3,5,1,2,3
510,1,35,1,4,1,18,2,2,1,15,4,5,7,4,4,5,2,5,4,6,4,6,7,6,5,7,5,4,4,5,5,2,5,6,3,4,6
511,1,33,1,5,1,20,2,16,1,2,2,5,4,6,4,3,4,5,4,5,4,5,4,6,4,3,5,3,5,4,5,3,4,5,4,4,4
512,2,26,1,3,1,21,1,4,1,10,5,5,7,6,7,5,5,6,6,7,6,3,5,6,4,4,5,6,5,5,4,4,5,5,4,5,5
513,2,34,1,3,1,23,1,2,1,2,3,5,5,5,5,5,6,5,5,5,6,5,1,2,2,6,6,6,3,5,3,5,5,5,3,3,3
514,1,33,2,7,1,26,2,5,1,0,3,5,3,6,7,5,6,6,5,5,4,2,2,1,2,7,6,6,2,3,5,2,6,6,4,5,2
515,2,29,1,6,1,17,1,10,1,5,3,5,5,5,6,5,6,6,6,6,5,5,7,3,7,5,5,5,3,3,6,3,5,3,3,2,3
516,1,39,2,8,1,19,2,8,1,0,4,5,5,5,5,5,4,4,4,3,5,6,7,7,7,1,1,1,6,6,4,5,5,6,7,5,7
517,2,30, ,1,1,21,1,1,1,8,4,5,6,6,7,7,7,6,6,6,7,6,7,6,6,6,6,5,2,2,7,7,7,7,1,1,1
518,1,29,1,2,2, ,2,3,1,2,4,5,4,3,4,5,5,4,3,4,3,4,5,5,4,3,4,3,5,3,4,5,5,4,5,4,3
519,1,34,1,1,1,27,2,1,1,5,4,5,4,5,6,4,5,6,4,4,5,4,3,5,6,4,2,6,4,5,2,5,4,5,3,2,3
520,2,37,1,3,1,15,1,5,1,2,3,5,6,6,5,6,2,7,7,7,7,5,1,2,3,7,7,7,1,1,7,4,7,7,1,7,1
521,1,37,1,3,1,21,2,3,1,10,4,5,7,7,6,3,6,4,6,5,5,1,7, ,7,7,5,7,7,3,5,4,5, ,2,2,4
522,1,30,1,2,1,18,2,3,1,1,4,5,4,3,4,5,5,4,4,3,3,4,5,5,4,4,3,4,5,5,4,3,4,5,3,4,5
523,2,31,1,1,2, ,1,1,1,0,4,5,6,6,6,6,5,6,6,5,6,3,4,6,4,3,5,5,6,6,5,4,6,6,4,5,3
524,2,36,1,3,1,14,1,2,1,20,4,5,6,5,3,5,1,1,1,1,3,7,7,7,6,1,1,1,5,4,4,5,1,6,7,7,7
525,2,33,1,3,1,18,1,6,1,15,3,5,4,5,6,2,4,4,3,5,4,3,1,1,1,6,6,4,2,3,2,2,4,5,3,2,4
526,2,33,1,1,1,25,1,1,1,5,3,5,1,1,1,1,4,1,3,5,4,5,3,3,3,5,5,5,3,1,1,1,1,1,3,3,3
527,2,34,1,4,1,23,1,1,1,4,4,5,6,6,7,7,7,3,4,4,5,4,2,1,1,7,5,7,7,6,7,7,7,2,2,1,1
528,2,30,1,3,1,19,1,3,1,8,3,5,6,5,4,5,6,5,6,6,5,5,6,6,6,4,5,6,5,5,4,4,5,5,3,2,6
529,2,44,1,3,2, ,1,3,3,0,4,5,5,5,4,5,1,3,3,3,4,4,7,7,6,5,1,2,4,4,5,5,5,4,6,6,6
530,1,29,1,5,1,17,2,9,1,3,4,5,6,5,3,2,2,4,3,3,2,4,3,3,5,6,4,3,3,4,3,3,2,4,2,5,6
531,1,43,1,12,1,19,2,10,1,2,4,5,4,6,5,6,4,5,6,6,6,4,6,6,4,2,4,4,5,6,6,5,4,3,2,3,3
532,2,44,2,6,1,17,1,10,0,0,1,5,6,6,6,6,6,6,6,7,6,2,7,4,6,7,7,7,2,3,6,4,6,3,2,2,2
533,1,27,2,5,1,14,2,3,2,2,3,5,5,4,3,4,5,5,6,4,3,4,4,5,6,6,3,3,4,4,4,3,3,2,3,2,3
534,1,47,1,6,1,19,2,5,1,10,2,5,3,4,4,4,6,6,5,2,3,2,4,6,6,2,4,3,5,4,3,4,5,4,6,3,6
535,1,47,1,3,1,28,2,6,0,0,3,5,7,7,7,7,7,7,6,7,6,6,1,4,3,6,7,5,1,1,7,4,7,7,3,7,7
536,1,34,1,10,1,29,2,1,1,6,5,5,4,3,4,4,3,5,4,3,4,3,5,4,6,5,4,3,5,5,4,3,5,4,3,3,4
537,2,23,1,1,1,2,1,1,1,1,4,5,4,6,4,3,3,2,5,4,5,3,5,4,3,3,3,6,5,6,5,4,3,6,3,4,5
538,2,28,1,3,1,20,1,1,1,1,5,5,4,5,6,5,5,4,5,6,4,5,5,5,6,5,4,5,6,4,3,5,4,5,4,3,4
539,2,61,1,1,1,20,1,1,1,1,5,5,4,5,6,5,5,4,5,6,5,4,6,5,4,5,5,6,4,4,3,5,4,5,2,3,3
540,2,30,1,25,1,15,1,30,1,20,4,5,5,5,5,5,6,4,5,4,6,5,1,5,1,3,2,4,6,1,4,4,4,2,2,2,3
541,1,30,1,1,1,20,2,1,1,30,5,5,2,4,6,6,3,3,2,2,2,7,1,2,1,2,3,1,1,2,3,1,2,2,1,7,6
542,2,23,1,4,1,22,1,1,1,2,2,5,5,5,5,5,5,5,5,5,5,5,3,3,5,5,5,5,3,3,5,3,5,3,3,3,5
543,2,28,1,3,1,18,1,2,1,10,5,5,6,4,7,7,4,5,4,6,5,1,5,6,2,6,4,6,3,5,3,6,5,3,2,5,2
544,1,29,1,2,1,20,2,2,1,12,4,5,5,4,5,4,5,5,5,6,5,5,5,5,5,4,6,6,5,3,5,6,5,6,2,3,4
545,2,38,2,0,2, ,1,0,0,0,2,5,5,5,6,6,6,6,6,6,6,6,4,2,3,6,7,7,2,2,4,4,6,6,4,6,4
546,2,28,1,3,1,16,1,1,1,2,4,5,5,6,3,6,4,2,4,4,6,6,7,7,6,2,2,4,6,6,5,4,4,5,6,6,3
547,1,30,1,6,1,16,2,4,2,2,4,5, ,4,6,4,4,3,4,5,6,3,4,4,5,4,5,4,5,5,4,5,5,4,3,4,2
548,2,38,1,2,1,18,1,2,2,30,3,5,2,2,4,6,3,3,5,5,6,5,5,5,4,2,3,4,5,6,3,4,4,6,6,6,4
549,1,28,1,2,1,16,2,5,1,4,4,5,6,5,5,5,5,6,5,4,5,6,1,4,4,4,4,4,4,5,5,6,5,5,6,3,6
550,2,34,1,3,1,24,1,1,1,9,4,5,5,7,7,7,7,2,2,2,2,2,1,1,1,7,7,7,7,6,7,4,5,3,1,1,1
551,1,25,1,3,1,20,2,3,1,15,4,5,2,5,3,2,1,3,2,3,3,3,2,1,2,2,4,2,1,3,2,3,4,2,2,4,3
552,1,21,2,5,1,16,2,3,1,2,2,5,2,5,4,2,6,3,5,2,7,4,2,4,6,3,3,6,3,6,5,3,4,4,5,2,3
553,1,37,1,10,1,17,2,6,1,2,4,5,3,3,7,4,7,3,5,5,6,6,1,1,2,6,6,5,2,2,4,2,6,6,5,7,4
554,2,51,1,2,1,16,1,2,1,0,4,5,4,3,1,3,3,4,3,4,2,3,4,6,4,2,1,1,4,2,2,3,1,6,7,7,4
555,1,31,1,3,1,18,2,5,1,3,2,5, ,5,4,2,4,5,3,4,4,3,4,4,6,3,4,5,2,5,4,2,5,4,3,4,3
556,1,40,1,3,1,16,2,7,1,10,4,5,3,5,6,5,7,2,1,3,1,2,5,4,5,6,6,6,3,3,6,2,6,6,6,5,3
557,1,28,2,3,1,16,2,3,2,4,4,5,5,5,5,5,5,5,4,5,5,3,1,1,4,4,4,4,4,5,5,4,5,5,6,4,5
558,2,24,1,2,1,14,1,3,1,20,4,5,4,5,4,5,5,4,4,5,4,5,5,5,5,4,3,4,4,4,3,3,3,4,5,4,5
559,1,26,3,3,2, ,2,0,0,0,5,5,6,6,5,6,6,5,6,4,4,2,6,5,7,6,6,5,6,6,5,6,4,5,3,2,3
560,2,48,1,8,1,16,1,20,1,0,2,6,5,6,7,5,6,6,5,6,6,4,3,2,2,6,6,7,3,3,7,4,7,6,1,3,1
561,2,50,1,4,1,21,1,9,1,12,4,6,6,6,1,6,6,2,4,4,4,5,7,7,6,1,1,1,6,6,5,6,2,5,7,7,7
562,1,25,1,1,2, ,2,1,1,1,4,6,7,7,6,6,7,6,6,7,6,1,6,6,6,6,7,6,6,6,6,6,7,6,4,3,1
563,1,30,1,20,1,16,2,20,1,15,3,6,6,5,3,6,1,7,6,7,5,7,4,7,6,1,1,1,4,4,6,7,5,7,7,7,7
564,1,69,1,5,1,18,2,3,1,2,4,6,6,6,2,6,2,4,5,5,3,5,2,1,1,6,3,5,4,4,3,3,3,3,2,4,2
565,1,45,1,20,1,12,2,25,1,12,3,6,6,7,6,6,7,6,6,6,6,6,3,2,2,6,7,7,1,1,7,6,7,7,7,7,7
566,2,55,2,5,1,13,1, ,0,0,5,6,5,5,5,5,3,6,6,6,6,5,4,2,6,6,6,6,6,2,6,6,6,5,2,2,2
567,2,33,1,10,1,16,1,7,1,2,4,6,6,6,6,6,7,5,3,2,2,2,6,6,7,1,1,4,7,7,5,7,7,7,6,1,2
568,2,29,1,2,2, ,1,0,0,0,4,6,5,3,5,7,5,4,2,4,5,4,4,3,5,4,6,4,5,7,4,2,1,3,1,4,3
569,1,49,1,10,1,16,2,20,1,2,3,6,5,5,6,5,5,4,4,4,4,5,3,5,5,3,2,3,5, ,5,5,6,6,6,5,5
570,2,43,1,4,1,15,1,4,1,8,2,6,6,5,6,6,7,6,5,4,5,7,7,7,5,6,1,1,7,7,5,5,7,7,7,4,5
571,1,29,1,5,1,18,2,4,2,5,5,6,5,4,5,5,6,5,4,5,5,4,5,5,6,5,4,5,6,5,4,6,4,6,3,4,2
572,2,52,1,10,1,14,1,68,1,6,3,6,6,6,6,6,1,4,3,4,5,7,4,2,4,5,6,6,1,1,7,4,7,7,1,7,4
573,2,24,1,1,1,21,1,1,1,1,5,6,5,6,4,6,5,5,5,4,2,3,4,5,4,6,5,5,6,5,5,4,5,5,3,3,5
574,1,29,1,1,1,25,2,1,1,2,4,6,6,4,1,4,7,5,5,4,5,5,7,7,7,1,1,1,7,7,5,5,4,7,7,7,7
575,1,26,1,3,1,18,2,5,1,4,4,6,6,6,6,7,4,5,5,5,5,6,7,7,7,3,3,5,7,7,7,7,6,7,5,1,1
576,2,25,1,5,1,14,1,5,1,0,2,6,6,6,5,5,5,6,5,6,6,6,7,4,5,2,1,1,4,5,5,4,3,6,6,6,6
577,2,24,1,1,1,23,1,1,1,1,5,6,2,3,4,5,3,4,6,4,2,5,4,5,2,3,4,5,4,2,3,4,5,6,4,5,4
578,1,29,1,5,1,14,2,12,5,4,4,6,5,4,6,5,4,5,6,4,5,2,4,6,5,4,6,5,4,3,2,3,2,2,6,6,6
579,2,25,2,1,1,20,1,1,0,0,3,6,7,7,7,5,6,5,5,6,7,6,1,2,5,7,6,6,2,3,7,5,7,7,5,5,2
580,2,27,1, ,1,27,1,1,1,3,4,6,4,6,7,6,4,6,5,7,5,1,3,5,7,3,4,6,4,6,3,5,5,4,4,1,3
581,1,47,2,2,1,28,2,3,0,0,3,6,6,4,7,7,7,3,3,4,4,2,3,4,4,5,5,4,1,1,6,4,7,7,5,7,6
582,2,36,1,1,2, ,1,1,1,1,3,6,6,6,6,6,6,6,6,4,3,6,2,2,2,4,2,4,2,3,2,2,2,2,3,6,3
583,1,30,1,1,1,16,2,2,2,2,5,6,5,6,5,5,5,6,6,6,5,3,5,6,6,5,4,5,4,5,5,7,6,6,2,3,2
584,1,24,1,2,1,23,2,10,5,1,5,6,4,2,5,3,2,5,3,7,5,6,4,3,5,3,5,2,5,5,2,5,2,4,6,3,2
585,1,29,1,6,1,18,2,4,1,8,3,6,6,6,3,6,2,4,4,3,4,6,7,7,6,1,1,1,5,5,4,6,1,7,7,7,7
586,2,33,1,1,1,16,1,1,1,15,4,6,1,4,7,6,7,4,3,3,3,2,1,1,4, ,7,7,5,4,2,7,7,7,1,1,1
587,1,38,2,5,1,16,2,5,1,10,3,6,4,6,7,5,7,5,6,7,6,6,3,4,2,7,7,7,2,1,7,5,7,7,1,7,1
588,2,28,1,2,1,21,1,2,1,12,5,6,6,5,3,5,1,3,3,3,2,3,7,7,6,3,3,3,5,6,5,4,5,6,3,4,3
589,1,35,1,8,1,18,2,3,1,8,5,6,4,4,4,4,4,6,6,7,6,2,4,4,5,6,7,7,2,2,4,4,4,4,2,4,3
590,1,30,1,10,1,15,2,300,30,15,4,6,5,5,6,6,6,6,2,3,6,4,5,4,5,4,2,5,7,7,5,5,6,4,2,3,2
591,1,27,1,11,1,16,2,1,1,6,5,6,7,1,3,5,3,1,7,4,2,2,7,6,7,7,1,2,5,4,6,2,7,7,7,7,3
592,2,46,1,5,1,16,1,5,1,20,4,6,5,6,2,5,7,2,2,2,4,7,7, ,6,1,1,1,5,6,5,6,2,5,7,5,6
593,2,31,1,1,1,16,1,1,1,1,1,6,2,2,6,2,5,6,2,3,6,3,5,2,7,2,4,5,1,6,2,2,5,6,6,4,4
594,2,28,1,3,1,18,1,11,1,1,2,6,6,6,6,6,6,7,7,7,7,6,2,4,5,7,7,7,1,1,7,6,7,6,4,6,6
595,2,41,2,2,1,37,1,3,0,0,3,6,5,6,6,6,6,4,4,5,3,2,2,3,4,6,7,7,3,4,6,4,3,6,5,4,5
596,1,25,1,3,1,20,2,3,2,3,4,6,5,6,5,6,5,6,5,6,5,2,5,6,5,6,6,5,6,5,6,5,6,5,2,3,2
597,2,21,1,4,1,18,1,1,1,2,5,6,5,5,5,5,5,5,5,5,5,3,5,5,5,5,5,5,5,5,5,5,5,5,3,3,3
598,2,33,1,2,1,16,1,1,1,1,2,6,6,6,6,6,4,3,4,5,6,6,2,3,3,6,6,6,2,2,6,4,6,4,4,2,2
599,2,29,1,6,1,18,1,7,1,2,3,6,5,5,2,5,4,3,4,3,3,3,7,7,4,1,1,1,4,2,1,2,6,2,2,4,3
600,2,30,1,2,1,18,1,2,1,5,2,6,5,4,5,5,7,7,7,7,6,5,5,4,7,6,3,3,2,3,5,4,6,4,1,1,5
601,1,34,1,10,1,18,2,10,1,5,4,6,4,3,3,4,1,4,4,5,3,4,5,5,4,3,4,3,4,5,4,5,4,3,6,4,3
602,1,23,2,4,1,17,2,4,2,8,3,6,4,1,7,7,4,2,2,1,1,2,4,2,3,1,4,5,5,7,7,2,2,6,4,7,1
603,2,28,1,3,1,17,1,7,1,1,4,6,5,5,5,5,1,4,5,5,5,6,5,5,5,5,5,5,4,5,4,5,2,3,5,6,5
604,2,36,1,5,1,16,1,3,1,15,5,6,6,6,7,6,7,5,5,5,5,5,1,3,1,7,7,7,1,1,6,6,7,6,2,5,2
605,1,32,1,2,1,25,2,2,1,0,3,6,4,4,5,3,4,3,3,5,6,5,3,2,5,3,3,4,3,4,3,3,3,3,4,6,3
606,2,19,2,0,2, ,1,0,0,0,3,7,7,7,7,7,7,7,7,7,7,7,7,7,7,7,7,7,7,7,7,7,7,7,1,1,1
607,2,45,2,3,1,24,1,17,1,4,3,7,7,7,7,7,3,5,5,5,4,4,7,4,7,7,7,7,1,1,7,7,7,7,1,7,2
608,1,34,2,2,1,21,2,2,0,0,3,7,7,7,7,6,6,7,6,7,6,6,4,4,4,6,7,6,2,2,7,6,7,7,6,7,6
609,1,37,1,2,1,21,2,2,2,10,4,7,7,7,7,7,7,7,7,5,6,1,7,4,5,6,6,7,6,4,6,6,3,6,2,1,2
610,1,36,1,4,1,21,2,4,1,20,5,7,7,7,7,7,7,1,1,1,1,7,7,7,7,1,1,1,7,7,7,6,7,7,7,7,7
611,2,26,1,6,1,15,1,2,1,4,5,7,7,7,7,7,7,7,7,7,7,1,7,7,7,7,1,1,1,7,7,7,7,7,1,1,1
612,2,40,2,20,1,15,1,20,1,0,2,7,7,7,7,7,7,7,7,7,7,7,2,1,2,6,7,7,1,1,7,7,7,6,6,7,5
613,2,33,1,15,1,16,1,15,1,1,5,7,7,7,4,4,2,2,1,1,1,7,7,4,7,1,1,1,7,7,2,7,7,7,7,7,7
614,2,29,1,1,1,19,1,1,1,20,4,7,7,7,7,7,7,7,7,7,7,2,6,7,7,6,6,6,6,6,6,7,6,6,2,1,2
615,2,29,2,1,1,20,1,11,1,0,5,7,7,7,4,4,7,7,7,7,7,7,1,3,3,7,7,7,1,1,7,7,7,7,7,7,1
616,2,27,1,1,1,24,1,1,1,1,5,7,5,5,5,5,5,7,5,4,5,3,7,6,6,7,5,6,7,7,4,5,5,5,3,4,3
617,2,35,1,0,1,20,1,3,1,30,3,7,7,7,6,7,2,5,3,6,2,2,2,1,1,6,6,6,1,1,1,1,1,1,1,1,1
618,1,29,1,1,2, ,2,1,1,0,5,7,7,7,6,7,7,7,7,6,7,1,6,7,6,6,6,6,7,7,7,7,7,6,2,2,1
619,2,38,1,11,1,15,1,11,1,20,4,7,5,4,4,4,1,7,7,7,4,7,7,7,6,4,4,1,4,4,5,5,5,4,4,7,6
620,1,42,2,1,1,38,2,1,0,0,4,7,6,6,6,6,7,6,6,7,6,6,2,2,2,7,7,7,2,2,7,6,4,7,2,7,4
621,2,34,1,5,1,17,1,9,1,3,4,7,5,4,3,5,3,7,7,5,4,4,7,7,5,2,2,2,5,4,7,6,4,7,7,6,6
622,1,62,2,10,1,18,2,10,1,4,3,7,7,6,6,7,2,5,5,6,6,2,7,6,5,6,5,6,6,7,7,6,6, ,7,6,7
623,2,53,1,9,1,15,1,19,1,5,4,7,7,7,7, ,4,5,5,6,2,2,6,1,1,4,6,2,2,1,1,1,4,2,1,7,7
624,1,27,2,2,1,22,2,1,0,0,3,7,6,7,7,7,4,7,7,7,6,7,5,7,7,7,7,3,1,1,7,7,7,7,7,7,7
625,2,19,2,0,2, ,1,0,0,0,3,7,7,7,7,7,7,7,7,7,7,3,7,7,7,7,7,7,7,7,7,7,7,4,1,1,1
626,2,71,2,5,1,34,1,1,0,0,3,7,7,7,7,7,7,7,7,7,7,7,7,7,7,7,7,7,4,4,7, ,7,7,1,1,1
627,2,35,1,3,1,13,1,3,1,15,3,7,7,7,7,7,7,7,7,7,7,7,1,4,7,7,7,7,7,7,7,7,7,7,1,1,1
628,1,27,1,1,1,21,2,1,1,1,5,7,7,7,7,6,6,7,7,7,7,2,6,7,7,6,7,7,6,7,6,7,7,7,1,1,2
629,1,34,1,1,1,21,2,1,1,12,3,7,5,4,7,7,7,5,5,5,5,5,1,1,1,5,5,5,1,1,7,4,7,7,1,4,3
630,1,36,1,2,1,16,2,4,1,20,5,7,5,5,7,7,7,3,5,6,5,1,5,7,4,7,7,5,5,4,5,6,5,4,4,2,4
631,2,36,1,7,1,13,1,6,1,3,3,7,7,6,7,7,7,6,4,4,3,7,7,7,6,3,2,1,6,5,7,7,7,7,7,6,7
