ID,Sex,Age,ParticipantLTR,PartnerNumber,HadSex,AgeSex,Orientation,ParticipantLifetimeSexPartners,PastYearSexPartners,PastMonthSex,GenHealth,CMVS1,CMVS2,CMVS3,CMVS4,CMVS5,CMVS6,CMVS7,CMVS8,CMVS9,CMVS10,CMVS11,CMVS12,CMVS13,CMVS14,CMVS15,CMVS16,CMVS17,CMVS18,CMVS19,CMVS20,CMVS21,CMVS22,CMVS23,CMVS24,CMVS25,CMVS26,SOIR1,SOIR2,SOIR3,SOIR4,SOIR5,SOIR6,SOIR7,SOIR8,SOIR9,SDQ1,SDQ2,SDQ3,SDQ4,MiniK1,MiniK2,MiniK3,MiniK4,MiniK5,MiniK6,MiniK7,MiniK8,MiniK9,MiniK10,MiniK11,MiniK12,MiniK13,MiniK14,MiniK15,MiniK16,MiniK17,MiniK18,MiniK19,MiniK20
9,1,27,1,2,1,25,2,1,1,0,3,3,5,4,2,6,4,5,2,3,3,6,6,4,5,4,2,4,3,5,3,4,2,6,4,3,6,1,2,2,8,7,8,7,6,6,2,4,4,5,2,5,4,6,4,2,5,3,4,6,2,6,4,5,3,2,5,4,3,6
11,2,39,1,2,1,20,1,4,0,0,4,4,3,5,6,4,6,6,7,7,7,6,4,1,2,7,7,7,4,5,7,4,7,4,2,2,2,1,1,1,1,1,1,3,1,1,2,2,2,2,4,5,3,4,5,6,7,7,7,2,7,7,6,6,6,6,6,6,1,1
15,1,42,1,1,1,30,2,1,1,0,5,4,4,4,6,4,7,1,1,4,2,2,1,1,1,4,4,7,4,4,2,4,7,4,4,3,7,1,1,1,1,1,3,4,2,2,2,1,2,4,5,5,2,5,7,5,5,6,5,5,5,5,6,5,5,5,4,4,5,4
17,2,53,1,10,1,18,1,8,0,0,4,3,3,4,5,3,4,5,5,5,6,5,6,3,4,6,7,5,2,2,5,3,6,2,2,2,3,1,1,3,7,2,2,1,1,1,2,2,2,1,5,5,6,6,6,3,6,6,4,5,7,7,7,7,7,5,5,5,2,2
19,1,28,1,2,1,19,2,2,1,0,4,3,2,2,2,2,3, ,1,3,2,3,3,2,3,5,6,7,3,3,3,2,3,4,2,4,3,1,1,1,9,2,4,1,1,1,2,2,2,3,5,6,4,7,6,2,6,5,6,6,1,5,6,4,4,7,6,6,7,7
21,1,28,1,5,2, ,2,0,0,0,4,2,3,3,6,6,6,2,2,2,2,4,2,2,2,2,2,2,2,5,3,3,5,5,5,3,3,1,1,1,1,1,8,3,2,2,2,1,1,2,6,6,6,6,6,3,6,5,5,5,4,6,5,5,5,5,5,5,5,6
24,1,30,1,1,2, ,2,0,0,0,4,5,4,5,5,6,7,3,5,5,5,2,5,6,6,7,5,6,6,5,5,5,6,6,3,3,2,1,1,2,3,8,3,2,3,2,3,3,2,4,4,5,4,4,4,4,5,4,4,4,7,7,5,4,4,4,5,5,4,5
25,2,44,1,3,1,16,1,3,1,0,2,2,2,3,7,3,7,7,7,7,7,6,7,1,1,7,7,7,2,3,3,1,7,2,2,2,2,1,1,1,1,1,9,1,1,1,3,3,1,4,5,6,6,6,2,7,7,7,1,6,1,7,5,5,5,7,7,7,5,1
26,1,42,1,1,1,29,2,1,0,0,4,4,2,1,4,4,7,4,4,3,4,5,1,1,1,2,4,4,3,4,3,3,7,2,7,5,7,1,1,1,1,1,4,2,2,2,3,2,2,6,5,6,5,4,7,7,5,5,7,7,7,5,5,2,4,5, ,4,7,7
27,1,47,1,1,1,27,2,1,1,1,4,4,3,5,6,4,7,3,3,3,3,2,2,1,2,4,4,5,3,4,3,5,5,5,2,2,4,1,1,1,1,1,1,1,1,1,3,2,1,4,5,6,6,6,7,4,7,7,7,7,7,6,6,6,7,6,6,6,6,6
31,1,70,1,2,1,19,2,2,0,0,4,3,6,6,7,6,7,4,4,4,5,6,1,3,4,5,5,5,4,4,6,4,7,6,2,4,4,1,2,1,5,2,5,2,2,2,3,2,2,3,5,4,5,5,4,5,4,4,5,5,7,5,4,4,5,4,5,5,3,1
38,2,48,1,8,1,16,1,20,1,0,2,6,5,6,7,5,6,6,5,6,6,4,3,2,2,6,6,7,3,3,7,4,7,6,2,3,2,1,6,6,7,4,4,3,2,2,4,2,2,4,4,5,4,4,5,6,6,6,7,6,1,5,7,7,6,5,5,5,3,1
39,1,47,1,1,1,30,2,1,1,1,5,3,2,2,4,4,7,4,5,6,5,4,4,1,1,6,5,6,4,4,4,2,3,3,2,4,2,1,1,1,1,1,1,4,2,3,4,2,2,1,5,5,6,5,6,4,7,7,7,7,1,7,5,7,7,6,6,6,5,7
41,2,44,1,3,2, ,1,3,3,0,4,5,5,5,4,5,1,3,3,3,4,4,7,7,6,5,1,2,4,4,5,5,5,4,6,6,6,1,2,1,1,1,2,2,3,1,4,2,2,4,5,5,6,6,6,4,7,5,4,4,4,4,7,5,7,5,5,5,4,7
42,2,31,1,4,1,16,1,10,1,6,4,2,5,5,4,5,4,6,6,6,5,6,1,1,1,5,6,5,2,2,4,4,6,2,2,2,2,1,4,3,4,1,2,1,1,1,4,3,1,3,5,6,5,5,5,6,6,5,7,7,7,7,7,6,7,5,6,6,3,5
44,1,29,1,1,1,28,2,1,1,3,4,2,1,2,2,2,1,4,3,1,3,7,1,2,1,1,3,1,1,4,1,5,2,1,6,4,6,1,1,1,5,3,8,4,2,4,4,3,4,4,6,5,7,4,6,1,4,6,4,7,6,4,7,6,4,3,6,5,4,6
46,2,39,1,3,1,19,1,2,1,8,3,3,4,4,7,4,7,2,3,3,5,7,1,1,1,2,7,2,1,2,4,7,7,5,2,6,2,1,2,2,7,1,1,2,1,1,4,3,2,3,6,5,1,5,7,3,5,1,7,7,7,7,7,7,7,7,7,7,5,2
50,1,25,1,3,2, ,2,0,0,0,3,4,6,3,7,6,4,7,3,4,6,6,3,4,3,7,7,4,2,2,7,4,7,6,2,2,5,1,1,1,2,6,1,5,6,4,5,3,3,4,2,6,2,6,2,2,5,2,4,4,7,7,3,6,6,2,5,6,2,5
51,1,47,1,3,1,28,2,6,0,0,3,5,7,7,7,7,7,7,6,7,6,6,1,4,3,6,7,5,1,1,7,4,7,7,3,7,7,1,1,6,3,2,7,6,3,4,5,3,4,3,2,5,7,6,7,6,5,5,5,2,7,6,3,1,1,3,1,3,1,4
52,2,41,1,8,1,13,1,9,1,0,1,3,6,5,6,3,7,7,7,7,7,7,1,3,1,7,7,7,1,1,6,3,7,6,4,4,3,1,5,3,9,7,7,3,3,3,5,2,3,4,2,5,1,6,6,6,7,1,7,3,5,3,6,3,6,3,3,5,2,2
55,1,40,1,1,1,31,2,1,1,1,4,4,4,4,4,4,4,4,4,4,4,4,4,4,4,4,4,4,4,4,4,4,7,4,4,4,4,1,1,1,1,1,1,1,1,1,5,1,1,4,4,4,4,4,4,4,4,4,4,4,4,4,4,4,4,4,4,4,4,4
60,2,36,1,5,1,16,1,3,1,15,5,6,6,6,7,6,7,5,5,5,5,5,1,3,1,7,7,7,1,1,6,6,7,6,2,5,2,1,2,2,2,1,1,1,1,1,5,4,2,4,5,7,7,7,7,7,7,7,7,7,7,7,7,7,7,7,7,7,6,5
61,2,45,1,6,1,17,1,6,1,3,3,4,4,3,3,3,4,3,2,4,4,5,7,1,7,7,7,7,4,4,6,4,4,3,2,2,2,1,1,2,4,3,7,3,2,2,5,4,2,4,5,5,5,6,5,4,7,7,7,6,7,6,7,7,7,5,5,5,4,4
63,1,56,1,5,1,18,2,10,0,0,2,3,3,3,2,3,4,3,3,4,5,2,7,7,7,7,7,7,3,2,6,4,6,5,2,6,6,1,6,6,6,7,8,5,4,4,5,3,3,4,5,6,5,6,7,6,5,1,1,6,3,2,6,5,5,6,6,5,5,6
64,1,57,1,6,1,18,2,10,0,0,2,3,3,4,6,4,3,3,3,4,4,2,7,6,7,7,6,7,2,2,6,4,7,5,2,6,6,1,6,6,7,8,9,8,3,6,5,3,3,5,5,6,6,6,7,5,6,2,4,6,3,1,6,5,5,5,5,5,6,6
67,1,56,1,20,1,18,2,30,1,10,1,3,3,5,5,3,5,5,5,5,5,5,2,2,3,5,5,5,4,4,5,5,5,5,3,3,3,1,1,1,1,1,9,7,7,7,5,4,4,2,6,6,6,6,6,6,6,5,6,5,6,5,5,5,5,4,4,4,3,3
70,2,31,1,4,1,15,1,35,1,30,3,2,2,2,2,2,2,4,4,4,4,6,1,1,1,6,6,6,1,2,3,3,3,3,2,2,2,1,6,3,5,9,8,7,7,8,5,4,4,5,6,6,6,6,6,3,7,5,7,7,7,1,7,7,7,7,7,7,5,5
74,1,32,1,2,1,21,2,5,0,0,3,4,4, ,1,1,1,1,1,1,7,7,1,4,7,7,7,7,1,1,7,4,4,7,2,2,2,1,5,5,9,9,9,6,6,6,6,2,5,1,1,7,7,5,7,7,7,1,1,1,4,1,7,2,1,7,2,6,1,1
76,2,33,1,1,1,16,1,1,1,15,4,6,1,4,7,6,7,4,3,3,3,2,1,1,4, ,7,7,5,4,2,7,7,7,2,2,2,1,1,1,1,1,1,2,1,1,6,4,1,7,4,7,6,7,7,4,7,1,7,7,7,7,7,7,7,6,6,6,5,5
83,2,41,1,10,1,14,1,6,1,0,1,4,3,3,5,3,6,6,7,7,6,7,7,6,7,7,7,7,2,3,6,4,5,6,3,2,2,2,3,2,1,1,1,2,1,1,1,1,1,1,2,6,1,2,5,7,1,7,4,2,7,7,7,3,5,6,6,7,5,1
84,2,30,1,10,1,17,1,15,1,0,3,4,4,4,4,4,4,4,4,4,3,4,4,6,5,5,5,4,4,5,4,4,4,5,4,4,3,2,6,6,5,5,5,1,1,1,1,1,1,1,5,4,4,5,4,4,4,5,4,5,5,5,4,4,4,4,2,2,2,2
85,1,26,1,10,2, ,2,1,1,1,4,2,4,2,4,2,3,1,1,2,2,7,2,1,4,2,3,1,2,4,2,6,4,4,3,5,2,2,2,2,8,5,9,2,3,4,1,2,1,6,6,7,4,4,6,5,6,6,7,4,2,4,6,7,7,7,7,6,7,7
86,1,42,1,2,1,28,2,1,1,3,2,3,6,4,5,3,3,6,4,3,2,4,3,5,3,4,2,3,5,3,3,4,5,4,6,5,3,2,2,1,1,2,1,2,2,1,2,2,3,3,1,4,6,5,4,7,6,4,6,6,6,6,4,3,3,5,5,6,6,4
87,2,60,1,5,1,15,1,6,1,0,1,5,7,7,7,7,7,6,7,7,7,7,1,4,7,7,7,7,2,2,7,7,7,7,5,2,2,2,2,6,8,3,4,1,2,1,2,2,2,1,2,5,1,2,4,6,7,1,5,5,1,4,4,5,6,3,5,7,1,1
88,1,47,1,6,1,19,2,5,1,10,2,5,3,4,4,4,6,6,5,2,3,2,4,6,6,2,4,3,5,4,3,4,5,4,6,3,6,2,6,4,3,8,7,6,3,6,2,4,2,7,3,5,3,4,4,6,4,3,5,2,5,6,2,6,3,5,5,3,1,5
89,2,41,1,1,1,23,1,1,1,0,2,4,6,6,7,7,4,3,7,6,5,6,7,2,5,7,7,7,4,6,5,4,6,4,2,2,2,2,1,1,6,3,1,2,1,2,2,1,2,1,3,7,6,7,7,2,2,2,4,7,7,7,6,2,3,1,1,1,2,1
90,2,53,1,8,1,21,1,7,1,4,3,7,7,7,7,7,4,7,7,7,7,7,4,4,7,7,7,7,1,1,7,5,7,7,4,6,3,2,1,1,6,2,4,1,1,1,2,3,1,2,3,6,2,5,7,7,1,2,5,4,7,5,7,7,7,2,2,2,1,1
91,2,66,1,1,1,20,1,2,1,2,2,2,4,6,6,6,6,4,4,6,6,7,1,1,1,7,7,7,7,7,7,4,4,6,2,2,2,2,2,1,9,1,1,2,2,2,2,2,1,4,3,6,6,6,6,6,6,6,6,6,7,7,1,7,7,7,7,7,7,7
92,1,31,1,1,2, ,2,1,1,0,4,3,2,5,3,4,3,3,3,2,2,4,3,3,2,3,4,3,2,3,2,3,3,4,5,6,5,2,1,1,1,7,5,6,6,7,2,1,2,4,5,6,5,3,4,2,5,5,4,6,5,6,4,3,4,5,6,4,5,6
93,2,41,1,3,1,19,1,2,1,5,2,4,4,5,7,4,7,5,6,6,7,7,1,1,1,5,7,6,3,3,6,3,3,4,4,3,4,2,2,1,1,5,2,3,3,3,2,2,2,2,5,5,6,5,5,6,6,5,7,6,7,7,5,5,5,5,5,5,4,4
95,2,31,1,2,2, ,1,1,1,1,4,2,2,3,6,2,3,4,5,6,3,3,3,2,2,2,3,4,3,2,2,3,2,3,2,6,6,2,2,1,2,1,3,5,2,2,2,2,1,2,5,6,5,4,6,6,5,6,5,4,4,7,6,5,5,6,5,5,5,5
96,2,41,1,4,1,21,1,2,1,0,3,3,4,4,4,4,6,3,4,4,5,5,2,2,2,4,4,4,3,3,4,3,5,3,3,4,4,2,2,2,2,2,2,1,1,2,2,2,2,2,5,5,5,5,6,5,7,7,7,7,7,7,6,6,6,5,5,5,5,5
97,2,31,1,2,1,27,1,1,1,1,3,3,2,3,7,4,7,4,3,5,5,4,2,2,6,5,2,3,3,4,3,4,3,4,6,3,4,2,2,2,3,2,2,4,2,4,2,2,2,4,5,6,4,5,6,5,6,5,6,5,2,4,5,5,6,5,5,6,4,5
98,1,28,1,2,2, ,2,0,0,0,4,3,3,4,6,3,5,5,3,4,4,4,4,3,5,4,3,4,5,4,3,4,5,4,5,4,4,2,4,2,4,3,5,3,4,3,2,3,2,4,5,3,5,4,7,4,5,4,4,4,1,2,3,2,3,4,3,4,3,3
99,2,33,1,3,1,19,1,5,1,0,5,4,2,2,3,2,2,5,5,5,4,3,6,6,7,7,7,7,3,3,2,2,5,2,2,2,2,2,1,2,6,1,4,2,1,1,2,2,2,2,5,6,1,5,4,3,1,6,4,5,7,6,7,6,7,2,2,3,2,2
100,2,28,1,3,1,16,1,1,1,2,4,5,5,6,3,6,4,2,4,4,6,6,7,7,6,2,2,4,6,6,5,4,4,5,6,6,3,2,1,1,6,3,7,1,1,1,2,2,1,1,5,5,6,6,6,3,6,6,7,7,7,7,6,6,6,6,7,7,6,4
101,2,29,1,5,1,16,1,3,1,2,4,2,2,3,5,2,5,6,6,4,3,3,1,2,2,3,6,3,2,2,2,3,2,2,2,2,3,2,2,1,9,2,2,2,2,2,2,2,2,4,5,5,5,6,6,5,6,3,6,6,7,5,7,7,7,3,3,5,2,1
102,2,72,1,3,1,18,1,5,1,1,2,4,4,6,7,4,4,3,3,4,3,2,4,2,4,7,7,7,4,7,7,4,7,3,2,2,2,2,2,2,9,2,1,2,2,2,2,2,1,4,5,6,5,6,7,6,6,2,6,6,7,7,7,7,7,7,7,7,6,1
103,2,33,1,8,1,17,1,11,1,0,5,4,4,4,4,4,4,4,4,4,4,4,4,4,4,4,4,4,4,4,4,4,4,4,4,4,4,2,2,2,2,2,2,7,3,3,2,1,1,1,6,6,5,5,5,5,4,4,6,1,7,7,6,2,5,5,5,5,5,5
104,2,53,1,3,1,23,1,2,1,0,4,4,4,4,7,4,6,6,4,6,4,5,1,1,7,7,7,7,4,4,4,4,7,5,5,2,2,2,1,1,4,1,4,2,2,1,2,2,1,2,6,6,3,5,7,5,7,7,7,7,7,6,6,6,6,5,5,5,4,3
105,2,56,1,18,1,16,1,8,1,0,3,2,2,2,3,2,4,5,6,6,7,6,2,1,7,7,7,7,3,2,2,3,6,2,2,2,2,2,4,4,6,3,5,2,2,2,2,2,2,2,6,6,7,7,7,6,6,1,7,4,7,5,3,5,6,2,2,2,1,2
106,2,66,1,2,1,21,1,2,2,2,2,4,5,5,6,6,6,2,4,5,5,7,7,1,1,7,7,7,7,7,7,4,7,7,2,2,2,2,2,1,7,7,9,2,2,2,2,2,1,4,6,6,7,7,7,7,7,6,7,7,7,5,7,7,7,7,7,7,7,7
107,2,65,1,3,1,17,1,1,1,1,4,5,5,5,5,5,5,1,1,2,3,2,4,4,4,4, ,7,2,3,5,5,5,5,3,3,3,2,2,2,7,1,1,1,1,1,2,2, ,4,6,7,7,7,7,7,7,7,7,5,7,7,7,7,7,7,7,7,4,6
108,1,25,1,1,1,21,2,1,1,1,4,2,3,4,3,4,3,2,3,4,2,5,3,4,3,2,4,3,2,4,3,4,3,2,5,4,5,2,2,2,8,6,3,3,4,3,2,2,2,4,6,5,5,6,5,4,5,6,5,4,6,5,4,5,5,4,5,6,5,4
109,2,39,1,1,1,21,1,1,1,0,4,1,1,1,5,1,6,6,7,7,7,2,1,1,1,7,7,7,7,7,2,6,6,1,2,2,2,2,1,1,1,1,1,1,1,1,2,2,2,2,7,7,7,7,7,7,7,1,7,7,7,7,7,7,7,7,7,7,7,7
110,2,52,1,6,1,17,1, ,1,0,3,2,4,4,6,6,6,1,1,2,4,4,1,1,1,7,7,7,2,2,7,4,7,2,2,2,2,2,4,4,1,1,1,1,1,1,2,1,1,2,7,7,7,7,7,7,5,7,7,7,7,7,7,4,7,7,7,7,7,7
111,2,50,1,2,1,19,1,2,1,4,3,3,3,5,7,4,7,7,7,7,7,7,4,4,3,7,3,7,3,6,6,7,7,5,2,2,6,2,1,1,1,1,1,1,1,1,2,2,1,4,7,7,3,7,7,7,1,1,1,1,7,7,3,1,6,4,2,6,1,2
112,2,57,1,2,1,21,1,1,1,2,2,5, ,6,6,6,6,6,6,6,6,6,2,2,2,6,6,6,6,6,6,6,6,6,4,3,2,2,1,1,2,1,3,1,1,1,3,2,2,2,2,2,3,3,4,6,5,5,6,4,6,6,6,5,5,5,6,5,5,5
114,2,30,1,15,1,14,1,15,1,0,3,3,3,2,3,2,7,5,6,6,6,5,3,3,7,7,7,7,7,3,3,3,2,1,2,5,2,2,1,1,4,1,1,1,1,1,3,2,1,4,3,6,6,6,6,5,5,6,7,7,7,7,7,7,7,7,7,7,7,7
115,2,32,1,10,1,19,1,8,1,0,4,3,4,4,2,2,3,5,5,5,5,5,2,3,4,6,7,7,4,4,3,4,5,3,2,3,4,2,1,1,5,2,3,2,1,1,3,2,2,5,3,6,4,5,7,4,3,5,5,3,6,5,5,4,4,7,7,7,5,4
116,2,27,1,7,1,17,1,10,1,2,3,4,3,4,3,3,3,6,5,6,6,6,2,2,2,6,6,6,2,3,3,3,3,2,2,2,3,2,4,6,2,2,5,6,1,1,3, ,1,1,4,6,5,6,5,4,7,6,6,3,6,5,6,5,5,3,3,3,2,2
117,2,54,1,4,1,18,1,10,1,0,3,4,3,3,3,3,6,4,4,5,4,6,2,2,2,4,4,4,1,1,1,1,4,4,4,7,2,2,2,4,9,5,9,3,1,1,3,2,2,4,4,4,6,6,5,4,7,7,7,1,1,4,7,7,7,7,7,7,4,4
118,2,70,1,1,1,19,1,2,1,2,3,2,1,1,1,1,1,3,3,4,3,6,5,3,3,7,7,7,5,5,6,6,7,3,3,2,2,2,1,2,1,1,8,1,1,1,3,2,1,2,5,6,5,5,4,6,7,6,6,7,1,7,7,6,7,7,6,7,6,7
119,2,32,1,1,1,23,1,1,1,1,3,4,4,3,6,4,7,4,3,4,4,5,1,1,1,6,6,6,3,4,5,4,7,4,2,2,4,2,1,1,1,1,1,1,1,1,3,2,2,4,5,6,6,6,6,6,6,6,6,6,7,7,7,7,7,6,6,6,5,5
120,2,63,1,5,1,20,1,1,1,2,4,3,3,3,7,4,6,5,3,4,3,2,1,1,4,6,6,7,3,4,4,4,7,2,2,2,4,2,1,1,2,1,1,2,1,1,3,2,1,3,5,6,5,6,7,5,7,7,7,7,7,7,7,7,7,7,6,6,6,6
122,1,29,1,5,1,17,2,9,1,3,4,5,6,5,3,2,2,4,3,3,2,4,3,3,5,6,4,3,3,4,3,3,2,4,2,5,6,2,5,5,6,5,3,6,5,5,3,4,4,4,5,5,6,4,5,5,3,2,5,5,5,6,6,4,5,5,3,4,6,5
123,1,25,1,4,1,19,2,2,1,2,5,3,2,4,3,3,2,4,2,3,3,4,3,2,2,3,2,3,2,3,2,2,2,2,5,6,6,2,2,2,7,6,5,7,6,7,3,4,4,6,5,4,3,5,6,5,4,3,5,6,5,3,3,5,6,6,4,5,3,5
125,2,34,1,1,1,20,1,1,1,4,2,1,2,2,4,2,7,7,7,7,7,7,1,1,1,7,7,7,1,1,4,4,7,1,2,2,2,2,1,1,1,1,1,1,1,1,3,3,1,2,6,6,5,7,6,7,7,5,7,7,7,7,7,7,7,7,2,2,4,7
126,2,49,1,3,1,18,1,1,1,2,4,4,5,6,6,6,6,6,6,6,6,3,2,2,4,6,6,6,6,6,6,6,6,4,2,2,2,2,1,1,1,1,1,1,1,1,3,2,2,2,6,6,6,6,6,6,5,5,7,7,7,7,6,7,7,5,5,5,6,6
127,1,29,1,1,1,25,2,1,1,2,4,6,6,4,1,4,7,5,5,4,5,5,7,7,7,1,1,1,7,7,5,5,4,7,7,7,7,2,2,1,1,1,5,5,7,7,3,4,4,6,6,7,6,7,6,1,7,7,7,7,1,7,5,5,6,7,7,7,6,6
128,2,53,1,3,1,24,1,2,1,1,4,4,3,3,4,3,6,5,4,4,4,4,1,1,3,4,4,4,3,3,4,4,6,5,5,4,4,2,1,1,2,1,4,2,2,2,3,2,1,2,6,5,4,5,6,6,7,7,7,7,7,7,7,7,7,7,7,7,4,4
129,2,29,1,2,2, ,1,0,0,0,4,6,5,3,5,7,5,4,2,4,5,4,4,3,5,4,6,4,5,7,4,2,1,3,2,4,3,2,1,1,3,2,8,5,4,3,3,1,1,5,6,6,6,6,7,7,6,3,5,4,7,5,6,5,4,6,5,5,3,6
130,2,28,1,1,1,16,1,1,1,3,3,3,3,4,6,4,7,7,7,7,7,5,1,1,4,6,7,7,4,4,3,2,7,4,2,2,2,2,1,1,5,1,1,2,1,1,3,2,2,3,6,6,7,6,7,2,7,6,7,7,7,7,5,5,4,6,5,6,3,3
132,2,31,1,1,1,17,1,1,1,0,2,3,4,5,6,4,5,7,7,7,6,6,1,2,3,7,7,7,2,3,6,4,7,3,2,5,5,2,1,1,7,1,1,4,3,2,3,2,2,1,6,7,3,5,7,7,7,7,7,6,7,7,7,7,7,3,3,3,1,1
133,2,28,1,3,1,17,1,7,1,1,4,6,5,5,5,5,1,4,5,5,5,6,5,5,5,5,5,5,4,5,4,5,2,3,5,6,5,2,6,3,7,7,7,7,6,1,3,1,3,3,6,6,4,6,6,4,6,6,7,6,7,6,6,6,6,6,6,7,6,4
134,2,47,1,4,1,13,1,80,1,3,4,3,2,2,2,2,2,6,6,4,6,6,7,7,7,7,7,7,2,3,3,4,6,2,2,2,2,2,9,9,8,8,8,2,2,2,3,3,3,4,6,6,6,6,5,6,5,5,4,7,7,1,5,5,5,3,6,6,1,1
135,2,58,1,3,1,18,1, ,0,2,2,3,3,3,4,3,7,6,7,7,7,7,7,1,4,7,7,7,3,7,3,1,1,1,5,2,2,2,9,9,1,1,1,2,2,2,3,2,2,5,7,7,7,7,7,3,2,4,4,7,1,7,1,1,7,7,7,7,7,7
136,2,33,1,4,1,15,1,8,1,1,4,2,2,5,4,2,1,6,7,5,7,5,2,2,1,6,6,6,2,2,4,1,6,2,2,5,2,2,3,6,8,7,8,1,1,1,3,2,1,3,7,6,5,5,7,5,7,7,7,7,7,2,7,7,7,2,2,2,2,2
138,2,44,1,15,1,16,1,12,1,12,3,3,6,5,6,6,6,6,6,6,6,6,2,2,2,6,6,6,2,2,6,3,5,3,2,2,6,2,4,4,7,2,3,2,2,2,4,2,2,3,1,5,1,1,1,6,3,7,5,2,7,7,6,5,7,5,5,6,2,2
139,1,25,1,8,1,18,2,7,1,1,4,2,5,4,3,4,5,3,5,4,3,4,2,3,4,5,3,3,2,2,4,3,5,3,6,4,5,2,1,1,1,1,1,1,1,1,4,4,4,4,2,4,3,6,5,4,5,3,4,7,5,6,6,3,5,4,3,5,6,5
140,2,40,1,3,1,17,1,2,1,6,3,5,5,5,4,5,5,5,5,5,5,5,6,6,5,2,2,2,6,5,5,5,3,5,5,6,6,2,1,1,1,1,2,1,1,1,4,3,2,4,2,2,2,2,2,2,4,4,7,7,7,7,7,4,2,6,2,6,6,6
141,1,62,1,10,1,18,2,4,1,4,3,3,6,6,6,6,6,3,5,6,6,2,2,2,2,6,6,6,3,3,6,3,6,6,2,2,2,2,1,1,3,3,7,8,2,6,4,3,1,5,2,6,2,5,6,3,2,2,5,7,7,3,3,2,2,3,2,2,2,2
142,2,37,1,10,1,16,1,5,1,4,3,3,3,5,3,3,1,5,3,4,3,2,1,3,4,7,7,7,1,1,4,3,4,3,2,2,2,2,1,1,7,1,9,1,1,1,4,3,2,2,2,5,5,6,6,5,3,1,4,7,7,6,1,1,1,6,7,7,1,1
143,2,52,1,10,1,14,1,68,1,6,3,6,6,6,6,6,1,4,3,4,5,7,4,2,4,5,6,6,1,1,7,4,7,7,2,7,4,2,9,9,9,7,9,6,4,4,4,3,3,3,2,5,6,5,3,3,5,6,7,5,7,5,2,2,2,3,5,5,2,2
144,2,36,1,3,1,22,1,1,1,5,4,2,2,3,6,2,6,4,4,4,4,3,1,2,4,5,6,5,2,3,3,4,5,2,2,2,2,2,1,1,1,1,1,2,2,2,4,3,1,3,3,5,5,5,5,6,5,6,7,7,7,7,6,5,5,5,5,4,4,6
145,2,43,1,4,1,22,1,1,1,4,3,3,4,3,7,3,6,3,4,6,6,2,1,1,2,7,7,7,5,5,5,4,7,4,2,2,2,2,1,1,1,1,1,1,1,1,4,2, ,3,3,5,5,5,6,6,5,5,6,6,7,7,7,7,7,7,7,7,7,6
146,2,41,1,7,1,26,1,2,1,0,4,3,4,5,1,5,1,7,7,6,2,7,7,7,5,1,1,1,4,4,2,4,1,4,7,7,7,2,1,1,1,1,1,1,1,1,4,2,1,4,3,6,6,6,6,2,6,3,7,2,7,7,7,7,7,7,7,7,5,6
147,1,25,1,3,1,20,2,3,1,15,4,5,2,5,3,2,1,3,2,3,3,3,2,1,2,2,4,2,1,3,2,3,4,2,2,4,3,2,3,2,1,3,8,5,3,6,4,4,3,5,3,6,2,1,6,7,6,5,6,7,5,6,6,5,7,6,5,6,5,6
148,2,48,1,5,1,28,1,5,1,4,4,3,3,5,6,3,7,6,6,7,5,2,2,1,1,6,7,7,3,3,6,2,7,5,2,2,2,2,1,2,5,3,1,1,1,1,4,3,3,4,3,6,6,7,7,7,7,1,7,6,7,6,7,7,7,5,5,5,3,5
149,2,33,1,2,1,22,1,1,1,4,5,4,5,5,5,4,3,5,5,6,6,6,1,2,2,7,7,7,2,2,6,4,6,6,2,3,4,2,1,1,6,1,1,2,2,2,4,3,2,3,3,6,3,6,7,7,7,6,7,7,7,7,7,7,7,6,6,6,5,6
150,2,33,1,13,1,15,1,10,1,8,2,3,5,5,6,6,7,3,5,6,7,3,1,2,2,7,7,7,1,1,7,3,7,3,2,6,2,2,3,7,7,3,4,5,2,2,4,4,1,4,3,3,2,3,7,5,2,2,7,7,7,5,7,7,7,6,6,6,3,1
151,2,29,1,7,1,16,1,5,1,5,4,3,5,3,3,4,4,5,5,5,5,5,3,2,2,6,6,6,2,2,3,3,3,5,5,5,5,2,2,4,8,3,7,2,2,2,4,2,2,5,3,6,6,5,4,5,6,1,6,6,7,4,2,5,4,3,4,5,4,5
152,1,27,1,6,1,16,2,2,1,5,3,2,4,5,7,2,7,6,7,7,3,4,4,5,3,5,4,4,5,3,3,4,4,5,4,3,2,2,1,1,1,1,1,1,1,1,4,3,2,4,4,5,6,6,5,6,7,1,4,7,7,7,5,6,5,5,5,6,5,6
153,1,23,1,3,1,17,2,25,1,4,4,3,4,3,2,4,3,2,4,5,3,4,5,4,2,3,4,5,4,2,4,2,4,3,3,4,5,2,5,3,1,2,7,4,4,3,4,3,5,4,4,5,3,3,4,5,4,2,5,5,3,5,3,4,6,4,3,4,3,5
154,2,35,1,7,1,14,1,5,1,6,3,4,3,4,3,5,1,1,2,4,4,6,7,6,5,3,2,1,3,3,4,3,2,4,5,4,3,2,2,1,1,2,7,4,2,3,4,3,1,3,4,3,5,3,2,4,3,6,4,5,2,4,1,2,4,5,2,5,3,2
155,1,46,1,7,1,20,2,10,1,4,4,4,4,4,4,4,6,6,6,6,6,6,5,4,4,4,4,4,4,2,2,2,4,4,4,4,4,2,5,3,5,5,5,5,5,5,4,3,3,4,4,4,4,4,4,4,4,4,4,4,4,4,4,4,4,4,4,4,4,4
156,1,34,1,10,1,18,2,10,1,5,4,6,4,3,3,4,1,4,4,5,3,4,5,5,4,3,4,3,4,5,4,5,4,3,6,4,3,2,2,2,6,5,5,7,5,5,4,3,4,4,4,5,5,4,3,5,4,5,4,5,5,4,4,5,4,4,3,4,5,4
157,2,45,1,1,1,18,1,5,1,5,3,4,5,5,5,5,5,4,4,5,4,4,2,2,4,5,5,5,5,4,4,4,4,4,4,4,4,2,4,4,7,7,7,3,2,2,4,3,1,4,4,5,5,5,5,5,7,7,7,7,7,7,7,6,6,6,6,6,6,2
159,2,25,1,3,2, ,1,1,1,0,4,1,3,2,3,3,2,2,3,2,2,4,3,2,3,1,2,4,3,4,3,3,4,2,6,5,5,2,2,2,1,1,5,5,3,3,4,5,4,4,5,6,4,3,6,1,5,6,5,4,4,6,5,3,5,6,6,4,5,6
160,2,42,1,4,1,21,1,4,1,30,4,1,1,1,3,3,7,7,7,7,5,3,3,1,7,7,7,7,3,3,3,1,3,3,2,2,2,2,1,1,1,1,1,2,2,2,4,2,1,7,5,4,7,7,5,7,7,7,4,7,7,7,7,7,7,7,7,7,4,7
161,1,35,1,1,1,20,2,1,1,1,4,2,2,2,2,2,2,2,2,2,2,2,2,2,2,6,6,6,2,2,2,2,2,2,2,4,2,2,2,2,1,1,1,6,6,6,4,4,2,4,5,5,5,6,1,1,6,6,6,7,1,6,6,6,6,6,6,6,6,6
162,2,40,1,7,1,14,1,6,1,5,4,3,3,3,5,3,7,7,3,3,3,2,1,1,1,7,7,7,1,1,7,3,7,3,2,2,2,2,2,1,1,1,1,1,1,1,4,3,2,4,5,7,7,7,7,6,1,7,7,7,7,7,7,7,7,7,7,7,6,7
164,1,44,1,0,2, ,2,1,1,0,4,3,4,3,2,3,4,5,4,4,4,5,4,5,3,3,4,5,4,4,5,4,3,3,3,2,3,2,1,1,1,1,9,2,2,1,4,4,2,4,5,4,3,4,5,6,5,4,3,5,5,6,5,4,3,4,5,6,4,3
165,2,47,1,7,1,17,1,7,1,4,3,3,3,3,3,3,7,7,7,7,7,7,1,3,1,7,7,7,2,2,3,2,7,5,2,2,5,2,7,2,1,1,1,1,1,1,4,3,2,2,5,6,7,6,7,7,1,2,2,3,7,7,1,1,1,5,5,5,1,3
166,2,28,1,1,1,20,1,1,1,1,3,4,3,2,2,2,5,4,1,2,2,4,2,2,2,4,4,4,3,3,3,2,2,2,3,4,3,2,2,2,1,1,9,1,1,1,4,3,2,4,5,5,6,6,6,5,6,6,6,6,1,5,5,5,5,5,5,5,5,5
167,2,32,1,1,1,23,1,1,1,1,3,4,5,5,7,6,7,4,4,5,4,4,2,2,2,6,6,6,6,6,6,4,6,4,2,2,2,2,2,1,1,1,1,2,2,1,4,3,2,3,5,5,5,5,6,5,7,7,7,7,7,7,7,7,7,7,7,7,6,6
168,2,28,1,3,1,17,1,2,1,1,3,4,3,3,3,3,5,5,5,5,4,5,3,3,2,5,6,6,3,3,5,4,5,4,4,3,4,2,2,2,1,1,1,2,1,2,4,4,2,4,5,5,7,6,7,4,7,1,7,6,7,7,7,5,5,4,4,5,3,1
169,1,32,1,5,1,27,2,1,1,8,3,4,4,4,4,4,4,4,4,5,4,4,4,4,4,4,4,4,4,4,4,4,4,4,4,4,3,2,2,1,1,1,1,2,2,1,4,4,2,5,5,5,5,3,3,5,6,5,7,7,6,7,7,7,7,7,6,6,5,7
170,2,43,1,4,1,15,1,4,1,8,2,6,6,5,6,6,7,6,5,4,5,7,7,7,5,6,1,1,7,7,5,5,7,7,7,4,5,2,4,1,1,1,1,6,5,1,4,3,3,3,5,6,6,6,5,3,4,4,7,2,7,7,6,6,6,5,6,6,2,6
171,2,39,1,11,1,14,1,5,1,8,3,2,2,2,2,2,4,2,2,2,2,2,2,7,7,3,5,4,6,6,6,6,6,5,3,3,5,2,2,5,2,5,7,6,4,6,4,2,2,4,5,5,7,6,6,4,7,3,7,4,6,6,6,6,6,6,6,6,5,6
172,2,59,1,5,1,16,1,4,1,1,4,3,5,5,6,6,7,3,2,5,5,3,1,2,2,6,6,6,4,4,7,4,7,5,3,2,2,2,2,1,2,2,5,3,3,1,4,2,2,3,5,3,5,5,5,5,7,7,7,6,7,6,7,7,7,6,6,6,5,5
173,1,34,1,10,1,17,2,18,1,2,4,2,2,2,4,2,6,4,4,4,3,2,2,3,4,3,6,6,2,3,3,6,4,5,2,2,2,2,6,6,3,2,6, , , ,4,4,4,4,5,5,4,3,5,5,5,1,4,6,4,4,7,6,5,6,5,5,5,7
174,2,29,1,2,1,20,1,2,2,2,4,2,3,2,3,5,3,2,3,3,3,6,2,2,3,3,2,3,2,5,5,2,3,3,5,6,5,2,2,3,3,4,5,4,6,5,4,4,4,4,5,6,6,6,5,5,4,5,6,5,5,6,6,5,6,6,7,6,5,5
175,2,51,1,2,1,16,1,2,1,0,4,5,4,3,1,3,3,4,3,4,2,3,4,6,4,2,1,1,4,2,2,3,1,6,7,7,4,2,1,1,4,2,4,2,2,1,4,2,1,3,5,6,6,5,6,6,6,6,6,6,6,6,5,5,5,5,5,5,3,3
176,1,40,1,4,1,20,2,5,1,1,3,2,2,3,4,3,4,4,4,4,3,3,2,3,3,4,5,4,2,3,3,3,3,3,2,3,3,2,3,3,5,7,5,2,2,2,4,3,2,4,5,6,5,5,6,3,6,6,5,6,6,5,5,5,5,6,6,6,5,5
177,2,42,1,4,1,17,1,3,1,2,3,3,3,3,3,3,6,5,5,4,5,5,1,2,2,6,5,4,3,3,3,3,3,6,2,2,2,2,3,2,5,1,7,2,1,1,4,3,1,4,5,2,7,7,7,4,5,2,5,7,7,7,7,7,7,5,4,6,3,1
178,1,32,1,3,1,18,2,3,1,5,3,4,2,4,3,5,2,6,4,3,3,3,4,6,3,5,3,7,6,4,2,3,6,3,4,4,2,2,4,3,5,7,5,3,2,2,4,5,5,4,5,4,4,6,6,4,6,5,4,5,5,4,4,5,3,3,4,6,5,1
179,1,49,1,6,1,21,2,4,4,100,4,4,5,5,4,5,4,5,4,5,5,4,5,4,5,4,5,4,5,5,4,5,4,5,4,3,4,2,2,2,5,4,6,4,4,4,4,4,4,5,5,4,5,4,5,4,5,4,5,4,5,4,5,4,4,5,4,5,4,5
180,2,57,1,7,1,18,1,6,1,0,4,4,4,5,7,7,4,5,5,4,5,2,1,1,7,7,7,7,7,7,7,4,7,3,2,2,2,2,1,1,5,1,4,1,1,1,4,2,2,3,5,5,7,7,7,7,7,3,7,7,7,5,7,7,7,5,5,5,6,5
181,2,35,1,3,1,23,1,2,1,4,2,3,3,3,6,3,6,6,6,6,6,5,2,2,2,6,6,6,2,2,2,4,6,6,2,2,2,2,1,1,6,1,2,2,2,2,4,3, ,3,5,6,5,5,5,6,6,6,7,7,7,7,7,7,5,7,7,7,5,4
182,1,26,1,3,2, ,2,2,1,0,5,3,2,2,3,2,2,2,2,3,3,4,2,2,1,4,4,4,3,2,2,2,1,4,5,6,4,2,3,2,6,8,6,7,6,5,4,2,4,5,5,6,5,5,6,6,5,6,4,5,5,6,5,4,5,6,6,6,5,2
183,2,39,1,5,1,18,1,5,1,6,4,3,2,4,5,2,3,3,2,5,3,3,2,1,2,6,6,7,3,3,5,3,5,3,2,3,2,2,3,3,6,4,4,2,2,3,4,4,3,4,5,6,7,7,6,2,2,1,7,6,2,6,5,5,6,5,6,6,6,5
184,2,48,1,5,1,16,1,21,1,1,2,4,4,5,5,3,5,6,6,6,5,2,6,3,6,7,7,7,2,3,5,3,6,3,2,3,4,2,6,6,6,3,4,2,2,2,4,3,2,3,5,5,5,5,5,6,4,5,4,7,7,5,3,5,6,3,5,6,2,1
185,2,34,1,7,1,23,1,7,1,4,5,4,4,4,4,3,5,3,3,4,3,2,1,1,2,5,6,4,3,4,5,3,6,3,2,3,4,2,2,1,6,1,7,2,2,1,4,3,1,4,5,7,5,7,7,6,2,7,4,7,7,6,7,7,7,7,7,7,5,6
186,2,30,1,7,1,17,1,25,1,3,3,4,5,5,2,4,1,1,1,1,1,3,7,7,3,1,1,1,5,5,1,5,2,6,6,4,6,2,6,6,6,4,5,5,5,1,4,2,2,3,5,6,2,6,6,6,7,2,7,6,7,7,7,6,6,5,4,4,2,6
187,2,24,1,5,1,16,1,20,1,4,3,2,2,2,7,2,7,6,6,7,7,7,4,4,4,7,7,7,5,1,2,2,4,4, ,4,4,2,2,2,7,7,6,5,6,4,4,3,4,5,5,5,5,5,6,5,4,5,6,4,5,4,5,3,4,5,5,4,5,4
188,2,27,1,1,1,20,1,1,1,4,3,5,6,6,6,4,3,6,7,6,6,5,2,3,5,7,7,5,3,3,5,4,6,5,2,2,2,2,1,1,7,5,6,3,3,2,4,2,1,3,5,5,6,5,7,5,7,7,4,7,2,7,5,5,6,3,3,5,2,4
189,2,29,1,6,1,17,1,10,1,5,3,5,5,5,6,5,6,6,6,6,5,5,7,3,7,5,5,5,3,3,6,3,5,3,3,2,3,2,3,5,7,7,5,2,2,2,4,3,2,3,5,6,5,5,6,5,3,5,4,6,7,5,5,5,5,3,3,3,2,2
190,1,51,1,10,1,18,2,10,1,2,3,2,4,3,4,4,7,6,7,7,7,7,3,3,2,6,6,7,6,6,4,6,7,1,2,5,2,2,2,4,8,5,3,2,1,2,4,3,1,4,5,6,7,7,6,2,7,7,5,7,7,5,7,6,7,5,6,6,2,5
191,2,25,1,2,1,16,1,15,1,1,4,3,3,3,3,3,3,2,2,4,1,2,1,1,3,6,6,6,1,1,5,3,2,2,3,4,3,2,7,7,8,8,7,7,4,6,4,2,2,3,5,6,5,6,6,4,7,7,4,5,6,3,7,7,6,7,7,7,6,1
192,1,35,1,10,1,15,2,12,1,8,2,3,3,4,3,4,7,3,2,4,3,2,1,2,4,7,7,7,1,1,6,3,6,4,2,2,2,2,3,5,8,8,8,4,2,2,4,4,2,4,5,5,5,7,4,4,7,4,7,7,6,3,6,5,5,5,5,5,3,1
193,2,42,1,5,1,17,1,8,1,1,3,3,4,4,4,4,3,2,2,4,3,2,3,3,4,6,6,6,3,3,4,3,4,1,2,2,2,2,3,3,9,9,5,3,3,3,4,4,4,4,5,5,6,6,4,5,6,6,6,6,7,4,6,6,6,6,6,6,6,4
194,1,48,1,5,1,14,2,17,1,0,3,3,3,4,4,3,5,3,2,4,4,5,4,2,2,6,7,7,2,3,4,3,3,3,5,6,2,2,3,7,9,3,9,5,3,3,4,4,4,3,5,7,3,6,5,2,7,7,6,7,7,2,5,5,5,6,6,6,3,1
195,2,51,1,10,1,14,1,20,1,4,2,4,7,7,7,7,7,7,7,7,7,2,2,2,2,7,7,7,2,2,7,4,6,3,2,2,2,2,8,8,9,1,1,1,1,1,4,3,1,4,5,7,6,6,7,7,1,5,1,7,7,7,1,1,1,1,1,1,1,1
197,2,45,1,3,1,17,1,3,1,4,5,1,1,1,3,1,2,3,3,3,2,2,1,1,1,3,7,7,1,1,1,2,7,1,2,2,2,2,2,1,1,1,1,2,2,2,4,3,1,4,6,6,6,7,7,6,7,5,7,7,7,7,7,7,6,6,6,6,7,6
198,2,29,1,1,1,25,1,1,1,12,4,1,2,3,5,3,6,2,2,4,2,2,1,2,2,6,5,7,3,5,2,2,4,2,2,4,3,2,1,1,1,1,1,2,2,2,4,2,1,4,6,6,7,6,7,6,7,7,7,7,7,7,7,7,7,7,7,7,7,7
199,1,45,1,1,1,24,2,1,1,8,4,2,2,2,6,3,4,3,2,3,2,2,2,2,2,5,6,6,2,3,2,4,3,3,2,4,2,2,1,1,1,1,1,1,1,1,4,4,2,4,6,6,7,6,6,6,4,6,7,7,1,7,4,6,4,4,4,5,4,4
200,1,35,1,1,1,20,2,1,1,1,3,3,3,3,2,2,4,3,1,3,2,4,2,2,2,2,2,2,2,2,2,1,2,2,2,4,4,2,2,2,1,1,5,2,2,2,4,4,2,5,6,6,6,6,6,2,6,6,6,6,6,7,7,7,7,7,7,7,7,7
201,2,28,1,1,1,20,1,1,1,10,4,4,3,2,2,2,4,2,3,2,2,5,2,2,2,2,2,2,2,2,2,2,2,2,2,4,4,2,2,2,1,1,3,1,1,1,4,3,2,5,6,6,6,6,6,2,6,6,6,6,5,5,6,6,7,6,6,6,7,6
202,2,28,1,1,1,21,1,1,1,10,3,4,3,2,2,2,5,2,1,2,2,4,2,2,2,4,2,3,3,3,3,3,3,4,3,4,4,2,3,3,1,1,2,1,1,1,4,3,2,5,6,4,6,5,6,5,5,5,5,5,1,6,6,6,6,6,6,6,6,6
203,2,55,1,11,1,17,1,11,1,3,3,3,4,5,6,4,7,3,3,5,5,3,1,1,3,7,7,7,2,5,6,2,7,2,2,2,4,2,3,1,2,1,1,2,1,1,4,3,2,3,6,6,5,5,6,6,5,3,7,7,7,7,6,5,5,3,3,3,2,2
204,2,36,1,1,2, ,1,1,1,1,3,6,6,6,6,6,6,6,6,4,3,6,2,2,2,4,2,4,2,3,2,2,2,2,3,6,3,2,2,2,2,2,2,4,4,4,4,3,4,3,6,6,6,6,6,6,6,6,6,6,6,6,6,6,6,6,6,6,6,6
205,2,50,1,5,1,16,1,6,1,4,2,2,2,2,4,2,3,5,5,4,4,4,1,1,1,7,7,7,2,2,4,2,7,2,6,4,2,2,1,1,3,1,1,2,2,1,4,4,2,5,6,7,7,7,7,7,7,7,7,7,7,7,1,7,7,1,7,7,7,7
206,2,35,1,2,1,24,1,2,1,0,2,2,3,4,6,3,7,4,5,4,3,3,1,1,2,5,7,6,2,4,4,6,6,1,2,4,2,2,1,1,3,1,1,1,1,5,4,2,2,3,6,6,6,6,7,6,7,7,7,7,7,7,7,7,7,7,7,7,5,1
207,2,40,1,10,1,16,1,8,1,3,1,3,3,4,4,3,5,2,2,4,3,5,2,2,3,5,5,6,3,3,3,4,3,2,6,3,3,2,3,3,3,3,6,2,2,2,4,3,2,4,6,7,4,6,7,5,7,7,7,7,7,6,7,7,7,6,6,6,6,6
208,1,27,1,3,1,19,2,2,1,3,4,5,5,5,6,4,6,5,6,6,5,5,3,3,4,7,7,7,5,5,6,4,6,4,2,2,2,2,2,1,3,1,2,2,2,1,4,4,4,5,6,6,5,6,7,7,4,4,4,6,7,7,5,4,4,5,3,3,1,1
209,1,69,1,5,1,18,2,3,1,2,4,6,6,6,2,6,2,4,5,5,3,5,2,1,1,6,3,5,4,4,3,3,3,3,2,4,2,2,3,2,3,3,3,1,1,2,4,3,3,3,6,6,7,7,7,5,5,3,6,7,7,6,3,3,5,6,6,6,2,1
210,2,34,1,5,1,17,1,9,1,3,4,7,5,4,3,5,3,7,7,5,4,4,7,7,5,2,2,2,5,4,7,6,4,7,7,6,6,2,2,4,3,1,3,1,1,1,4,3,1,3,6,6,6,7,7,6,7,5,7,7,7,6,5,5,7,7,7,7,5,2
211,2,27,1,2,2, ,1,1,1,7,5,1,1,6,1,1,7,7,1,1,1,2,1,1,1,7,7,2,1,1,1,7,2,1,7,2,2,2,1,1,4,1,9,8,8,8,4,2,1,6,6,7,7,7,7,1,7,7,7,7,7,7,7,7,7,7,7,7,7,7
212,2,50,1,4,1,21,1,9,1,12,4,6,6,6,1,6,6,2,4,4,4,5,7,7,6,1,1,1,6,6,5,6,2,5,7,7,7,2,2,3,4,1,1,1,1,1,4,4,3,4,6,7,7,6,7,6,7,6,7,7,7,7,7,7,7,7,7,7,3,5
213,2,42,1,12,1,15,1,12,1,4,3,2,2,3,3,2,4,3,3,3,3,5,3,2,3,3,3,3,3,3,3,2,3,3,3,3,3,2,2,2,5,1,1,2,2,2,4,4,4,4,6,7,6,6,7,6,7,6,7,7,7,7,7,7,7,6,6,6,6,4
214,2,38,1,2,1,26,1,1,1,5,3,2,2,3,6,3,6,4,5,4,5,4,2,2,2,3,4,4,3,3,3,3,4,3,2,3,2,2,2,1,5,2,3,2,2,4,4,4,2,3,6,5,5,5,5,5,6,6,6,6,6,6,6,6,6,6,5,4,5,5
215,2,54,1,25,1,18,1,10,1,6,3,3,3,3,4,2,4,3,2,2,2,2,3,2,4,6,6,6,1,2,2,2,4,2,2,3,3,2,1,1,5,5,8,2,2,2,4,3,1,4,6,6,7,5,6,6,7,7,6,6,7,5,6,6,6,7,7,6,6,3
216,2,59,1,5,1,15,1,30,1,4,4,2,2,3,6,4,4,3,3,3,4,2,6,3,3,6,7,7,3,3,4,3,6,3,2,2,2,2,4,7,6,1,3,1,1,1,4,3,3,5,6,6,6,7,7, ,6,4,7,7,7,5,7,7,7,7,7,7,5,1
217,1,27,1,2,1,22,2,2,1,1,4,4,2,3,4,6,4,5,3,4,5,4,2,4,4,2,4,6,4,5,4,3,4,5,4,5,4,2,2,2,6,5,7,4, ,3,4,3,3,4,6,3,3,4,5,3,3,4,5,4,6,4,3,5,4,3,5,6,5,3
218,2,27,1,10,1,17,1,10,1,10,2,2,4,4,4,4,2,6,7,7,6,7,1,1,1,6,7,7,2,2,6,4,6,3,4,2,6,2,4,2,7,2,4,1,1,1,4,4,1,3,6,6,6,7,6,7,7,5,7,7,1,5,7,7,7,5,4,4,3,1
219,2,28,1,5,1,12,1,23,1,5,3,2,1,2,1,1,4,3,6,4,5,7,1,1,1,4,7,3,1,1,2,2,2,1,2,6,4,2,3,8,7,9,9,5,1,2,4,3,4,2,6,6,7,6,2,3,3,1,7,6,6,3,5,3,5,3,2,6, ,2
220,2,48,1,12,1,15,1,12,1,6,3,3,3,4,3,3,2,3,5,5,5,6,1,3,3,7,7,7,3,2,3,3,6,6,2,5,2,2,4,4,7,9,6,2,2,2,4,4,3,3,6,3,2,3,7,7,1,1,5,5,7,6,2,2,2,3,2,3,1,1
221,2,25,1,4,1,17,1,8,1,1,4,4,4,4,4,4,3,5,6,5,6,5,2,2,1,6,6,6,4,4,4,4,4,4,4,4,4,2,4,3,7,5,2,2,2,2,4,4,2,4,6,7,5,7,7,5,4,5,7,6,7,7,5,6, ,5,6,5,3,2
222,2,35,1,20,1,17,1,40,1,1,4,3,4,3,2,3,5,2,3,3,3,4,6,6,5,2,2,2,1,1,3,4,1,5,7,7,7,2,6,8,8,8,8,6,6,4,4,3,2,3,6,6,4,6,6,4,7,5,7,6,7,3,5,5,5,5,5,5,3,1
223,2,30,1,4,1,18,1,10,1,2,3,3,3,3,3,3,5,3,3,3,2,5,2,2,2,3,2,2,3,3,3,2,3,2,6,6,6,2,3,5,8,8,6,5,5,4,4,2,2,2,6,5,5,6,5,6,6,6,6,6,6,5,6,6,6,5,5,6,6,6
224,1,21,1,4,1,17,2,5,1,1,4,1,2,2, ,2,1,2,3,2,3,6,2,1,2,2,1,2,1,2,1,1,2,6,7,7,6,2,6,4,9,9,8,7,7,6,4,4,2,5,6,7,2,2,6,1,6,6,7,7,5,7,6,7,5,7,7,6,7,6
225,2,66,1,3,1,16,1,1,1,4,5,2,2,2,3,3,3,2,2,3,3,2,1,1,4,7,7,7,2,2,4,4,6,2,2,2,2,2,2,1,9,2,1,1,2,1,4,3,2,4,6,6,7,7,7,6,7,6,7,7,7,7,4,6,7,7,6,6,6,1
226,2,33,1,15,1,18,1,12,1,3,4,2,2,2,2,2,3,5,6,4,5,6,1,1,1,7,7,7,2,4,4,2,4,2,2,2,2,2,4,3,9,1,9,5,5,5,4,4,3,3,6,6,6,6,6,6,1,1,7,6,1,6,1,1,1,5,5,5,5,4
227,1,67,1,20,1,17,2,12,1,2,5,2,2,3,3,3,7,7,7,7,7,6,6,2,3,6,7,7,1,1,3,2,3,3,2,2,2,2,6,7,9,8,9,4,4,4,4,2,2,4,6,7,7,6,5,3,1,1,6,7,7,6,1,1,1,1,1,1,1,1
228,2,35,1,12,1,15,1,12,1,3,4,2,2,3,4,2,6,5,2,4,3,2,4,2,6,6,5,6,4,4,4,2,4,5,2,2,2,2,2,5,9,9,9,2,2,2,4,3,1,3,6,6,5,6,6,3,7,7,4,7,7,5,7,7,7,5,6,6,3,4
229,1,51,1,10,1,14,2,6,1,2,3,4,3,4,5,4,6,5,4,4,3,3,1,2,3,6,6,6,2,2,4,3,4,2,2,4,2,2,4,6,9,7,7,3,3,3,4,3,2,4,6,7,6,6,7,3,6,5,6,7,5,3,5,6,6,5,5,5,5,1
230,2,42,1,1,1,23,1,1,1,2,5,1,2,1,2,1,7,5,1,1,1,2,1,1,1,1,2,1,2,2,1,2,6,2,2,2,2,2,2,2,1,1,1,1,1,1,4,3,3,5,7,7,7,7,7,7,7,7,7,7,7,7,7,7,7,7,7,7,7,7
232,1,34,1,1,1,21,2,1,1,12,3,7,5,4,7,7,7,5,5,5,5,5,1,1,1,5,5,5,1,1,7,4,7,7,2,4,3,2,1,1,4,4,3,4,3,2,4,4,4,2,7,5,5,6,6,3,3,3,7,7,7,7,5,3,3,6,7,7,4,1
233,2,53,1,9,1,15,1,19,1,5,4,7,7,7,7, ,4,5,5,6,2,2,6,1,1,4,6,2,2,1,1,1,4,2,2,7,7,2,2,7,6,1,1,2,2,2,4,3,4,4,7,7,7,7,7,7,7,7,7,7,7,7,7,7,7,7,7,7,2,2
234,2,32,1,7,1,15,1,25,1,5,4,2,2,2,4,2,2,6,5,4,3,4,1,1,1,6,6,4,2,2,2,3,3,1,2,2,5,2,3,7,8,8,3,2,2,1,4,2,2,3,7,7,7,7,7,7,5,1,7,6,7,5,6,6,6,5,5,5,5,1
235,2,29,1,3,1,17,1,2,1,3,4,2,2,3,5,3,2,3,3,3,3,3,1, ,2,5,6,6,2,3,3,3,3,1,2,3,2,2,1,2,9,7,9,2,1,2,4,3,3,3,7,7,7,7,7,7,5,3,7,7,7,5,7,7,7,7,7,7,5,1
236,2,21,1,2,1,14,1,8,1,1,4,2,2,2,5,3,3,7,7,7,7,7,1,1,1,7, ,7,4,7,4,4,7,1,2,2,2,2,3,6,9,9,9,3,3,3,4,2,1,1,7,7,7,7,7,7,7,7,7,7,7,1,7,7,7,5,7,7,2,1
237,1,27,1,2,1,20,2,2,1,1,5,2,2,2,2,2,2,2,2,2,2,6,2,2,2,6,7,7,1,2,2,2,2,2,2,3,2,2,1,1,1,1,1,1,1,1,5,4,2,4,1,6,7,5,6,2,7,7,4,7,1,7,6,6,6,6,6,6,5,5
238,1,31,1,1,1,21,2,1,1,6,4,4,4,4,4,4,4,3,4,3,2,2,1,1,1,7,7,7,4,4,4,4,4,4,4,4,4,2,2,2,1,1,1,1,1,1,5,4,2,5,1,1,1,1,1,1,1,1,1,1,1,1,1,1,1,1,1,1,1,1
239,2,55,1,4,1,15,1,4,1,4,5,2,2,2,4,2,4,4,2,4,4,2,6,6,4,1,1,1,6,2,4,2,4,3,2,2,2,2,4,4,5,1,1,1,1,1,5,4,3,6,1,1,1,6,7,7,7,7,7,7,7,7,7,7,7,7,7,7,2,6
240,1,29,1,5,1,25,2,1,1,0,5,7,7,7,7,7,7,6,6,6,5,6,2,3,7,7,7,7,3,3,7,4,5,3,2,2,2,2,1,1,7,7,5,1,1,1,5,3,3,4,1,6,6,6,6,6,5,5,4,7,5,3,5,5,5,5,5,5,2,2
241,2,48,1,5,1,18,1,5,1,5,2,2,5,5,5,4,7,1,1,3,3,2,1,1,2,7,7,7,1,2,5,2,6,1,2,2,3,2,2,2,1,9,1,2,2,1,5,3,1,4,2,6,7,6,6,6,6,5,7,7,7,7,5,6,7,7,7,7,7,7
242,1,45,1,1,1,25,2,1,1,10,4,2,2,2,2,2,2,3,2,2,2,2,1,1,2,5,5,5,2,2,2,4,7,2,2,2,2,2,1,1,1,1,1,1,1,1,5,4,2,4,2,5,4,4,5,5,3,5,7,7,1,7,3,2,2,4,5,5,5,3
243,1,33,1,1,1,30,2,1,1,8,3,3,2,1,3,2,6,5,4,7,1,2,1,2,3,7,6,5,4,2,3,4,1,6,3,4,2,2,2,1,3,4,2,7,5,8,5,4,5,5,2,6,5,7,5,3,7,7,4,7,7,6,7,7,7,6,3,5,5,5
244,2,31,1,1,1,16,1,1,1,1,1,2,6,6,6,2,3,6,6,6,6,5,6,6,3,6,3,6,5,6,6,2,4,2,6,4,2,2,1,1,7,6,7,5,5,5,5,3,3,3,2,5,2,5,6,6,4,6,2,7,2,4,2,5,4,2,2,3,5,1
245,2,33,1,2,1,16,1,1,1,1,2,6,6,6,6,6,4,3,4,5,6,6,2,3,3,6,6,6,2,2,6,4,6,4,4,2,2,2,1,2,7,3,2,7,7,6,5,4,4,3,2,6,3,3,5,5,7,5,4,5,7,7,4,5,3,5,5,5,2,2
246,2,50,1,6,1,19,1,5,1,10,4,2,3,3,7,4,7,3,4,4,4,4,2,1,2,7,6,6,3,5,4,4,5,3,2,2,2,2,1,1,8,3,2,2,2,2,5,4,1,5,2,6,4,6,6,6,6,6,7,7,7,5,6,6,6,6,7,7,4,1
247,2,41,1,5,1,19,1,1,1,4,3,3,2,3,3,2,4,3,6,6,3,2,1,1,6,7,7,7,2,2,4,2,6,3,2,5,3,2,1,1,8,3,2,1,1,1,5,4,4,4,2,3,1,7,5,7,6,7,7,6,7,7,6,5,6,5,5,5,3,5
248,2,31,1,1,1,16,1,1,1,1,1,6,2,2,6,2,5,6,2,3,6,3,5,2,7,2,4,5,1,6,2,2,5,6,6,4,4,2,1,1,9,6,7,6,6,6,5,2,4,3,2,5,6,2,6,2,5,5,2,3,2,5,6,7,6,5,2,5,2,2
249,2,61,1,25,1,17,1,12,1,7,3,2,2,2,3,2,4,3,4,5,3,2,4,1,2,6,7,7,2,2,3,2,6,3,2,5,2,2,4,3,1,1,1,1,2,1,5,4,2,5,3,3,6,6,6,7,2,5,7,7,7,6,7,6,6,6,3,5,5,2
250,2,38,1,5,1,18,1,5,1,12,4,2,2,2,2,2,5,3,4,4,4,2,2,2,1, ,6,6,2,1,2,3,3,2,2,3,2,2,2,2,3,1,1,2,1,1,5,5,1,6,3,6,6,6,7,6,7,7,7,7,1,6,6,7,6,6,6,6,6,7
251,2,38,1,6,1,17,1,6,1,13,3,3,6,6,7,6,7,3,3,5,6,6,1,1,1,5,6,3,3,3,6,3,7,6,5,2,5,2,3,3,4,1,1,1,1,1,5,2,1,5,3,6,5,6,7,7,1,3,5,7,7,7,2,1,1,5,6,6,6,1
252,2,24,1,2,1,17,1,2,1,1,4,4,3,6,5,4,3,4,5,5,5,4,4,5,6,5,4,3,4,5,4,3,3,4,3,4,5,2,1,3,5,3,6,5,3,2,5,4,4,4,3,4,2,4,3,2,3,5,3,3,3,2,5,2,3,3,2,4,3,2
253,2,38,1,5,1,14,1,20,1,4,2,2,1,1,1,1,2,1,1,1,1,2,7,5,4,2,1,1,3,2,1,2,1,1,2,4,4,2,8,7,6,2,3,5,1,2,5,3,2,3,3,6,2,2,5,6,2,5,7,7,7,6,5,2,7,3,3,2,1,1
254,1,27,1,2,1,19,2,4,1,3,3,2,3,4,4,3,5,5,4,4,4,4,3,4,6,4,4,3,4,3,4,5,4,3,4,3,5,2,3,3,7,7,4,5,7,5,5,4,4,5,3,4,5,4,5,4,5,4,5,4,3,4,5,4,4,3,5,5,6,3
255,1,33,1,2,1,17,2,2,1,4,4,2,2,2,3,3,6,3,3,4,3,2,1,1,1,6,5,4,3,3,4,3,5,3,2,3,4,2,2,1,7,1,1,4,2,2,5,4,3,4,3,7,7,7,7,2,7,7,7,7,7,7,7,7,7,7,7,7,6,5
256,1,27,1,3,1,19,2,1,1,2,2,6,6,6,6,6,7,6,5,6,3,5,5,4,6,6,6,5,4,4,6,4,6,5,3,2,5,2,1,1,7,5,5,2,2,2,5,4,4,4,3,5,4,3,5,6,5,4,4,7,6,5,3,3,3,6,6,6,2,4
257,1,41,1,10,1,20,2,10,1,10,4,4,4,4,5,4,5,5,5,6,4,4,2,4,4,5,6,6,3,3,6,5,6,5,3,2,2,2,4,5,9,9,7,4,4,4,5,4,4,4,3,5,5,6,6,3,5,5,4,6,4,5,6,5,6,5,5,5,3,1
258,1,28,1,1,1,26,2,1,1,7,4,3,3,4,6,3,7,4,2,3,4,2,3,2,4,3,4,3,3,3,3,4,7,4,2,2,2,2,1,1,1,1,1,1,1,1,5,4,4,5,4,5,5,5,5,3,7,7,7,7,7,7,5,5,5,6,6,5,6,5
259,1,32,1,1,1,25,2,1,1,10,4,7,5,6,5,7,6,5,4,5,5,2,7,6,5,6,5,6,6,5,5,7,5,5,2,2,2,2,2,2,1,5,7,5,6,6,5,4,3,5,4,5,6,6,5,5,6,6,5,6,5,6,7,6,6,5,4,5,6,7
260,1,34,1,2,2, ,2,1,1,5,4,4,4,4,6,3,7,4,5,4,2,4,1,1,1,2,5,4,4,1,1,6,4,5,3,3,3,2,2,2,2,1,1,4,3,1,5,3,3,4,4,3,2,2,5,5,5,6,5,6,1,5,4,5,4,4,5,5,6,6
261,2,33,1,8,1,16,1,7,1,3,2,4,4,3,1,4,2,4,4,3,3,3,1,3,4,6,5,7,4,4,5,4,6,4,2,3,3,2,3,3,2,1,2,2,2,1,5,2,1,4,4,5,5,6,6,4,3,4,6,6,7,5,6,5,6,6,6,6,6,6
262,1,30,1,3,1,18,2,6,2,1,3,3,5,4,5,4,3,4,4,3,5,4,3,4,3,4,4,3,3,5,3,4,4,3,4,5,4,2,2,3,3,4,8,5,3,4,5, ,3, ,4,3,5,5,6,4,5,4,5,6,6,5,4,5,5,4,5,4,4,4
263,1,52,1,3,1,16,2,2,1,0,5,4,4,4,4,4,4,4,4,4,4,4,4,4,4,4,4,4,4,4,4,4,4,4,4,4,4,2,1,1,5,3,7,4,4,4,5,4,5,6,4,4,5,5,4,4,5,5,4,2,4,4,4,5,4,4,4,4,4,4
264,1,29,1,1,1,26,2,1,1,10,4, , , , , , , , , ,6,3,6,6,6,6,5,6,6,4,5,5,5,4,3,4,3,2,2,2,6,3,8,8,5,5,5,4,4,3,4,5,3,2,5,3,5,5,5,5,4,3,5,5,6,5,5,5,5,6
265,2,32,1,3,1,21,1,1,1,4,4,4,4,5,5,6,4,4,4,4,4,6,7,4,5,5,4,4,5,4,4,5,4,4,3,3,3,2,2,2,6,6,4,7,6,1,5,3,1,5,4,5,6,5,5,5,5,4,4,4,3,5,4,6,4,5,5,4,4,4
266,1,33,1,3,1,17,2,3,1,4,5,4,4,2,4,2,2,5,6,6,6,6,3,5,5,6,2,2,3,2,5,3,4,4,6,2,2,2,1,1,6,6,6, ,6,4,5,5,5,6,4,2,3,3,6,6,3,2,2,6,4,4,2,2,6,3,6,6,3,2
267,1,37,1,10,1,17,2,6,1,2,4,5,3,3,7,4,7,3,5,5,6,6,1,1,2,6,6,5,2,2,4,2,6,6,5,7,4,2,3,3,6,8,7,5,3,5,5,4,1,5,4,5,6,7,3,5,6,4,6,6,6,3,6,5,5,3,2,2,1,1
269,1,34,1,3,1,22,2,8,1,2,4,3,3,4,5,2,5,4,6,5,5,4,2,1,4,3,4,3,2,1,3,2,4,4,4,6,5,2,6,6,7,6,9,7,6,7,5,2,2,3,4,3,6,7,7,5,7,7,4,6,4,1,3,2,2,1,2,2,2,3
270,2,34,1,5,1,18,1,5,1,1,4,4,5,4,4,4,4,3,4,4,4,3,4,7,4,3,4,4,4,4,3,4,4,5,6,4,4,2,1,1,7,3,4,4,2,1,5,4,4,4,4,5,5,6,6,5,2,1,6,6,6,6,4,4,4,5,6,6,4,4
271,1,31,1,1,1,30,2,1,1,3,2,3,4,4,4,4,3,4,4,5,4,4,3,2,2,4,4,5,2,2,3,4,4,5,4,4,5,2,2,2,8,1,3,7,2,4,5,2,2,4,4,5,5,6,6,6,7,7,4,6,7,5,5,5,5,5,5,5,5,5
272,1,33,1,3,1,17,2,3,1,4,4,4,3,3,5,2,3,5,5,5,6,4,3,5,2,3,4,5,2,6,5,2,5,4,2,5,3,2,1,1,8,6,7,4,5,7,5,5,4,5,4,3,2,4,6,5,4,3,2,4,4,3,5,4,3,1,3,4,5,3
273,2,26,1,3,1,16,1,45,1,7,4,4,3,4,4,3,2,4,3,4,4,3,3,4,4,5,6,4,2,3,3,4,5,4,3,4,3,2,9,9,8,5,5,1,1,1,5,4,2,3,4,5,5,6,5,5,6,5,4,6,7,5,5,4,4,5,5,5,4,4
274,1,35,1,4,1,18,2,2,1,15,4,5,7,4,4,5,2,5,4,6,4,6,7,6,5,7,5,4,4,5,5,2,5,6,3,4,6,2,1,1,8,1,2,2,4,5,5,4,3,4,4,5,3,5,6,5,3,5,3,6,4,2,5,6,3,5,4,4,5,6
275,1,28,1,6,1,18,2,4,1,1,3,5,6,5,2,6,1,6,6,7,6,7,7,7,7,1,1,3,7,7,2,1,1,4,7,2,7,2,2,2,8,6,8,9,9,9,5,4,3,1,4,6,3,6,6,5,1,1,7,5,7,6,2,1,1,6,6,4,3,5
276,1,36,1,7,1,14,2,11,1,20,4,4,4,5,6,4,6,5,5,4,3,3,1,1,2,4,4,3,2,2,4,4,6,5,2,2,2,2,6,5,9,9,9,2,2,2,5,4,3,5,4,6,5,6,6,5,6,5,7,7,7,5,5,5,5,5,5,5,2,1
277,2,53,1,1,1,21,1,1,1,5,3,2,3,4,6,2,6,5,5,5,6,6,1,1,2,6,6,6,2,2,5,4,6,6,2,2,2,2,1,1,1,1,2,2,2,2,5,4,3,4,5,5,6,6,7,7,6,5,6,6,6,6,3,3,5,6,6, ,2,2
278,1,45,1,2,1,25,2,1,1,10,4,2,2,2,6,2,6,2,2,4,2,2,2,2,2,6,6,2,2,2,3,3,3,3,2,5,2,2,1,1,1,1,1,2,2,2,5,4,2,4,5,6,6,7,6,6,6,6,7,6,7,7,6,5,6,6,6,6,5,5
279,2,44,1,2,1,29,1,1,1,1,3,2,3,2,1,2,3,3,2,1,4,5,2,1,2,3,2,3,3,2,1,3,4,3,6,5,6,2,2,2,1,2,1,6,7,4,5,2,2,5,5,6,7,7,7,6,7,6,7,7,6,7,7,6,7,4,6,7,6,5
280,1,30,1,5,1,23,2,1,1,8,4,3,3,3,6,3,7,5,4,4,4,4,2,1,2,4,5,6,3,3,4,3,4,4,4,3,3,2,2,1,1,1,1,2,2,2,5,4,3,5,5,5,5,6,6,5,6,6,4,7,7,7,6,6,6,6,6,6,6,6
281,2,27,1,2,1,22,1,2,1,9,4,3,3,2,3,2,4,3,4,4,4,4,3,3,3,5,5,5,5,4,3,3,3,3,4,4,4,2,2,2,1,1,9,2,2,2,5,2,2,4,5,5,5,5,5,2,7,7,4,7,7,7,5,5,5,5,5,5,5,5
282,1,32,1,7,1,27,2,1,1,3,3,3,4,2,5,4,2,4,5,4,3,6,1,1,2,5,6,6,5,6,3,4,6,4,2,2,2,2,2,1,1,1,1,7,3,1,5,4,4,5,5,6,5,6,3,5,3,1,7,6,1,7,6,6,6,5,5,5,5,7
283,2,30,1,3,1,22,1,2,1,12,4,4,4,4,4,4,4,4,4,4,4,4,4,4,4,4,4,4,4,4,4,4,4,4,4,4,4,2,1,1,1,1,1,1,1,1,5,4,1,5,5,5,5,5,5,5,5,5,5,5,5,5,5,5,5,5,5,5,5,5
284,2,51,1,6,1,18,1,4,1,12,4,4,4,4,4,4,4,3,5,4,4,4,4,3,4,4,4,6,4,4,4,4,4,4,2,4,4,2,2,4,1,1,3,1,1,1,5,3,1,5,5,6,6,6,6,3,6,6,7,7,7,7,7,7,7,5,5,5,3,7
285,2,33,1,3,1,20,1,3,1,3,4,4,4,5,6,4,7,5,5,5,3,6,2,2,2,6,6,6,4,6,4,5,6,5,2,2,2,2,1,1,1,1,1,1,1,1,5,1,2,5,5,6,7,6,6,5,5,3,6,7,7,7,6,6,6,7,7,7,2,4
287,2,30,1,2,1,18,1,2,1,5,2,6,5,4,5,5,7,7,7,7,6,5,5,4,7,6,3,3,2,3,5,4,6,4,2,2,5,2,1,1,1,1,1,1,1,1,5,4,4,4,5,6,5,6,5,5,4,2,4,7,7,7,1,1,1,2,2,2,1,4
288,2,35,1,0,1,20,1,3,1,30,3,7,7,7,6,7,2,5,3,6,2,2,2,1,1,6,6,6,1,1,1,1,1,1,2,2,2,2,1,1,1,1,1,1,1,1,5,4,1,5,5,7,5,6,7,2,7,5,4,7,7,7,7,7,7,6,6,6,5,7
289,1,66,1,3,1,20,2,1,1,4,4,2,3,4,6,4,7,5,6,6,6,4,1,1,4,6,6,7,4,4,4,4,7,4,2,2,2,2,1,1,2,1,1,6,2,2,5,3,2,4,5,6,6,7,6,2,5,3,6,7,7,7,5,3,5,5,3,3,5,5
290,2,44,1,3,1,20,1,2,1,8,2,2,1,2,3,2,7,1,1,3,1,3,2,2,2,6,6,6,2,3,2,2,2,1,2,3,3,2,2,2,2,1,2,3,2,2,5,4,1,5,5,6,5,6,6,5,7,5,7,5,1,7,6,5,5,6,7,7,7,6
291,2,31,1,6,1,14,1,21,1,4,4,2,3,3,5,3,3,6,7,7,6,2,1,1,2,7,7,7,3,5,5,3,7,1,2,5,3,2,7,6,2,4,6,2,2,1,5,2,2,2,5,6,6,6,7,5,2,1,7,6,7,2,1,1,1,3,3,3,5,6
292,2,39,1,30,1,17,1,30,1,20,4,3,3,3,3,3,1,3,3,3,3,2,1,1,3,5,6,6,2,1,5,2,5,2,3,3,3,2,4,9,2,1,2,7,5,4,5,4,2,5,5,5,6,6,6,3,2,1,5,6,7,5,6,6,6,6,6,6,4,7
293,1,36,1,2,1,26,2,1,1,5,3,4,4,4,5,4,6,6,6,6,6,3,1,2,1,5,6,4,5,4,4,4,7,4,5,4,4,2,2,1,2,2,2,4,3,5,5,4,4,6,5,5,5,5,5,3,7,7,7,7,7,6,5,5,5,5,5,5,4,5
294,2,23,1,4,1,22,1,1,1,2,2,5,5,5,5,5,5,5,5,5,5,5,3,3,5,5,5,5,3,3,5,3,5,3,3,3,5,2,2,1,2,3,4,6,2,2,5,4,3,6,5,5,1,2,6,5,1,1,4,5,6,6,2,1,2,2,2,3,2,1
295,2,27,1,2,1,17,1,2,1,5,3,2,4,4,6,2,6,6,6,6,6,6,2,2,2,6,6,6,6,3,3,4,4,3,2,2,2,2,2,2,3,1,1,1,1,1,5,3,3,3,5,5,5,5,6,2,6,6,6,6,7,7,7,6,6,2,2,2,2,2
296,1,25,1,4,1,19,2,2,1,5,4,3,3,4,7,3,7,7,7,4,7,5,3,1,7,7,7,7,3,3,4,3,7,2,2,2,2,2,1,1,3,1,1,1,1,1,5,3,1,4,5,6,6,5,5,5,6,6,6,6,7,7,7,7,7,5,5,4,4,1
297,2,37,1,6,1,20,1,6,1,20,3,4,4,4,1,4,2,1,1,1,1,2,7,7,1,1,1,1,5,5,1,5,1,6,7,7,7,2,2,2,3,1,1,1,1,1,5,4,2,4,5,6,6,7,6,5,7,1,4,7,7,7,7,5,7,4,4,6,4,7
298,1,61,1,1,1,23,2,1,1,0,2,4,6,7,7,7,7,7,7,6,7,5,1,2,2,7,6,6,3,3,7,4,7,6,2,2,2,2,1,1,3,1,1,2,2,2,5,4,4,3,5,6,3,6,6,6,5,5,5,5,7,7,3,2,2,2,5,3,2,5
299,2,56,1,10,1,17,1,10,1,2,4,5,4,3,4,3,2,3,5,4,3,6,4,5,5,2,2,2,5,5,5,5,5,3,3,4,5,2,4,3,3,2,1,2,3,1,5,2,1,3,5,6,5,6,4,5,3,1,3,6,7,7,1,1,1,3,1,1,2,5
300,2,32,1,8,1,15,1,12,1,4,3,3,3,3,3,3,2,3,3,3,2,2,4,3,4,6,6,7,1,2,3,2,2,2,2,6,3,2,2,3,4,6,5,4,5,3,5,2,2,5,5,6,6,6,5,5,1,1,6,3,7,5,1,3,4,6,7,7,5,5
301,2,26,1,3,1,21,1,4,1,10,5,5,7,6,7,5,5,6,6,7,6,3,5,6,4,4,5,6,5,5,4,4,5,5,4,5,5,2,2,2,4,5,4,5,7,6,5,4,1,5,5,6,6,5,4,4,3,3,5,5,5,5,5,4,5,6,6,5,5,4
302,2,34,1,4,1,23,1,1,1,4,4,5,6,6,7,7,7,3,4,4,5,4,2,1,1,7,5,7,7,6,7,7,7,2,2,2,2,2,1,1,4,2,5,1,1,1,5,4,1,3,5,6,6,6,5,7,1,5,7,7,7,6,5,1,5,5,1,5,5,6
303,2,57,1,8,1,15,1,7,1,10,4,2,3,3,3,3,4,2,2,2,2,2,4,1,2,7,6,6,1,1,3,1,4,1,2,4,3,2,2,2,5,7,8,4,3,3,5,4,3,5,5,7,7,7,6,5,7,6,7,7,7,7,7,7,7,6,6,6,5,6
304,2,45,1,5,1,17,1,2,1,6,4,3,3,3,4,3,4,3,6,6,3,7,1,1,1,7,7,7,1,1,3,4,4,4,2,2,2,2,2,2,5,1,1,1,1,1,5,4,1,5,5,6,7,7,6,7,6,5,7,7,7,7,6,6,6,7,7,7,4,4
305,2,29,1,6,1,18,1,7,1,2,3,6,5,5,2,5,4,3,4,3,3,3,7,7,4,1,1,1,4,2,1,2,6,2,2,4,3,2,2,1,5,1,7,6,7,1,5,4,3,4,5,5,3,5,6,5,6,6,6,3,7,7,5,6,6,6,6,6,5,5
306,2,28,1,3,1,15,1,3,1,6,4,2,2,3,5,3,4,4,4,4,3,3,2,2,4,4,5,5,2,2,3,3,3,2,3,4,3,2,1,1,6,2,2,3,2,2,5,4,4,4,5,6,5,5,6,3,5,2,4,6,7,6,6,5,5,6,5,6,5,5
307,1,38,1,5,1,21,2,5,1,1,3,3,3,3,5,3,5,3,3,3,3,2,2,2,2,3,4,4,3,3,3,3,3,3,2,5,2,2,3,3,6,6,6,2,2,2,5,4,3,5,5,5,5,3,5,5,6,6,6,6,5,5,5,5,5,6,6,6,5,5
308,1,39,1,3,1,15,2,5,1,17,3,3,3,3,3,2,4,3,3,3,3,5,2,3,3,3,3,2,2,3,2,2,4,2,4,4,4,2,3,2,6,5,7,6,3,4,5,4,2,6,5,5,6,6,5,3,6,4,6,6,6,6,5,6,6,6,6,5,6,2
309,2,49,1,5,1,14,1,15,1,8,4,2,2,2,2,2,2,3,3,2,2,4,4,2,4,5,6,7,2,2,2,2,2,2,2,2,4,2,5,4,7,1,1,2,2,1,5,4,2,4,5,5,7,7,5,2,7,7,4,7,7,7,6,6,6,7,7,7,4,1
310,1,28,1,12,1,16,2,8,1,21,3,2,2,2,3,3,3,4,5,5,3,6,2,2,2,5,4,5,4,3,3,3,4,3,3,4,3,2,2,3,7,7,7,7,5,6,5,4,4,4,5,5,5,5,5,6,6,5,4,6,3,5,5,5,5,5,6,5,5,5
311,1,26,1,1,1,25,2,1,1,1,4,2,2,2,4,1,2,2,3,4,4,4,3,2,3,4,5,5,3,2,2,2,2,3,5,6,4,2,2,1,7,7,7,7,7,7,5,1,4,5,5,6,6,6,6,5,4,4,4,5,6,7,5,4,4,6,6,6,4,3
312,2,31,1,3,1,17,1,3,1,4,5,2,2,3,5,2,5,3,4,4,4,3,1,1,4,6,6,6,2,2,3,3,5,4,2,2,2,2,2,2,7,3,6,4,2,1,5,3,3,4,5,5,5,6,6,7,7,7,7,7,7,6,6,6,7,6,6,6,5,2
313,1,34,1,6,1,16,2,6,1,15,4,2,3,4,3,3,4,3,4,5,3,3,2,2,5,6,5,6,4,4,3,3,3,2,2,4,3,2,3,2,7,7,8,2,2,2,5,4,4,5,5,6,3,6,5,3,6,6,7,7,5,2,5,5,5,4,3,6,3,2
314,2,29,1,8,1,19,1,1,1,5,4,3,3,3,3,2,3,3,3,3,3,3,2,2,3,3,5,2,2,2,3,3,3,3,2,3,3,2,2,1,7,6,7,7,2,2,5,3,3,3,5,6,5,6,7,6,7,6,7,7,7,7,7,7,7,6,6,6,5,4
315,1,34,1,4,1,18,2,2,1,25,4,4,7,4,3,5,4,2,6,4,3,4,6,3,5,3,2,6,6,5,6,2,4,5,5,2,3,2,1,1,7,2,3,4,3,3,5,5,5,6,5,7,6,6,3,5,4,5,7,3,5,2,2,4,6,5,7,5,2,5
316,1,36,1,2,1,24,2,1,1,4,4,4,5,2,1,4,1,2,3,1,1,2,7,7,7,1,1,1,5,5,3,4,2,2,7,2,7,2,1,1,7,8,8,7,6,7,5,4,5,5,5,6,5,6,7,6,6,5,7,7,7,2,6,5,5,6,6,6,3,2
317,1,43,1,12,1,19,2,10,1,2,4,5,4,6,5,6,4,5,6,6,6,4,6,6,4,2,4,4,5,6,6,5,4,3,2,3,3,2,3,5,7,5,6,7,7,5,5,5,4,6,5,6,4,4,4,6,4,3,5,5,3,3,6,4,3,5,5,2,5,5
318,1,33,1,4,1,18,2,25,1,15,4,2,2,2,2,2,4,3,1,2,2,3,2,2,2,5,5,4,2,2,2,3,2,2,2,3,3,2,6,6,8,5,9,3,3,2,5,4,3,5,5,6,5,6,5,4,7,7,4,7,6,3,7,7,7,7,7,7,5,1
319,1,30,1,5,1,14,2,10,1,12,3,2,3,3,6,4,5,5,5,6,3,5,1,1,1,7,6,5,3,2,4,4,3,4,2,3,2,2,4,5,8,5,3,2,2,2,5,4,2,5,5,5,5,4,6,4,3,2,7,7,1,6,2,2,2,4,3,6,3,1
320,1,66,1,5,1,17,2,4,1,1,4,2,3,3,4,3,4,5,5,5,5,2,1,2,2,6,7,6,2,3,4,4,7,6,2,2,2,2,3,3,8,8,7,7,2,4,5,3,3,5,5,5,6,6,6,5,7,4,6,7,6,2,6,6,6,5,5,5,5,2
321,1,46,1,7,1,15,2,35,1,12,3,2,2,2,3,2,5,3,5,5,5,6,1,3,2,5,6,6,2,2,1,3,4,2,3,7,2,2,4,9,8,7,8,8,4,8,5,4,3,5,5,7,5,3,5,2,6,1,4,5,3,2,5,2,2,3,3,4,1,1
322,1,30,1,5,1,18,2,10,1,10,4,3,3,3,3,3,6,3,3,3,3,2,4,2,3,3,4,4,2,2,3,3,4,3,2,2,2,2,2,6,8,8,8,4,2,3,5,4,4,4,5,4,6,6,6,4,6,5,4,6,5,3,6,5,5,6,5,5,5,4
323,2,44,1,6,1,16,1,6,1,15,3,4,3,3,4,3,3,4,5,6,4,2,6,4,6,7,7,7,3,3,4,3,6,4,2,2,2,2,3,3,8,5,7,3,2,2,5,4,3,5,5,4,6,6,5,7,7,3,4,6,6,2,7,6,6,6,6,6,5,4
324,1,34,1,1,1,27,2,1,1,5,4,5,4,5,6,4,5,6,4,4,5,4,3,5,6,4,2,6,4,5,2,5,4,5,3,2,3,2,2,1,8,7,3,7,5,6,5,4,3,5,5,3,3,5,5,4,5,4,3,5,4,5,4,5,5,4,2,5,4,5
325,2,46,1,5,1,16,1,5,1,20,4,6,5,6,2,5,7,2,2,2,4,7,7, ,6,1,1,1,5,6,5,6,2,5,7,5,6,2,2,1,8,3,8,7,6,4,5,1,3,5,5,6,5,6,7,6,5,1,7,7,7,2,5,5,6,4,5,4,4,1
326,1,27,1,3,1,16,2,7,6,8,5,1,1,2,2,2,2,7,6,4,2,2,1,1,2,7,7,7,1,1,1,1,6,1,2,2,2,2,1,3,9,9,9,4,3,5,5,4,1,5,5,6,6,7,7,1,7,1,4,7,7,1,7,7,7,6,6,6,4,4
327,2,32,1,6,1,19,1,6,1,1,3,1,7,6,6,6,4,7,7,7,7,6,1,1,2,7,6,6,2,2,6,4,7,5,4,5,3,2,5,5,9,5,9,6,3,5,5,4,4,5,5,5,5,3,5,5,2,5,7,6,7,3,3,3,4,5,3,3,5,4
328,1,37,1,6,1,17,2,8,1,1,4,2,4,2,6,6,6,2,2,3,5,2,1,1,1,7,7,7,3,1,7,7,7,4,4,6,6,2,3,6,9,1,1,1,1,1,5,5,5,4,5,7,7,7,7,7,4,4,7,7,7,7,7,7,7,7,7,7,3,1
329,2,33,1,5,1,14,1,3,1,4,3,2,2,2,3,2,2,4,3,5,5,6,2,2,2,6,6,4,2,2,2,4,5,2,2,2,4,2,2,1,9,7,4,4,2,1,5,4,4,4,5,6,5,7,7,7,7,1,4,7,7,7,6,6,7,7,3,6,3,4
330,2,26,1,8,1,15,1,30,1,4,2,2,6,6,6,6,6,3,4,3,3,5,4,2,2,4,5,3,1,1,7,3,6,3,2,5,2,2,6,7,9,7,8,5,2,4,5,2,2,4,5,5,3,3,5,6,7,1,4,7,7,2,6,7,3,5,3,5,2,4
331,1,32,1,5,1,21,2,4,1,4,2,3,4,5,6,4,6,6,4,5,5,6,2,1,1,6,6,7,1,1,6,4,5,3,2,6,2,2,1,2,9,9,9,7,4,3,5,4,4,4,5,5,6,5,6,7,2,7,7,6,5,1,5,5,5,5,5,5,3,1
332,2,34,1,3,1,14,1,4,1,0,3,3,2,5,7,5,5,2,1,4,6,2,7,4,6,7,7,7,3,3,6,4,7,6,2,2,2,2,2,2,9,9,9,7,2,1,5,3,4,4,5,5,3,5,7,7,3,7,4,7,7,1,7,5,6,3,3,2,1,1
333,1,36,1,8,1,12,2,6,1,6,2,3,2,3,4,3,3,5,6,6,5,5,3,2,3,2,2,3,1,3,3,3,2,5,2,7,5,2,6,6,9,9,9,8,7,7,5,4,4,4,5,6,6,5,4,3,3,2,2,5,2,1,2,4,3,4,3,4,1,1
334,2,47,1,6,1,17,1,20,1,5,4,4,4,4,5,4,2,5,5,4,4,5,6,7,6,2,3,4,7,6,5,4,3,3,3,4,5,2,5,6,9,9,9,4,4,5,5,4,3,5,5,5,3,4,7,6,1,1,7,6,6,5,2,1,1,7,7,7,7,2
335,1,45,1,10,1,18,2,15,1,0,2,4,4,4,5,4,6,4,4,6,6,6,6,4,4,5,6,5,3,2,4,3,4,5,4,5,4,2,1,2,9,8,4,6,7,6,5,4,4,3,5,5,5,6,3,3,6,5,4,5,5,5,5,6,6,3,3,4,3,4
336,2,37,1,3,1,15,1,5,1,2,3,5,6,6,5,6,2,7,7,7,7,5,1,2,3,7,7,7,1,1,7,4,7,7,2,7,2,2,1,2,9,5,2,4,3,4,5,4,4,5,5,5,5,5,6,7,2,4,6,5,7,5,7,6,6,2,2,2,2,2
337,2,43,1,5,1,16,1,5,1,15,3,1,1,1,4,1,1,4,4,4,1,4,1,4,7,7,7,7,1,1,1,1,4,1,2,2,2,2,1,1,1,1,1,1,1,1,5,4,1,4,6,7,7,6,6,5,1,1,6,6,7,7,1,1,1,7,7,7,1,1
338,1,32,1,1,1,31,2,1,1,22,5,1,1,2,6,3,7,4,2,2,1,2,1,1,1,6,5,7,3,3,2,4,4,1,2,2,2,2,1,1,1,1,1,2,2,2,5,4,4,4,6,7,7,7,7,5,7,7,4,7,4,7,7,7,7,7,7,7,7,7
339,2,56,1,4,1,17,1,3,1,8,5,2,2,2,3,2,4,3,2,2,2,2,4,2,2,4,5,6,3,3,2,2,3,2,2,2,2,2,1,1,1,1,2,1,1,1,5,4,2,4,6,6,6,6,6,6,7,7,7,7,7,7,7,7,7,7,7,7,7,7
340,2,32,1,5,1,16,1,5,1,7,4,2,2,2,2,2,2,2,2,2,2,6,2,2,2,2,2,2,2,2,2,2,2,2,6,6,6,2,2,1,1,1,2,1,1,1,5,3,3,4,6,6,6,6,6,6,6,6,1,6,5,5,5,5,5,5,5,5,5,5
341,2,45,1,6,1,16,1,10,1,1,3,2,2,2,4,2,2,3,3,4,2,3,1,1,1,7,7,7,1,1,1,1,4,2,2,5,2,2,2,1,1,1,1,2,1,1,5,2,1,4,6,7,6,7,7,6,1,1,7,5,7,7,5,2,5,6,6,6,5,7
342,1,63,1,10,1,19,2,15,1,12,3,2,3,3,4,3,6,3,5,4,3,3,2,2,2,5,6,6,2,4,5,2,6,4,2,3,2,2,4,6,1,1,5,4,5,3,5,4,3,5,6,2,7,7,6,3,6,4,5,7,7,5,7,4,4,6,6,6,6,6
343,1,45,1,8,1,17,2,7,1,7,4,2,3,3,3,3,4,1,1,3,3,4,1,1,1,4,6,6,2,1,4,2,7,4,2,2,2,2,3,1,1,1,1,1,1,1,5,4,1,6,6,6,5,7,7,6,1,7,7,7,7,7,6,5,6,6,6,6,5,6
344,2,36,1,2,1,29,1,1,1,1,3,3,2,4,5,3,7,3,3,4,3,3,3,2,4,6,6,7,3,4,3,3,5,4,2,3,3,2,1,1,1,1,9,1,1,2,5,4,1,4,6,7,7,5,6,4,7,7,7,6,7,7,7,7,7,5,5,5,4,5
345,1,29,1,3,1,18,2,3,1,1,4,3, ,3,4,4,4,3,3,3,3,3,2,2,3,4,4,4,3,3,3,3,4,3,3,3,3,2,1,1,1,1,1,4,4,4,5,4,3,4,6,6,6,6,6,5,7,7,1,6,7,6,6,6,6,6,6,6,5,1
346,2,38,1,3,1,19,1,1,1,10,3,4,2,2,5,2,3,2,1,3,1,2,1,1,1,5,6,6,2,2,4,3,6,5,2,2,2,2,1,1,1,1,1,1,1,1,5,4,1,4,6,6,6,6,7,7,7,7,7,7,7,7,7,7,7,7,7,7,7,7
347,1,37,1,3,1,21,2,4,4,1,3,4,2,3,3,4,3,2,3,4,3,6,3, ,5,2,3,2,3,3,2,5,3,2,6,5,5,2,2,3,1,4,7,7,4,5,5,4,4,5,6,7,6,5,6,7,6,5,6,7,6,7,6,5,6,7,6,5,5,6
348,1,49,1,1,1,25,2,2,1,10,4,4,4,4,5,5,6,3,2,4,2,2,4,1,2,4,4,4,2,3,3,4,4,4,3,3,5,2,2,2,1,5,8,2,2,2,5,4,2,4,6,7,7,7,7,6,7,7,7,7,2,5,7,7,7,7,6,7,7,7
349,2,34,1,3,1,23,1,2,1,2,3,5,5,5,5,5,6,5,5,5,6,5,1,2,2,6,6,6,3,5,3,5,5,5,3,3,3,2,1,1,1,1,2,1,1,1,5,3,3,4,6,6,6,6,6,6,1,2,4,6,6,6,5,5,5,5,5,5,5,7
350,2,34,1,3,1,24,1,1,1,9,4,5,5,7,7,7,7,2,2,2,2,2,1,1,1,7,7,7,7,6,7,4,5,3,2,2,2,2,1,1,1,1,1,1,1,1,5,4,1,4,6,7,5,7,7,7,1,3,7,7,7,7,4,4,4,5,4,4,4,4
351,1,30,1,1,2, ,2,1,1,12,4,5,3,5,5,5,6,2,1,1,2,3,2,2,1,2,5,2,3,5,3,3,3,5,2,2,3,2,2,2,1,2,2,1,1,1,5,4,2,6,6,6,6,7,7,5,6,7,6,7,2,5,7,7,7,7,7,7,6,6
352,1,36,1,3,1,21,2,4,1,1,4,2,4,3,3,4,3,3,4,3,2,4,4,3,3,4,3,4,3,2,3,4,3,4,5,5,6,2,2,2,2,6,7,3,4,5,5,4,5,5,6,6,6,7,7,3,6,6,6,6,6,5,6,5,6,5,6,6,6,5
353,1,39,1,5,1,23,2,2,1,10,3,3,5,4,6,3,7,3,3,3,2,2,1,2,3,6,6,6,2,1,5,6,6,6,2,6,3,2,1,1,2,1,1,4,3,2,5,4,2,3,6,3,7,5,2,6,7,7,6,7,7,7,6,7,7,6,7,7,6,6
354,2,32,1,5,1,19,1,5,1,6,5,3,4,7,7,5,7,7,6,7,7,6,1,1,2,6,7,7,3,3,6,4,7,3,2,2,2,2,3,2,2,1,3,1,2,1,5,1,1,2,6,6,7,7,7,6,7,7,7,7,7,6,7,7,7,3,3,3,2,6
355,2,36,1,3,1,14,1,2,1,20,4,5,6,5,3,5,1,1,1,1,3,7,7,7,6,1,1,1,5,4,4,5,1,6,7,7,7,2,1,1,2,1,2,1,1,1,5,4,2,5,6,7,5,7,7,5,5,7,7,7,7,7,6,6,6,7,7,7,4,7
356,2,32,1,2,1,23,1,2,1,1,4,2,2,3,6,3,3,5,6,7,7,2,2,1,1,4,4,4,3,1,1,2,7,7,2,5,2,2,3,2,3,6,8,5,5,2,5,3,2,4,6,6,7,6,6,5,6,6,4,7,7,7,7,7,7,7,7,7,4,4
357,2,33,1,5,1,19,1,5,1,11,3,3,6,5,5,3,3,3,2,2,4,3,7,7,7,7,4,3,5,2,4,3,2,3,6,5,6,2,1,4,3,1,2,2,2,3,5,4,4,4,6,7,6,7,7,5,6,7,5,6,7,7,6,6,6,5,6,5,6,6
358,1,32,1,1,1,26,2,1,1,35,3,3,2,2,2,2,2,2,2,2,1,2,6,2,2,2,2,2,1,2,2,2,6,3,6,5,6,2,2,2,3,9,1,7,8,7,5,4,2,5,6,7,6,6,6,7,6,7,6,7,6,7,6,6,6,7,6,6,7,6
359,2,33,1,3,1,18,1,6,1,15,3,5,4,5,6,2,4,4,3,5,4,3,1,1,1,6,6,4,2,3,2,2,4,5,3,2,4,2,3,3,3,5,4,3,3,5,5,2,2,4,6,6,6,7,7,5,7,4,7,7,7,6,7,7,6,6,6,6,5,5
360,2,34,1,4,1,18,1,3,1,15,4,2,2,2,5,2,3,5,6,6,6,6,7,7,5,3,5,3,2,2,2,3,3,6,2,6,5,2,1,1,4,6,2,3,3,3,5,4,4,4,6,7,5,6,6,7,7,6,1,7,7,7,7,7,5,5,7,7,2,1
361,2,46,1,10,1,18,1,5,1,15,5,2,3,7,7,6,7,4,5,3,4,3,1,1,1,5,5,5,1,1,2,2,2,3,2,2,3,2,3,1,4,1,1,1,1,1,5,4,1,5,6,6,7,6,3,2,7,2,7,7,1,7,7,7,7,5,4,4,5,6
362,2,36,1,2,1,18,1,2,1,10,3,1,2,3,3,1,3,3,3,4,6,2,1,2,2,2,4,4,2,2,2,3,5,5,2,3,5,2,1,1,5,1,3,1,1,1,5,4,1,4,6,6,7,7,5,7,6,6,7,7,4,7,7,7,7,5,7,7,5,7
363,1,33,1,8,1,9,2,6,1,3,4,2,3,5,4,3,4,3,4,4,5,4,2,1,4,3,4,5,5,2,4,3,4,3,2,2,2,2,4,5,5,7,9,7,7,7,5,4,4,5,6,6,7,5,6,4,7,6,4,6,3,2,4,2,2,2,5,5,3,3
364,1,33,1,3,1,21,2,3,1,25,5,2,1,2,2,1,2,1,2,1,2,7,1,1,2,1,3,1,2,1,1,1,6,6,6,6,6,2,2,1,5,3,9,7,6,1,5,4,4,7,6,6,6,2,6,6,1,1,1,7,2,7,1,6,6,6,6,6,6,6
365,1,36,1,4,1,21,2,4,1,12,3,3,2,2,4,3,5,4,5,5,4,4,2,2,3,5,5,5,3,3,4,3,5,6,3,4,2,2,3,3,5,6,5,7,5,5,5,3,2,4,6,6,5,6,4,4,5,6,6,6,5,4,5,4,4,6,6,6,4,4
366,2,33,1,1,1,25,1,1,1,5,3,5,1,1,1,1,4,1,3,5,4,5,3,3,3,5,5,5,3,1,1,1,1,1,3,3,3,2,2,1,5,9,5,4,2,2,5,4,4,4,6,6,4,4,5,3,5,5,1,5,7,7,7,7,7,7,7,7,3,1
367,2,30,1,3,1,19,1,3,1,8,3,5,6,5,4,5,6,5,6,6,5,5,6,6,6,4,5,6,5,5,4,4,5,5,3,2,6,2,3,3,5,5,5,4,5,6,5,3,4,6,6,5,5,4,4,3,6,6,5,4,6,6,6,6,5,5,5,5,5,2
368,1,49,1,10,1,16,2,20,1,2,3,6,5,5,6,5,5,4,4,4,4,5,3,5,5,3,2,3,5, ,5,5,6,6,6,5,5,2,8,6,5,4,7,7,7,7,5,4,4,5,6,6,7,6,7,5,6,5,4,5,6,3,6,5,6,7,5,5,3,2
369,1,40,1,6,1,14,2,15,1,10,3,2,2,3,3,2,5,1,1,2,2,2,1,1,2,5,6,6,2,2,3,3,3,2,2,4,3,2,6,6,6,3,5,5,4,4,5,4,3,5,6,5,6,7,6,5,7,7,7,7,7,3,6,6,6,6,6,6,6,6
370,2,44,1,3,1,19,1,3,1,0,4,2,1,3,2,2,1,3,2,2,2,2,1,1,4,6,7,7,1,1,2,2,4,2,2,3,4,2,2,1,6,5,7,4,4,3,5,3,3,5,6,6,5,6,6,3,7,6,7,7,7,7,7,6,7,6,5,5,3,4
371,1,32,1,7,1,17,2,12,1,15,4,2,2,3,4,2,4,5,5,5,3,2,3,2,2,5,5,3,2,2,2,2,3,4,2,5,3,2,3,1,6,3,3,6,5,5,5,4,4,5,6,6,4,6,6,5,6,6,4,7,6,5,6,6,6,5,5,5,4,1
372,2,41,1,12,1,18,1,15,1,6,2,1,1,1,2,1,1,6,7,7,3,2,1,1,7,7,7,7,6,7,1,1,1,1,2,2,6,2,2,3,7,4,6,6,4,1,5,4,4,5,6,5,6,4,3,5,2,7,6,7,7,5,2,2,3,2,3,3,1,1
373,1,30,1,2,2, ,2,2,1,5,4,2,3,2,3,2,2,3,2,3,2,5,2,3,2,3,2,3,2,2,3,2,3,2,5,6,5,2,3,2,7,6,3,6,7,7,5,4,2,5,6,7,6,7,7,6,7,6,7,6,6,7,6,7,6,7,6,7,6,7
374,2,32,1,11,1,18,1,11,1,8,4,3,4,3,5,3,4,6,6,6,6,6,7,4,7,7,7,7,1,1,3,4,7,5,2,4,3,2,3,4,7,6,5,2,2,1,5,4,1,4,6,6,5,7,6,7,6,6,4,7,7,6,5,5,5,3,3,3,2,1
377,2,42,1,10,1,17,1,10,1,2,4,4,4,2,2,4,2,1,2,2,2,2,7,6,4,3,5,4,5,4,3,5,3,7,7,4,7,2,3,4,7,3,5,5,5,2,5,4,2,4,6,5,7,6,7,6,5,6,7,6,7,6,6,6,6,4,3,3,2,1
379,2,36,1,7,1,13,1,6,1,3,3,7,7,6,7,7,7,6,4,4,3,7,7,7,6,3,2,1,6,5,7,7,7,7,7,6,7,2,1,1,7,8,9,8,8,9,5,2,2,5,6,5,5,7,6,5,6,5,7,6,4,3,3,2,2,4,4,5,4,6
380,2,32,1,3,1,16,1,10,1,4,4,1,1,3,3,1,2,3,1,3,1,2,1,1,1,6,6,6,2,2,2,1,4,1,2,2,2,2,3,3,8,3,1,1,1,1,5,3,2,2,6,6,7,7,7,7,1,1,7,7,7,7,1,1,1,7,7,7,6,5
381,1,62,1,12,1,14,2,7,1,2,3,2,3,3,6,3,6,2,2,2,3,2,4,1,2,6,4, ,3,4, ,4,4,3,2,2,2,2,1,2,8,3,3,4,2,2,5,4,1,4,6,7,7,7,7,6,6,5,7,7,7,7,1,1,1,7,7,7,6,1
382,2,60,1,50,1,15,1,80,1,10,4,2,2,2,2,2,3,4,4,4,3,2,2,2,6,6,6,6,3,4,3,2,2,2,2,2,2,2,6,8,8,8,9,3,2,1,5,4,2,5,6,6,6,6,7,6,2,6,6,7,6,2,5,5,6,5,5,5,4,2
383,1,45,1,16,1,17,2,16,1,0,3,3,2,2,6,3,5,5,3,3,3,3,7,2,7,5,7,7,4,3,3,3,4,6,2,2,2,2,6,8,8,7,8,6,2,2,5,4,4,4,6,6,7,7,7,5,4,4,4,7,7,5,4,4,4,6,6,7,6,4
384,1,66,1,20,1,18,2,60,1,4,4,3,4,3,5,4,6,2,2,3,3,3,2,2,2,1,1,1,6,2,5,3,5,5,4,6,2,2,9,9,8,4,8,7,7,6,5,4,4,3,6,6,7,7,7,2,7,4,7,6,7,3,5,3,6,7,5,5,5,7
385,1,50,1,3,1,18,2,3,1,3,3,2,2,2,2,2,2,3,3,3,2,4,3,1,2,2,2,2,2,2,2,2,2,2,6,6,6,2,1,1,9,9,9,9,9,9,5,4,4,6,6,6,5,6,5,5,5,4,4,4,7,6,5,5,5,4,4,5,5,5
386,2,26,1,2,1,19,1,2,1,25,4,2,2,5,7,2,4,6,6,6,4,6,4,3,6,7,7,6,2,3,3,4,4,3,4,5,5,2,2,1,9,2,3,4,2,1,5,4,2,4,6,6,7,6,5,4,3,3,4,7,7,5,5,5,5,5,5,5,2,2
387,2,38,1,6,1,17,1,9,1,12,4,3,3,3,3,3,3,5,6,4,3,2,1,2,2,6,5,6,2,1,3,3,3,2,2,2,4,2,3,3,9,5,9,2,1,1,5,4,2,5,6,7,7,6,6,4,7,7,7,7,7,2,6,6,6,6,6,6,5,4
389,1,51,1,7,1,16,2,7,1,0,3,4,4,6,7,4,7,7,7,7,7,2,1,1,7,7,7,7,2,3,6,2,7,3,2,7,2,2,2,5,9,9,9,8,6,6,5,4,4,4,6,7,7,7,7,5,5,5,6,7,7,1,7,6,6,1,5,5,2,1
390,2,32,1,3,1,18,1,3,1,6,4,2,2,2,2,2,2,2,2,2,2,6,2,2,2,5,2,4,2,2,2,2,2,2,3,4,3,2,2,1,1,1,2,1,1,1,5,4,1,6,7,7,7,7,7,7,7,7,7,7,1,7,7,7,7,7,7,7,7,7
391,1,40,1,8,1,21,2,5,1,10,4,2,2,2,6,3,5,5,4,4,2,2,1,1,2,3,5,5,2,2,3,2,4,3,3,3,4,2,5,6,1,1,1,2,1,1,5,4,2,5,7,7,5,6,7,5,7,7,7,7,7,7,7,6,6,5,5,5,2,2
392,2,37,1,37,1,21,1,3,1,1,4,2,2,2,2,2,6,2,2,2,2,2,1,1,1,2,3,3,2,2,2,2,2,2,2,4,4,2,2,1,1,1,1,1,1,1,5,4,4,5,7,7,7,7,7,3,1,5,7,7,7,7,5,5,5,6,6,6,5,5
393,1,25,1,1,2, ,2,1,1,1,4,6,7,7,6,6,7,6,6,7,6,2,6,6,6,6,7,6,6,6,6,6,7,6,4,3,2,2,2,2,1,2,5,6,8,8,5,3,2,3,7,5,6,6,7,6,1,2,1,6,6,6,5,6,6,6,5,6,5,7
394,2,60,1,3,1,19,1,3,1,12,5,4,6,7,7,6,6,2,2,4,2,2,1,1,1,7,7,7,3,4,3,4,7,1,2,2,2,2,1,1,3,1,2,4,1,1,5,3,3,5,7,6,7,7,7,6,7,7,7,7,7,7,7,7,7,7,7,7,7,2
395,2,34,1,2,1,18,1,4,1,5,4,3,3,3,3,3,5,3,6,5,5,5,1,1,1,7,7,7,3,2,3,5,7,4,2,2,6,2,2,2,4,3,7,1,1,1,5,4,1,2,7,6,7,7,7,7,5,1,7,7,7,6,7,7,7,7,7,7,5,7
396,1,21,1,1,1,21,2,1,1,4,3,3,4,7,7,4,7,3,1,4,4,6,1,2,2,7,7,7,1,1,4,4,7,7,2,2,4,2,1,1,5,5,2,8,5,8,5,5,6,6,7,4,5,3,6,4,5,6,2,7,3,6,3,7,7,7,2,5,4,6
397,2,55,1,6,1,22,1,6,1,12,5,1,1,2,4,3,5,2,1,4,1,2,4,3,3,5,7,7,3,4,3,1,5,1,2,2,4,2,1,3,6,7,5,2,1,1,5,4,1,6,7,7,7,7,7,7,7,7,7,7,7,4,7,7,7,7,7,7,7,7
398,1,25,1,4,1,18,2,2,1,22,5,4,4,4,4,4,4,4,4,4,4,4,4,4,4,4,4,4,4,4,4,4,4,4,4,4,4,2,1,1,6,6,9,5,5,5,5,5,2,6,7,6,5,4,3,2,1,3,5,7,1,4,4,4,5,4,4,6,4,4
400,1,45,1,2,1,24,2,2,1,2,3,2,2,2,3,3,3,5,5,3,3,6,2,2,2,2,2,2,2,2,2,3,4,2,2,6,4,2,2,2,7,8,8,8,7,5,5,4,4,6,7,6,6,6,6,5,6,6,6,6,5,5,5,5,5,5,5,5,5,5
401,2,31,1,3,1,17,1,10,1,5,4,2,2,2,4,2,2,6,6,6,4,3,1,1,2,6,6,6,2,1,1,1,4,1,6,2,6,2,3,4,8,1,7,1,1,1,5,4,1,4,7,6,6,6,4,5,1,1,6,7,7,7,1,1,5,2,2,2,2,2
402,2,27,1,100,1,21,1,1,1,10,5,1,2,3,4,4,4,5,5,4,2,6,3,3,3,2,3,3,3,3,3,2,3,2,5,5,6,2,2,2,9,1,9,3,4,3,5,5,2,4,7,6,6,1,7,1,6,6,6,7,7,6,7,6,6,6,6,6,5,7
403,2,35,1,3,1,16,1,11,1,15,5,1,1,2,7,1,7,1,3,5,3,5,1,1,1,5,6,6,2,6,5,3,7,7,2,2,2,2,2,2,9,9,1,1,1,1,5,3,2,4,7,7,7,7,7,7,7,7,7,7,7,7,7,7,7,7,7,7,7,7
404,1,35,1,3,1,15,2,3,1,6,3,4,4,4,7,4,7,5,5,5,5,4,7,4,4,7,7,7,1,1,5,4,4,5,2,7,2,2,1,1,9,9,9,2,2,1,5,4,2,3,7,7,7,7,7,7,7,7,4,7,7,1,7,7,7,5,5,5,3,1
405,1,30,1,1,1,20,2,1,1,30,5,5,2,4,6,6,3,3,2,2,2,7,1,2,1,2,3,1,1,2,3,1,2,2,2,7,6,2,2,2,1,1,3,2,2,1,6,5,5,4,1,1,1,1,1,1,1,1,1,1,6,6,5,5,5,6,6,6,4,6
406,2,50,1,5,1,19,1,6,1,10,4,3,3,3,7,3,7,4,5,5,6,4,2,2,6,7,7,7,3,4,4,4,5,2,2,2,2,2,1,1,7,2,1,1,1,1,6,4,1,5,1,5,5,6,7,6,7,7,7,7,7,7,7,7,7,7,7,7,2,2
407,1,32,1,12,1,21,2,4,1,18,4,1,1,1,1,1,1,1,1,1,1,2,7,4,1,1,1,1,7,7,1,4,1,1,7,7,7,2,5,5,9,9,9,8,8,8,6,4,4,4,1,7,7,1,7,7,7,1,1,7,1,1,7,7,7,7,7,7,1,1
410,2,39,1,30,1,17,1,20,1,10,4,2,2,2,2,2,1,3,3,4,3,7,1,1,3,5,5,6,1,1,2,2,2,1,2,5,3,2,5,8,1,1,1,5,5,5,6,4,4,5,3,5,5,6,5,2,2,2,5,5,1,7,5,5,5,5,6,5,3,3
411,1,38,1,3,1,16,2,3,1,4,4,2,3,3,6,3,6,6,6,6,6,6,2,2,3,6,6,6,3,2,6,2,4,6,2,6,2,2,1,1,1,1,1,1,1,1,6,5,5,4,3,2,5,6,2,5,2,2,4,7,7,7,3,2,2,5,5,5,2,4
412,1,29,1,2,1,23,2,1,1,2,5,3,3,3,3,3,6,3,4,4,3,3,3,3,3,5,5,5,2,2,4,4,3,3,2,5,2,2,1,1,6,8,7,8,6,7,6,5,4,4,3,5,5,3,5,5,5,5,5,5,4,3,5,5,5,5,5,5,5,4
413,1,30,1,15,1,14,2,25,1,15,3,3,5,6,5,4,5,7,6,7,7,4,2,2,2,6,7,4,2,2,6,3,5,3,6,7,3,2,6,5,7,6,8,6,5,6,6,4,3,3,3,5,2,6,5,6,5,7,5,6,6,3,5,5,5,5,3,3,2,1
414,2,25,1,3,1,20,1,3,1,20,3,4,4,3,3,4,4,6,6,6,3,5,7,2,7,7,7,7,4,4,4,3,4,5,2,2,2,2,2,2,9,9,9,4,3,3,6,4,4,5,3,6,3,6,7,6,6,6,1,6,6,1,5,6,6,6,6,6,6,6
415,1,30,1,5,1,17,2,5,1,15,3,3,2,6,5,2,6,5,5,5,4,5,1,2,2,4,3,4,3,2,5,4,3,4,2,3,4,2,4,5,4,5,6,7,7,6,6,5,4,5,4,5,6,5,6,5,7,6,4,5,4,4,5,5,5,4,5,4,4,2
416,1,43,1,8,1,18,2,4,1,24,3,3,3,3,3,3,6,6,6,6,4,2,1,3,3,6,6,6,2,2,5,2,7,3,2,2,2,2,2,4,6,6,2,2,2,2,6,5,2,4,4,6,5,7,7,5,1,4,6,7,7,4,5,5,5,4,4,4,2,6
417,2,33,1,15,1,16,1,15,1,1,5,7,7,7,4,4,2,2,1,1,1,7,7,4,7,1,1,1,7,7,2,7,7,7,7,7,7,2,6,7,7,7,8,5,1,3,6,4,2,6,4,7,7,7,7,7,7,4,6,7,7,3,7,7,7,4,4,4,1,5
418,1,36,1,8,1,16,2,16,1,2,3,2,2,2,2,2,2,3,2,4,4,4,1,1,4,7,7,7,4,4,2,2,4,2,2,2,2,2,6,6,8,8,8,2,2,2,6,3,3,4,4,6,6,6,6,2,2,2,6,6,1,2,1,1,1,3,4,4,1,1
420,2,46,1,2,1,22,1,3,1,6,4,2,2,2,3,3,3,2,2,3,2,2,2,1,3,5,6,6,3,2,2,3,3,4,3,3,3,2,2,1,9,2,7,2,2,1,6,4,2,6,4,5,6,6,5,6,7,7,7,7,7,6,6,5,5,5,5,5,6,6
421,1,43,1,1,1,22,2,4,1,30,3,2,3,4,4,4,4,4,5,6,4,5,1,1,1,6,6,6,1,2,4,4,2,5,4,6,4,2,4,3,9,9,9,8,7,6,6,6,6,6,4,6,4,4,5,5,6,2,7,7,4,2,2,2,2,3,3,3,3,3
422,1,28,1,1,1,17,2,3,1,20,3,1,1,3,3,3,3,3,4,4,3,5,5,2,3,3,2,5,2,3,4,2,2,5,4,3,5,2,2,2,1,1,1,1,1,5,6,5,5,7,5,7,5,5,6,6,6,5,4,6,5,6,6,5,3,6,5,6,6,6
423,2,48,1,5,1,18,1,5,1,3,3,2,3,3,3,3,7,1,1,5,3,2,1,1,7,7,7,7,2,2,3,3,3,3,2,2,3,2,2,2,1,1,9,3,2,1,6,3,1,6,5,5,7,5,6,5,7,6,7,7,7,7,6,6,6,7,7,7,5,6
424,1,35,1,6,1,16,2,12,1,2,5,3,2,3,5,3,7,3,3,2,3,3,1,1,1,4,3,4,1,1,2,3,3,4,3,6,3,2,2,3,1,2,5,5,3,2,6,4,3,5,5,4,5,5,5,5,6,6,6,6,7,2,4,4,4,5,4,4,4,6
425,1,53,1,1,1,19,2,1,1,5,2,3,6,6,7,6,7,5,5,5,7,5,1,3,4,7,7,7,3,3,7,4,7,5,2,4,2,2,2,2,1,1,1,6,6,6,6,3,1,4,5,5,5,6,6,5,7,2,7,7,7,7,7,5,5,4,4,4,4,7
426,1,25,1,3,1,23,2,1,1,15,4,3,4,3,6,4,7,6,3,4,3,2,1,2,1,5,7,7,2,2,4,3,6,7,2,2,2,2,1,1,1,1,1,6,3,2,6,5,1,6,5,5,5,4,6,6,6,7,4,7,7,7,5,7,7,6,6,6,6,6
428,2,28,1,2,1,21,1,2,1,20,5,2,2,2,2,2,3,3,3,2,3,2,1,1,1,4,2,5,2, ,2,2,2,2,3,6,3,2,2,1,2,2,1,1,1,1,6,5,1,7,5,5,6,6,6,6,6,6,6,6,7,7,1,7,7,7,7,7,7,7
429,1,43,1,15,1,18,2,14,1,1,4,2,2,3,3,2,5,4,4,3,5,2,1,1,2,5,5,5,2,2,3,4,4,3,2,3,2,2,4,5,2,1,1,3,3,2,6,2,2,4,5,5,6,5,6,6,7,7,7,7,7,6,5,7,7,7,6,6,4,6
431,1,32,1,3,1,21,2,1,1,7,3,3,5,5,2,5,1,3,3,5,5,6,7,7,7,1,1,3,7,7,5,5,3,5,6,2,5,2,1,1,2,6,5,9,9,9,6,4,4,6,5,6,6,6,5,5,7,6,7,7,7,7,6,5,4,6,4,5,4,5
432,2,32,1,5,1,17,1,5,1,30,3,1,3,3,2,3,2,1,1,2,1,2,1,1,1,7,7,7,2,2,1,1,1,2,2,2,2,2,3,4,3,1,1,1,1,1,6,6,1,7,5,7,7,7,7,1,1,7,4,7,7,7,7,7,7,7,7,7,5,6
433,2,39,1,3,1,17,1,3,1,20,5,2,1,2,5,2,5,6,3,4,5,5,2,1,2,5,6,5,1,2,3,3,5,4,2,3,3,2,1,1,3,2,2,2,1,2,6,4,2,4,5,6,4,6,5,4,7,7,7,7,7,6,7,4,3,6,5,6,3,2
434,1,32,1,3,1,25,2,1,1,20,4,2,2,3,4,3,5,3,3,2,3,3,2,1,2,2,3,3,2,2,4,3,3,4,2,4,4,2,2,1,3,3,3,5,4,5,6,4,2,5,5,6,6,6,6,3,5,5,7,7,1,1,5,5,6,6,6,6,5,6
435,1,38,1,5,1,32,2,1,1,5,3,2,2,5,7,2,5,2,5,4,3,6,2,2,2,2, ,5,2,2,1,2,6,3,3,2,3,2,2,2,4,5,5,1,6,2,6,4,2,6,5,6,4,7,7,7,7,7,7,7,7,7,6,6,7,7,7,7,6,7
436,2,35,1,7,1,17,1,4,1,15,5,3,2,1,2,3,1,2,1,2,2,7,4,2,1,2,1,2,1,2,3,2,1,2,7,6,4,2,1,3,4,6,5,7,5,6,6,6,5,7,5,5,6,5,6,4,5,6,6,7,6,5,6,5,6,7,5,5,6,2
437,1,73,1,20,1,10,2,10,1,0,1,3,3,3,2,2,3,2,5,6,4,6,3,2,2,6,6,6,2,2,6,5,5,2,2,6,2,2,6,6,4,7,9,7,7,8,6,4,4,5,5,6,6,6,6,5,7,6,6,7,5,7,5,6,5,6,2,2,2,5
438,1,48,1,11,1,15,2, ,1,12,5,1,1,1,4,1,4,5,1,1,2,4,1,1,3,4,2,4,1,1,2,1,4,1, ,4,2,2,9,9,5,9,9,7,2,7,6,6,6,7,5,6,7,6,4,1,7,7,4,7,7,1,7,7,7,5,6,6,1,4
439,1,36,1,30,1,18,2,5,5,3,3,1,1,1,1,1,1,1,1,1,1,7,1,1,4,1,1,1,1,1,2,2,1,2,7,6,6,2,2,3,6,6,7,4,3,4,6,5,5,7,5,4,3,3,2,2,7,7,6,6,6,6,5,6,5,6,5,5,6,2
441,1,66,1,6,1,24,2,13,1,5,1,1,1,1,1,1,2,2,3,2,3,5,1,2,2,3,4,3,2,1,1,2,2,2,2,4,4,2,7,8,7,9,8,9,7,9,6,3,2,6,5,3,1,5,5,7,7,7,7,6,3,2,3,3,2,3,5,3,2,2
442,1,22,1,1,1,19,2,2,1,6,4,2,3,2,2,2,3,5,3,4,5,5,7,7,6,7,7,7,2,1,2,2,3,4,2,5,2,2,3,2,7,8,8,7,6,7,6,5,4,7,5,6,3,6,5,2,7,3,1,6,3,3,6,6,7,7,6,6,5,3
443,1,51,1,15,1,15,2,20,1,6,4,3,3,3,4,3,5,4,4,4,3,3,2,2,2,5,5,5,2,2,3,2,3,3,3,4,3,2,6,6,7,5,5,6,6,6,6,4,3,5,5,5,5,7,5,4,6,5,7,6,7,5,1,1,1,7,7,7,4,5
444,1,42,1,5,1,15,2,20,1,12,4,3,3,4,4,3,4,4,4,4,3,5,2,2,2,6,6,6,2,2,4,3,4,3,2,2,2,2,6,6,7,5,8,4,2,2,6,4,4,4,5,5,6,6,5,5,6,6,6,6,7,5,6,6,6,6,6,6,5,1
445,1,37,1,3,1,21,2,3,1,10,4,5,7,7,6,3,6,4,6,5,5,2,7, ,7,7,5,7,7,3,5,4,5, ,2,2,4,2,1,1,7,9,2,6,9,5,6,4,2,5,5,3,7,7,7,7,1,1,5,4,5,6,3,6,7,4,3,5,7,7
446,1,31,1,3,1,18,2,5,1,3,2,5, ,5,4,2,4,5,3,4,4,3,4,4,6,3,4,5,2,5,4,2,5,4,3,4,3,2,6,3,7,1,8,3,3,3,6,3,2,4,5,7,5,5,2,3,5,2,7,7,7,2,5,3,5,6,5,5,5,6
447,1,40,1,3,1,16,2,7,1,10,4,5,3,5,6,5,7,2,1,3,1,2,5,4,5,6,6,6,3,3,6,2,6,6,6,5,3,2,2,5,7,7,8,6,2,4,6,4,4,6,5,5,5,5,5,4,5,5,4,6,7,4,7,7,7,7,7,7,5,2
448,2,33,1,10,1,18,1,12,1,4,5,2,2,2,5,3,1,2,2,3,1,2,1,1,1,5,4,5,1,1,2,3,5,1,2,5,2,2,3,4,8,9,9,3,2,1,6,4,2,5,5,7,7,7,7,5,5,5,6,7,7,3,6,5,5,5,5,5,3,3
449,1,48,1,3,1,20,2,3,1,0,2,2,2,5,4,1,1,7,7,7,7,7,1,1,1,7,7,7,2,2,2,2,7,1,2,2,2,2,1,1,8,1,1,7,2,4,6,5,4,6,5,7,5,7,7,6,6,2,4,6,7,7,1,1,1,1,1,1,1,1
450,1,33,1,15,1,15,2,9,1,25,2,2,2,2,5,2,6,4,5,5,3,5,3,3,2,6,6,6,2,2,3,3,3,2,2,5,3,2,2,4,8,8,6,7,6,3,6,4,2,6,5,5,5,6,6,6,7,7,4,7,7,5,3,6,6,5,6,6,2,4
451,1,29,1,6,1,18,2,4,1,8,3,6,6,6,3,6,2,4,4,3,4,6,7,7,6,1,1,1,5,5,4,6,1,7,7,7,7,2,1,2,8,8,8,8,1,3,6,4,4,3,5,6,5,6,6,2,7,3,4,7,7,2,7,7,7,4,2,3,2,1
452,1,35,1,5,1,18,2,30,1,4,3,1,1,1,1,1,1,1,7,1,1,6,7,1,7,7,7,7,6,3,1,1,1,1,2,2,7,2,9,9,9,1,2,1,1,1,6,3,1,7,5,6,4,5,5,5,1,1,3,7,7,6,7,7,7,1,1,6,4,1
453,1,53,1,10,1,17,2,4,1,1,4,3,3,2,1,2,1,1,1,1,1,6,1,1,4,1,2,5,5,5,4,4,4,5,5,2,6,2,1,1,9,9,9,9,9,9,6,4,4,4,5,5,6,6,4,2,6,6,2,5,6,3,4,5,5,4,4,4,4,2
454,2,30,1,25,1,15,1,30,1,20,4,5,5,5,5,5,6,4,5,4,6,5,1,5,1,3,2,4,6,1,4,4,4,2,2,2,3,2,3,9,9,9,9,7,5,6,6,4,5,6,5,6,6,7,6,5,7,4,4,5,4,1,6,4,4,7,5,5,4,4
455,1,71,1,3,2, ,2,1,1,4,3,2,2,2,2,2,5,2,1,1,2,6,1,1,1,1,2,2,1,1,1,1,2,2,6,6,6,2,2,2,1,1,1,2,4,8,6,3,4,6,6,5,6,7,7,7,6,6,6,6,6,6,6,6,7,7,7,6,6,6
456,2,25,1,1,1,21,1,1,1,1,4,3,1,1,7,3,7,2,1,2,1,6,3,3,2,3,4,3,3,2,3,2,3,3,2,4,6,2,1,2,1,1,1,4,5,3,6,5,6,6,6,6,7,3,5,6,7,6,5,7,1,1,7,7,7,7,7,6,7,6
457,2,28,1,2,1,21,1,2,1,12,5,6,6,5,3,5,1,3,3,3,2,3,7,7,6,3,3,3,5,6,5,4,5,6,3,4,3,2,2,1,1,1,2,1,1,1,6,5,1,6,6,6,5,3,4,5,5,5,4,3,3,4,5,4,3,4,5,4,3,4
458,2,42,1,7,1,19,1,4,1,20,3,3,3,3,4,3,3,4,5,5,5,3,2,2,4,7,7,7,2,2,4,1,4,1,4,4,4,2,1,5,3,4,1,6,1,1,6,4,4,5,6,6,5,5,5,5,7,1,7,7,7,5,5,5,5,3,3,3,3,3
459,2,49,1,14,1,14,1,33,1,0,4,2,2,2,2,2,3,4,2,1,1,2,2,2,2,3,4,4,1,1,1,2,1,5,3,4,3,2,5,4,5,3,3,2,5,3,6,5,5,6,6,6,6,7,7,6,6,6,4,6,7,7,5,3,3,7,7,7,7,1
460,1,25,1,2,1,19,2,1,1,3,3,2,2,3,5,3,4,4,6,6,4,6,3,2,2,4,2,3,2,2,4,3,4,3,5,5,5,2,1,1,6,7,7,9,9,9,6,6,6,7,6,6,5,6,6,5,6,6,5,6,5,5,5,6,5,6,5,5,6,5
461,2,33,1,10,1,16,1,7,1,2,4,6,6,6,6,6,7,5,3,2,2,2,6,6,7,1,1,4,7,7,5,7,7,7,6,2,2,2,4,2,6,1,2,1,1,1,6,2,1,6,6,7,2,5,5,4,2,6,4,6,7,7,6,3,6,2,5,2,1,3
462,1,34,1,5,1,18,2,11,2,2,3,2,4,3,3,3,4,5,4,5,5,5,1,1,2,5,7,5,2,1,3,3,3,3,2,4,2,2,1,2,7,8,8,9,7,9,6,5,4,4,6,6,6,7,7,5,6,6,6,6,4,5,6,6,6,7,6,6,5,2
463,1,31,1,6,1,16,2,7,1,18,4,2,2,2,3,2,3,5,5,5,5,4,5,2,4,5,5,4,3,3,3,2,3,3,3,4,4,2,3,4,7,7,6,6,6,6,6,4,3,4,6,6,6,6,3,3,5,5,4,5,4,3,4,5,4,4,5,5,5,2
464,1,45,1,20,1,12,2,25,1,12,3,6,6,7,6,6,7,6,6,6,6,6,3,2,2,6,7,7,1,1,7,6,7,7,7,7,7,2,6,6,7,3,3,6,5,7,6,4,4,5,6,5,3,5,6,5,2,1,3,5,7,6,4,3,3,5,5,5,2,1
465,1,32,1,5,1,16,2,20,1,20,4,3,1,2,2,3,2,1,2,3,2,2,4,5,4,7,6,7,4,2,3,4,4,6,2,4,2,2,6,5,8,9,8,5,4,5,6,5,4,5,6,7,6,6,7,2,6,4,1,6,5,6,6,5,6,5,5,6,5,6
466,2,45,1,50,1,14,1,30,1,10,3,4,3,4,3,3,4,3,4,4,4,3,1,1,4,6,6,6,2,2,4,4,4,1,2,2,2,2,2,9,8,8,7,2,2,1,6,4,2,6,6,5,5,5,6,5,3,1,7,7,7,2,7,5,5,5,4,4,5,6
467,1,31,1,17,1,12,2,26,1,25,5,1,1,1,1,1,1,4,4,4,3,2,7,4,7,7,7,7,4,4,1,1,1,1,7,4,2,2,8,8,9,1,9,8,9,9,6,5,4,6,6,7,7,7,7,4,7,5,4,7,4,1,5,5,5,7,7,7,5,1
468,1,41,1,5,1,17,2,12,1,20,3,1,1,1,1,1,2,2,1,2,1,3,1,1,7,7,7,7,4,4,1,1,3,1,2,2,2,2,6,6,9,9,9,2,2,2,6,4,1,7,6,7,7,7,7,6,7,7,7,7,7,1,7,7,7,7,7,7,5,5
469,1,43,1,32,1,17,2,50,1,2,2,1,1,1,1,1,1,1,1,1,1,7,1,1,1,7,7,7,1,1,1,1,4,1,2,7,7,2,9,9,9,9,9,9,9,9,6,5,2,7,6,7,3,7,5,5,7,4,7,7,7,7,7,7,7,7,7,7,4,1
470,1,48,1,30,1,15,2,45,0,9,4,1,1,3,2,1,5,2,2,3,1,2,7,3,6,5,5,5,1,3,2,2,5,1,2,2,2,2,1,1,9,9,9,8,8,8,6,4,4,5,6,7,6,7,7,5,7,7,4,7,7,2,5,6,6,7,7,7,3,1
471,2,32,1,2,1,23,1,5,1,2,3,2,2,2,2,2,2,6,6,6,6,6,6,6,6,6,6,6,2,2,2,1,2,3,2,2,2,2,1,1,9,1,9,2,2,2,6,2,2,6,6,6,6,2,6,6,6,2,4,7,7,1,6,6,6,1,1,1,1,4
472,1,30,1,5,1,16,2,16,1,10,4,2,2,2,3,2,3,3,3,3,2,2,2,1,2,5,5,6,2,2,2,2,2,2,6,6,2,2,5,6,9,9,9,8,7,6,6,4,3,5,6,6,7,7,7,2,7,7,4,7,5,1,7,7,7,7,7,7,6,5
473,1,40,1,15,1,18,2,23,1,9,4,2,2,3,3,2,3,3,3,3,3,4,7,2,3,6,4,5,1,2,3,2,2,2,3,4,3,2,3,7,9,9,9,7,5,5,6,4,4,6,6,6,7,5,7,4,7,7,4,7,7,2,7,7,7,6,3,5,4,4
474,2,31,1,2,1,23,1,5,1,1,3,2,2,2,2,2,2,6,6,6,6,6,6,6,6,6,6,6,2,2,2,2,6,6,2,2,2,2,1,1,9,8,8,2,2,2,6,3,2,6,6,6,6,2,6,6,6,2,2,6,6,2,6,6,6,2,2,2,2,2
475,1,32,1,10,1,16,2,18,1,15,5,2,2,2,2,2,4,4,5,5,5,6,6,2,2,4,4,4,2,2,2,2,4,4,2,2,2,2,6,6,9,9,9,9,7,7,6,6,5,7,6,6,6,6,7,4,6,6,7,7,7,1,3,3,3,5,2,2,5,1
476,1,34,1,10,1,17,2,15,1,8,3,3,3,4,5,4,4,3,3,3,3,4,1,2,3,6,6,4,1,1,4,3,4,2,2,6,2,2,8,5,9,9,9,8,6,7,6,4,2,5,6,6,5,6,7,3,7,7,4,7,3,1,7,7,6,7,6,6,3,5
477,2,34,1,5,1,15,1,3,1,1,4,3,3,5,2,2,6,3,6,6,2,6,2,3,3,3,2,3,3,2,2,2,3,3,5,5,5,2,2,2,9,2,8,8,8,8,6,6,6,6,6,7,6,7,6,5,6,7,7,7,7,7,7,6,7,7,7,7,7,7
478,1,31,1,12,1,14,2,10,1,5,4,3,3,3,3,3,5,5,5,5,5,2,7,3,6,7,7,7,2,2,3,5,2,2,2,5,2,2,1,1,9,9,9,8,2,3,6,4,4,5,6,7,7,6,2,2,7,5,4,7,6,2,6,5,5,6,5,5,2,4
479,2,35,1,7,1,18,1,7,1,2,2,4,4,5,5,5,5,5,6,6,5,5,6,6,6,6,5,5,2,2,6,3,6,6,2,6,2,2,4,3,9,8,9,7,7,7,6,4,4,7,6,6,5,7,4,7,2,4,2,2,3,2,4,3,6,2,2,6,2,2
480,1,29,1,2,1,19,2,2,1,2,4,4,4,3,3,4,6,2,3,4,5,5,1,2,1,3,1,1,1,1,1,1,2,5,2,5,5,2,1,2,9,9,8,9,9,9,6,5,5,6,6,7,7,7,7,5,6,2,4,7,5,4,6,6,7,7,6,6,2,5
481,2,25,1,5,1,14,1,5,1,0,2,6,6,6,5,5,5,6,5,6,6,6,7,4,5,2,1,1,4,5,5,4,3,6,6,6,6,2,4,4,9,9,9,3,3,1,6,5,3,5,6,6,4,4,6,5,6,6,7,7,7,7,7,7,6, ,6,7,7,1
482,2,26,1,6,1,15,1,2,1,4,5,7,7,7,7,7,7,7,7,7,7,2,7,7,7,7,1,1,1,7,7,7,7,7,2,2,2,2,2,1,1,9,1,9,6,6,6,4,4,6,7,7,7,7,7,7,7,7,7,7,7,7,7,7,7,7,7,7,7,7
483,2,38,1,11,1,15,1,11,1,20,4,7,5,4,4,4,1,7,7,7,4,7,7,7,6,4,4,1,4,4,5,5,5,4,4,7,6,2,2,2,1,1,9,1,1,1,6,5,3,7,7,7,6,7,7,5,1,1,7,7,7,7,1,1,1,6,4,4,5,7
485,2,24,1,5,1,19,1,2,1,45,5,1,1,1,1,1,1,1,1,1,1,2,7,1,1,7,7,7,1,1,1,1,1,1,2,2,2,2,1,1,5,9,9,1,5,5,6,6,1,7,7,7,7,7,7,1,1,7,4,7,7,7,1,1,1,7,7,7,7,1
486,1,31,1,2,1,17,2,1,1,18,5,2,2,2,6,2,2,3,4,2,2,2,1,1,3,6,7,5,1,1,3,4,5,3,2,3,2,2,2,1,6,2,8,4,1,5,6,4,4,6,7,7,7,7,7,7,5,1,7,7,7,2,6,5,6,6,6,6,6,4
487,1,30,1,20,1,16,2,20,1,15,3,6,6,5,3,6,1,7,6,7,5,7,4,7,6,1,1,1,4,4,6,7,5,7,7,7,7,2,4,7,6,1,4,5,3,6,6,5,1,5,7,7,6,7,6,3,5,3,7,7,7,6,6,4,4,2,3,2,1,1
488,1,29,1,4,1,24,2,3,1,5,3,4,4,4,4,4,4,5,5,5,5,5,7,4,7,7,7,7,4,4,4,5,7,3,2,2,4,2,2,2,7,1,1,1,1,1,6,4,4,5,7,7,7,7,7,5,6,7,4,7,7,7,7,7,7,7,7,7,4,4
489,1,36,1,4,1,21,2,4,1,20,5,7,7,7,7,7,7,1,1,1,1,7,7,7,7,1,1,1,7,7,7,6,7,7,7,7,7,2,1,1,7,7,9,5,1,5,6,4,3,6,7,7,7,7,7,4,7,1,7,7,7,4,1,1,1,6,6,6,6,1
490,2,57,1,7,1,17,1,6,1,0,4,1,1,1,1,1,7,6,4,4,6,5,1,1,4,7,7,7,2,6,6,4,7,4,2,2,4,2,2,3,8,8,5,3,1,2,6,2,2,2,7,7,4,7,7,6,7,7,7,7,7,7,7,7,7,7,7,5,4,5
491,1,27,1,14,1,17,2,22,1,30,5,1,1,1,7,1,4,1,1,1,1,2,1,1,1,1,1,1,1,1,1,1,1,1,2,7,2,2,6,6,9,5,9,6,6,6,6,5,3,5,7,7,7,7,7,7,7,7,4,7,7,1,7,7,7, ,7,7,4,4
492,1,29,1,7,1,16,2,7,1,22,5,2,2,2,2,2,2,1,1,1,1,3,1,1,2,1,1,2,1,1,1,1,2,1,2,6,5,2,2,4,9,4,8,5,2,2,6,4,3,6,7,7,7,7,7,2,2,1,4,6,7,3,7,7,7,7,6,6,5,2
493,1,40,1,15,1,20,2,12,1,3,5,3,3,3,3,3,3,3,1,2,2,2,1,2,3,6,7,7,2,2,4,6,4,4,2,3,3,2,7,7,9,7,7,9,9,9,6,4,4,7,7,6,6,6,7,5,7,7,7,7,7,1,6,7,7,7,7,7,5,1
494,1,29,1,2,1,19,2,2,1,2,3,4,3,2,3,1,4,3,2,4,4,2,1,2,3,7,7,7,1,1,2,1,6,2,2,7,2,2,1,1,9,9,9,9,9,9,6,3,2,3,7,6,7,6,7,4,7,1,7,7,2,1,7,7,6,7,7,4,6,7
495,2,29,1,1,1,19,1,1,1,20,4,7,7,7,7,7,7,7,7,7,7,2,6,7,7,6,6,6,6,6,6,7,6,6,2,2,2,2,2,2,9,8,1,9,2,9,6,6,6,5,7,6,6,2,2,7,7,7,2,7,7,7,7,6,6,7,7,6,6,7
496,1,27,1,2,1,16,2,1,2,1,4,4,6,3,6,5,3,5,3,6,3,3,3,6,4,3,6,3,5,3,5,3,6,4,3,5,3,3,7,5,4,7,6,5,8,5,3,5,3,5,3,7,3,6,3,6,5,2,6,4,3,6,4,1,6,3,3,6,2,5
497,1,25,1,2,1,18,2,2,2,1,4,2,2,4,2,2,3,3,1,2,2,5,2,2,2,3,3,3,2,2,2,2,3,2,5,5,5,3,3,2,2,6,7,6,6,5,4,2,4,5,4,5,5,5,5,5,5,5,4,5,5,5,5,5,5,5,5,5,5,5
498,1,27,1,1,1,22,2,1,1,3,4,3,4,4,2,3,3,4,2,3,3,5,4,5,2,4,3,3,4,3,2,2,3,4,5,4,6,3,3,2,1,2,6,1,2,1,4,3,2,4,5,5,5,6,5,4,6,5,5,6,5,5,6,4,6,6,5,5,4,6
499,1,25,1,2,1,19,2,2,2,3,4,2,2,3,3,2,4,3,3,3,3,5,1,1,2,2,2,3,3,2,2,2,4,4,5,5,4,3,2,2,5,8,7,6,6,6,4,3,4,5,5,6,5,4,5,5,5,5,6,6,4,5,5,5,5,4,5,5,6,6
501,1,29,1,2,2, ,2,3,1,2,4,5,4,3,4,5,5,4,3,4,3,4,5,5,4,3,4,3,5,3,4,5,5,4,5,4,3,3,2,4,5,4,5,4,5,4,4,3,4,4,6,5,3,4,5,6,5,3,4,5,5,4,3,5,5,4,3,4,5,4
502,2,26,1,2,1,25,1,1,1,3,3,2,3,5,4,4,2,4,5,4,5,7,5,4,7,6,5,5,6,6,5,6,5,4,6,5,6,3,3,2,8,6,3,5,7,6,4,3,3,5,6,5,6,6,5,3,6,6,7,7,7,5,7,5,4,6,6,7,5,4
503,1,30,1,2,1,20,2,2,2,5,5,4,1,5,6,4,3,3,1,2,2,4,1,1,1,2,3,3,2,2,1,2,3,1,5,6,5,3,3,3,8,8,1,6,5,6,4,3,3,7,6,7,7,7,6,5,6,6,5,7,5,6,7,6,6,5,7,7,5,5
504,1,29,1,3,1,19,2,3,2,6,4,1,1,1,1,1,4,1,1,1,1,2,1,1,1,1,4,4,1,4,1,1,1,1,2,4,2,3,2,2,1,5,3,4,3,2,4,3,2,6,7,7,1,7,7,5,6,6,7,7,6,6,7,7,7,7,7,7,7,7
506,2,29,1,1,1,17,1,2,2,5,3,4,5,6,5,5,7,5,4,5,6,5,2,3,4,7,7,6,2,3,7,4,4,5,2,3,2,3,1,2,9,5,8,8,3,1,5,2,3,6,4,5,6,5,3,5,5,5,4,6,5,7,7,6,5,6,5,5,4,4
507,1,33,1,3,1,8,2,3,2,1,5,1,2,2,4,3,4,3,2,2,2,3,2,1,1,2,3,2,2,2,2,2,4,3,2,5,2,3,2,2,3,2,4,2,2,7,5,5,2,5,5,6,5,6,5,6,2,2,2,7,3,6,5,5,6,5,6,5,6,6
508,1,39,1,3,1,14,2,6,2,3,3,2,2,2,3,2,4,3,3,3,3,3,2,2,2,2,2,2,2,2,2,2,3,3,5,6,6,3,2,2,5,3,3,7,8,7,5,4,2,5,5,5,5,6,6,5,6,4,6,6,6,6,6,6,6,6,6,6,6,6
509,1,39,1,3,1,16,2,7,2,6,3,2,2,2,2,2,4,3,2,2,2,2,2,2,2,2,3,3,2,2,2,2,4,2,4,2,6,3,3,3,6,4,6,6,4,7,5,4,3,5,5,5,5,6,5,5,6,3,6,6,6,6,6,6,6,6,6,6,6,6
512,1,33,1,2,1,18,2,2,1,1,5,4,2,3,2,1,3,4,3,3,4,6,4,2,3,2,1,3,4,4,2,3,2,2,7,4,6,3,2,2,9,7,2,6,8,7,5,5,4,5,5,6,7,6,6,1,6,7,6,6,6,5,6,6,7,6,6,5,7,6
514,2,30,1,10,1,17,1,25,2,10,3,3,4,4,6,4,6,6,6,6,6,5,4,2,3,6,6,6,3,3,6,5,6,5,2,2,2,3,2,1,6,1,5,7,2,1,5,3,3,3,6,6,5,5,6,5,6,1,7,6,7,4,6,6,6,5,5,5,3,3
515,1,27,1,11,1,18,2,7,2,3,4,2,2,3,4,3,4,4,3,4,3,4,6,2,6,4,5,4,3,3,4,3,3,4,6,3,4,3,4,4,7,4,5,4,6,5,5,4,4,4,6,5,7,6,5,4,6,4,4,6,6,5,6,5,5,5,5,5,2,3
516,1,33,1,4,1,16,2,2,1,10,5,3,2,4,3,2,2,3,3,2,4,6,3,4,2,3,1,2,2,3,1,3,1,1,4,5,4,3,7,5,9,7,4,4,5,8,5,4,2,5,6,4,7,6,7,6,7,5,6,5,7,5,7,5,7,5,6,7,4,6
517,1,35,1,8,1,14,2,4,1,6,3,4,2,3,4,2,4,5,5,6,4,5,2,3,2,3,5,4,1,2,3,3,4,4,3,6,6,3,5,5,9,9,9,8,6,6,5,4,3,3,6,6,5,6,6,3,3,3,4,6,2,2,5,5,5,5,5,5,2,1
518,1,27,1,4,1,18,2,10,2,15,5,2,1,2,3,2,3,4,4,4,5,2,1,1,1,6,7,7,1,1,3,2,3,2,2,3,2,3,1,6,7,8,9,4,4,3,5,4,1,6,7,7,6,7,5,4,7,1,4,7,1,4,7,7,7,7,7,7,4,1
520,1,29,1,10,1,26,2,1,1,4,3,2,4,3,7,5,7,3,4,7,3,3,4,7,6,3,5,4,7,3,7,5,7,6,5,3,2,3,7,5,6,8,6,4,8,6,6,4,3,6,2,6,3,6,5,7,5,7,3,5,3,6,4,5,7,6,3,4,6,5
521,1,34,1,5,1,16,2,20,0,0,3,4,4,6,6,4,3,7,6,6,6,7,7,7,7,7,6,7,1,1,2,4,6,6,4,7,2,3,6,8,9,9,9,7,5,7,6,5,5,5,2,6,6,6,6,6,2,3,4,7,2,1,4,4,3,6,6,6,2,1
522,1,40,1,5,1,18,2,5,2,30,4,4,5,3,3,3,4,4,5,5,5,5,4,4,2,4,5,4,4,4,5,5,4,3,5,4,3,3,3,2,7,2,3,1,1,1,6,5,2,6,4,4,5,5,4,4,4,4,5,4,5,4,4,4,4,3,4,4,5,5
523,1,25,1,2,1,25,2,2,2,3,5,2,1,2,2,2,3,1,2,2,3,6,2,1,1,1,1,2,1,1,1,1,2,2,2,6,2,3,2,1,2,3,2,2,2,3,6,4,3,6,5,6,2,7,6,2,6,5,5,7,5,6,5,5,5,6,6,6,5,6
524,1,30,1,2,1,24,2,2,2,2,4,3,2,3,2,2,2,2,1,2,2,6,2,3,2,2,1,2,2,1,1,1,2,2,3,6,2,3,2,2,7,8,6,7,6,6,6,4,4,5,6,5,7,2,7,3,5,6,6,6,5,6,6,6,6,6,5,6,5,5
525,2,23,1,5,1,22,1,3,2,14,5,2,3,2,3,3,3,5,6,6,5,2,2,2,5,6,4,7,6,3,2,3,6,3,2,2,2,3,1,1,8,7,5,2,2,1,6,4,4,4,6,7,7,6,7,6,6,6,1,7,7,2,5,5,5,6,7,7,4,1
528,2,47,1,10,1,16,1,20,2,25,4,3,3,3,3,3,3,1,3,3,7,2,7,7,7,7,7,7,7,7,7,7,7,7,2,2,2,3,4,3,9,9,1,7,7,7,6,5,4,7,7,7,7,7,7,7,7,7,7,7,7,7,7,7,7,7,7,7,7,7
529,1,23,1,3,1,19,2,3,1,0,4,4,4,3,4,4,3,4,4,4,3,5,3,4,4,4,4,3,4,3,3,4,4,4,4,4,3,4,5,5,5,4,5,4,5,6,3,3,3,5,4,3,4,4,4,4,3,5,4,5,4,3,4,4,4,4,4,4,4,4
530,1,23,1,3,1,17,2,2,1,14,3,5,4,5,3,4,6,5,4,5,4,3,4,5,6,4,4,4,5,4,6,4,4,3,3,3,4,4,6,7,6,5,5,6,7,6,3,4,5,6,5,5,6,3,6,5,5,5,5,3,3,6,5,4,4,5,5,4,4,5
531,1,29,1,1,1,20,2,1,1,6,5,3,3,3,4,4,3,2,4,4,4,5,3,2,3,4,4,5,4,3,2,3,4,3,5,6,4,4,7,6,7,7,4,7,8,6,3,3,3,3,6,7,5,6,5,5,4,6,6,5,6,5,4,4,6,5,3,5,6,4
532,1,30,1,1,1,16,2,2,2,2,5,6,5,6,5,5,5,6,6,6,5,3,5,6,6,5,4,5,4,5,5,7,6,6,2,3,2,4,4,2,2,4,6,4,6,8,4,3,3,3,6,6,7,7,6,5,5,5,7,6,6,7,7,7,6,6,7,7,7,6
533,2,24,1,2,1,14,1,3,1,20,4,5,4,5,4,5,5,4,4,5,4,5,5,5,5,4,3,4,4,4,3,3,3,4,5,4,5,4,3,3,3,4,6,5,5,5,4,4,4,5,6,5,5,3,3,5,4,4,4,4,5,5,4,5,4,5,4,3,5,4
534,2,56,1,4,1,27,1,3,1,2,4,3,4,6,4,5,6,5,5,6,6,6,6,6,3,2,2,5,6,6,3,4,6,3,4,2,2,4,6,6,7,6,2,7,3,6,4,5,4,6,6,3,5,3,5,4,6,5,3,5,5,4,5,6,3,5,3,5,3,5
535,2,26,1,3,1,14,1,5,3,1,3,4,3,6,6,5,7,4,6,6,6,2,4,5,5,3,4,4,3,5,5,3,4,7,3,2,2,4,3,5,4,4,7,6,5,5,5,4,3,5,4,6,5,5,6,3,4,4,3,6,6,6,4,5,5,3,3,6,4,5
536,2,23,1,1,1,2,1,1,1,1,4,5,4,6,4,3,3,2,5,4,5,3,5,4,3,3,3,6,5,6,5,4,3,6,3,4,5,4,3,3,5,6,7,6,4,4,5,4,4,4,6,5,4,4,3,3,4,3,5,3,5,4,4,4,4,3,3,4,4,4
538,1,29,1,1,1,18,2,1,1,1,3,2,1,2,4,3,1,3,1,2,3,7,2,2,1,3,2,2,3,3,4,2,3,3,5,7,7,4,2,3,8,6,4,6,8, ,5,4,4,4,6,5,4,7,6,6,4,6,5,7,6,4,5,2,6,5,5,7,6,6
539,2,34,1,5,1,17,1,32,3,1,3,4,3,4,2,2,3,3,3,4,3,2,5,3,4,5,3,2,2,2,4,3,4,6,2,5,2,4,8,8,8,8,8,6,3,5,5,4,4,5,6,7,4,7,7,7,7,5,4,6,7,3,6,6,6,7,7,7,7,4
542,1,24,1,6,1,18,2,8,3,12,5,2,1,2,3,2,4,6,5,4,3,3,7,7,7,7,7,7,1,2,3,2,3,4,2,3,2,4,3,5,8,8,8,7,6,6,6,4,4,6,5,7,6,7,5,3,7,5,4,7,2,3,5,6,6,7,6,7,7,2
543,2,32,1,12,1,17,1,25,3,5,4,2,2,2,2,2,2,6,5,5,2,2,1,2,2,6,4,6,2,2,2,2,2,3,2,6,3,4,6,6,9,8,8,6,5,4,6,3,3,3,5,5,3,3,5,6,3,5,4,5,2,2,3,2,2,6,5,5,3,4
544,1,30,1,6,1,16,2,4,2,2,4,5, ,4,6,4,4,3,4,5,6,3,4,4,5,4,5,4,5,5,4,5,5,4,3,4,2,4,2,4,2,4,5,5,3,4,6,6,3,6,6,7,6,5,6,7,6,6,6,6,7,6,7,6,6,6,6,5,5,6
545,1,36,1,10,1,15,2,50,3,20,5,1,1,2,3,1,4,7,2,3,2,4,1,1,1,7,7,7,1,1,1,1,1,1,7,2,2,4,7,9,9,9,9,3,3,1,6,5,2,6,6,7,7,7,7,1,7,7,1,7,6,1,7,7,7,7,7,7,5,1
546,1,28,1,3,1,17,2,4,1,0,3,3,5,2,2,5,6,4,4,3,6,3,5,1,4,2,2, ,4,4,2,3,5,5,6,5,2,5,4,7,4,3,7,6,7,8,2,4,5,5,3,5,5,3,4,6,6,4,3,5,3,3,3,4,4,5,4,6,4,5
549,2,31,1,1,2, ,1,1,1,0,4,5,6,6,6,6,5,6,6,5,6,3,4,6,4,3,5,5,6,6,5,4,6,6,4,5,3,5,4,3,1,2,8,4,3,6,4,3,4,4,5,4,3,5,6,5,4,5,4,3,5,6,5,4,3,6,5,5,6,4
550,2,28,1,3,1,16,1,4,1,6,4,4,5,2,3,4,5,4,3,5,5,4,4,5,3,4,5,5,6,3,6,6,2,2,3,3,4,5,6,4,5,7,5,4,7,4,4,3,4,4,5,3,5,5,4,4,5,6,5,4,5,4,4,5,5,4,5,5,5,4
551,2,27,1, ,1,27,1,1,1,3,4,6,4,6,7,6,4,6,5,7,5,2,3,5,7,3,4,6,4,6,3,5,5,4,4,2,3,5,7,5,7,5,2,6,3,6,4,2,4,5,5,4,6,6,5,7,6,4,6,6,6,5,7,6,4,6,7,5,6,6
552,1,30,1,1,1,25,2,1,1,10,4,2,3,3,3,2,4,1,1,2,1,6,1,1,2,2,4,3,1,2,2,1,2,4,2,4,2,5,6,5,8,6,5,6,5,6,4,4,1,7,5,6,7,7,6,4,5,6,6,7,6,7,7,6,7,6,7,6,5,5
553,1,26,1,1,2, ,2,1,1,3,3,3,2,5,4,6,2,4,5,3,4,6,1,2,6,3,4,2,3,2,3,1,6,4,2,6,4,5,3,4,8,1,7,5,7,3,4,3,4,3,5,7,3,5,2,4,4,7,6,3,4,6,7,3,4,7,3,4,3,6
554,2,21,1,5,1,19,1,2,1,12,3,3,3,4,4,3,4,5,4,3,5,6,5,3,4,6,2,4,4,3,3,4,3,4,5,4,4,5,5,8,2,6,6,6,4,7,5,3,1,4,3,4,4,5,4,4,4,4,3,5,3,1,4,5,5,3,3,6,4,2
556,1,32,1,1,1,25,2,1,1,10,4,2,3,4,3,2,1,2,3,3,2,5,4,5,4,3,2,1,2,2,3,4,3,3,6,5,5,5,6,7,1,7,2,7,8,7,5,4,5,7,5,6,7,6,5,4,5,6,7,6,4,5,6,7,6,5,5,6,7,6
557,2,42,1,8,1,14,1,20,4,4,3,2,2,2,1,2,1,2,2,2,2,3,2,2,2,5,7,7,1,1,2,2,1,2,2,4,2,5,2,4,9,9,9,4,5,2,5,2,2,4,5,6,6,5,5,4,4,5,6,6,5,3,6,6,6,7,6,6,5,4
558,1,37,1,2,1,21,2,2,2,10,4,7,7,7,7,7,7,7,7,5,6,2,7,4,5,6,6,7,6,4,6,6,3,6,2,2,2,5,7,7,3,8,4, ,5,6,5,3,4,5,6,5,5,6,7,5,6,6,3,5,5,6,6,4,3,6,7,7,5,6
559,1,29,1,5,1,18,2,4,2,5,5,6,5,4,5,5,6,5,4,5,5,4,5,5,6,5,4,5,6,5,4,6,4,6,3,4,2,5,3,4,4,5,6,5,7,5,5,4,4,4,6,6,5,7,4,6,6,5,7,5,5,6,6,5,7,6,5,6,7,6
560,2,26,1,10,1,18,1,20,1,0,2,4,3,3,4,3,3,4,6,3,4,3,3,3,5,3,4,4,4,3,4,3,4,5,5,4,4,6,5,5,5,6,7,4,5,5,3,4,4,4,4,4,4,4,4,4,4,4,4,4,4,4,4,5,4,4,5,4,5,4
561,1,28,1,2,1,25,2,1,1,1,4,4,4,3,5,5,4,4,4,5,7,2,6,6,4,3,6,4,4,2,4,3,6,5,3,4,5,6,4,4,8,5,6,6,4,5,3,4,4,5,7,6,6,5,7,7,5,3,2,2,5,3,5,3,5,3,6,6,7,6
563,1,30,1,2,1,18,2,3,1,1,4,5,4,3,4,5,5,4,4,3,3,4,5,5,4,4,3,4,5,5,4,3,4,5,3,4,5,6,5,4,4,5,4,7,5,4,4,3,3,5,6,5,4,3,4,5,5,4,3,4,5,4,3,4,5,4,3,4,5,4
564,1,27,1, ,2, ,2,1,1,1,3,5,3,6,6,3,6,4,6,7,4,3,6,2,6,5,3,4,4,4,4,6,4,6,4,2,4,6,9,7,4,6,1,6,3,6,4,5,4,6,6,3,6,5,5,7,6,6,6,6,6,4,6,6,5,7,7,5,7,6
565,1,26,1,3,1,21,2,1,1,1,4,4,2,4,2,4,6,7,4,5,6,5,5,4,7,2,5,4,7,5,6,3,4,6,4,6,4,6,8,6,5,6,5,3,5,3,4,4,4,4,6,7,4,6,7,5,6,3,5,6,5,7,4,6,5,3,6,5,4,5
566,1,29,1,2,1,20,2,2,1,12,4,5,5,4,5,4,5,5,5,6,5,5,5,5,5,4,6,6,5,3,5,6,5,6,2,3,4,6,5,6,7,5,6,5,5,6,4,3,4,5,6,6,6,5,6,6,6,5,5,6,6,6,6,6,6,6,5,6,6,7
567,1,27,1,0,2, ,2,1,1,0,5,5,5,5,6,5,6,5,4,5,3,5,4,5,5,5,5,4,4,2,3,4,5,6,3,5,4,6,8,6,5,4,4,3,2,2,5,3,2,2,5,5,6,4,7,4,5,5,6,7,5,5,4,6,6,6,5,2,3,5
568,1,24,1,2,1,23,2,10,5,1,5,6,4,2,5,3,2,5,3,7,5,6,4,3,5,3,5,2,5,5,2,5,2,4,6,3,2,6,4,7,6,2,4,6,3,6,5,2,4,5,5,2,6,3,5,3,5,2,5,2,5,2,5,2,5,3,6,4,6,2
569,1,31,1,1,1,27,2,1,1,0,4,4,3,4,4,5,1, ,1,1,2,5,4,3,4,4,3,3,2,2,3,2,3,4,4,4,6,6,6,7,7,4,5,2,3,4,5,4,4,6,5,4,5,5,4,5,5,6,6,6,5,6,5,5,6,5,5,4,5,5
570,2,38,1,2,1,18,1,2,2,30,3,5,2,2,4,6,3,3,5,5,6,5,5,5,4,2,3,4,5,6,3,4,4,6,6,6,4,6,2,3,3,6,7,8,3,3,5,5,1,5,6,3,3,4,4,1,1,3,3,5,7,7,7,7,7,7,7,7,7,7
571,2,24,1,1,1,23,1,1,1,1,5,6,2,3,4,5,3,4,6,4,2,5,4,5,2,3,4,5,4,2,3,4,5,6,4,5,4,6,4,2,3,4,4,8,4,5,5,4,3,3,6,4,3,4,5,6,5,3,4,5,6,5,3,4,5,4,6,5,3,4
572,1,31,1, ,1, ,2,2,2,3,3,2,1,2,1,2,1,2,1,2,2,7,2,1,2,1,2,1,2,1,2,1,2,1,6,7,6,6,5,6,6,7,4,7,6,8,5,4,5,5,6,7,5,7,6,7,6,7,6,7,6,5,7,6,7,5,7,6,7,6
573,2,29,1,2,1,21,1,2,2,0,5,3,5,2,4,3,2,4,3,4,4,6,3,1,3,4,3,2,3,2,1,3,5,6,5,5,4,6,9,7,6,8,6,7,9,5,5,4,3,5,6,7,4,3,4,5,5,4,3,5,6,5,2,5,7,5,5,3,5,6
574,1,28,1,3,1,22,2,2,1,1,4,4,3,5,6,6,5,3,5,4,6,4,6,4,4,5,3,5,3,5,3,4,6,3,2,4,3,6,4,4,6,4,5,6,4,6,5,4,4,5,6,4,5,5,4,5,3,5,6,4,6,4,4,5,3,5,3,3,5,4
575,1,29,1,5,1,15,2,5,1,30,2,5,6,5,3,5,4,6,5,6,5,2, ,5,5,5,6,5,5,6,4,2,4,5,3,2,3,6,2,2,1,3,3,5,6,7,6,5,5,7,4,5,5,3,4,4,5,5,6,6,5,6,5,5,4,4,6,7,5,5
576,1,33,1,5,1,20,2,16,1,2,2,5,4,6,4,3,4,5,4,5,4,5,4,6,4,3,5,3,5,4,5,3,4,5,4,4,4,6,5,4,6,5,5,5,5,7,6,3,5,5,4,3,2,4,5,5,4,3,4,5,4,3,4,3,4,4,4,4,4,4
577,2,41,1,6,1,17,1,5,1,1,4,2,7,6,1,7,3,4,4,1,6,2,5,2,2,6,2,1,2,2,5,6,2,4,7,3,7,7,7,1,7,5,1,1,7,6,1,2,3,6,1,1,7,6,1,7,5,1,5,7,1,1,4,3,3,2,4,1,4,7
578,1,26,1,1,2, ,2,1,1,0,5,3,6,4,5,5,5,4,4,5,4,3,3,3,6,5,6,2,4,4,5,4,5,6,4,5,4,7,8,6,6,8,3,8,5,6,1,1,3,2,6,5,5,6,6,5,3,5,7,4,3,5,7,4,7,5,7,6,5,6
580,2,28,1,1,2, ,1,0,0,0,4,3,3,2,2,3,3,2,2,3,3,6,3,2,2,3,3,2,2,3,2,2,3,3,6,5,5,7,4,4,7,7,6,4,7,5,3,3,3,5,6,6,3,6,3,3,3,5,6,5,6,4,3,3,6,6,5,5,2,2
581,1,29,1,2,1,28,2,1,1,1,4,2,3,2,3,2,3,4,3,2,2,5,2,3,4,3,2,3,4,3,2,3,4,3,6,5,4,7,8,7,8,7,2,8,9,7,3,4,4,5,6,5,6,4,5,4,5,6,5,7,5,6,5,6,7,6,5,6,6,7
583,1,28,1,3,1,18,2,2,2,2,4,4,3,3,3,3,4,3,3,5,5,3,6,5,3,6,4,4,5,5,5,5,4,5,4,3,4,7,6,7,6,8,5,6,6,5,4,4,3,3,5,6,6,6,7,5,4,4,6,5,1,7,6,5,6,5,6,5,6,6
584,1,25,1,3,1,20,2,2,3,2,3,4,2,1,3,4,5,2,4,3,3,7,3,4,2,1,3,4,3,3,2,2,3,4,6,6,5,7,5,8,6,8,3,8,5,8,4,3,4,6,5,7,5,4,6,7,5,4,6,5,6,5,4,6,7,6,4,6,5,7
585,1,35,1,22,1,22,2,2,5,2,3,4,5,5,5,6,5,6,6,6,6,2,6,5,5,5,6,6,5,5,6,5,6,5,3,2,3,7,8,8,7,8,2,5,7,7,4,4,5,6,6,5,5,6,5,5,6,5,5,5,5,5,6,5,5,6,5,5,5,5
586,2,32,1,5,1,23,1,1,1,1,4,2,2,2,2,2,2,2,2,2,2,6,2,2,2,2,2,2,2,2,2,2,2,2,6,6,6,7,5,7,7,9,1,8,7,6,4,4,4,5,7,7,7,7,7,7,7,7,7,7,7,7,7,7,7,7,7,7,7,7
587,1,28,1,2,1,21,2,3,1,35,3,4,3,7,6,5,7,7,6,6,7,2,1,1,2,1,4,2,4,5,4,3,3,4,2,2,4,7,7,8,3,3,6,5,6,7,5,5,4,3,3,5,3,2,2,2,1,2,2,1,2,3,3,1,2,1,2,1,1,1
589,1,29,1,5,1,14,2,12,5,4,4,6,5,4,6,5,4,5,6,4,5,2,4,6,5,4,6,5,4,3,2,3,2,2,6,6,6,7,6,4,6,7,4,6,7,3,5,4,5,6,5,6,7,5,5,3,7,5,6,6,5,6,4,5,4,5,6,5,4,5
590,1,29,1,3,1,21,2,3,2,1,4,6,5,6,6,5,4,5,5,6,5,2,5,5,6,5,4,5,5,5,6,5,5,4,3,2,2,7,6,7,8,7,4,7,7,6,5,4,5,5,5,5,6,5,4,5,5,6,5,6,5,6,5,4,5,6,5,5,6,5
591,1,27,1, ,1,19,2,4,1,3,3,2,2,3,2,2,2,1,2,2,3,7,3,3,2,2,2,2,2,3,2,1,2,2,6,6,6,7,8,8,6,8,3,7,7,8,5,2,2,5,6,6,7,7,7,3,6,6,6,6,5,6,6,6,6,6,7,7,7,6
592,2,29,1,2,1,19,1,2,1,5,5,3,1,2,3,2,1,2,2,1,1,6,3,2,2,1,2,3,1,2,2,3,2,1,6,7,6,7,5,6,6,7,1,7,6,7,5,4,4,6,6,5,7,6,5,6,7,7,5,6,6,5,7,6,5,6,7,6,5,6
593,2,23,1,1,1,1,1,1,1,1,3,6,5,5,3,4,4,5,5,5,5,4,4,4,4,4,4,5,5,5,4,5,4,4,5,5,4,7,6,5,7,5,3,6,4,7,5,4,5,5,7,5,4,6,5,5,6,5,5,5,6,5,5,5,5,4,6,6,5,5
594,2,38,1,3,1,16,1,3,1,30,3,4,6,5,5,3,5,5,6,5,6,4,4,3,4,6,5, ,5,5,6,4,2,3,3,3,5,7,5,4,2,3,3,7,4,5,6,5,3,4,5,2,3,5,6,5,4,3,2,3,3,6,5,2,4,2,4,6,2,4
595,2,43,1, ,2, ,1,2,1,1,4,4,5,6,6,6,5,5,6,6,3,4,4,4,3,4,5,4,3,4,3,3,3,3,4,4,5,8,7,8,7,6,4,6,7,6,4,5,4,5,5,4,3,4,4,4,4,3,4,4,4,3,4,5,4,4,4,3,4,5
596,2,27,1,1,1,24,1,1,1,1,5,7,5,5,5,5,5,7,5,4,5,3,7,6,6,7,5,6,7,7,4,5,5,5,3,4,3,8,7,9,7,5,2,6,7,7,4,4,6,6,6,4,4,4,5,4,4,5,5,5,4,5,5,5,5,4,5,5,5,5
597,1,32,1,1,1,26,2,1,1,15,4,4,5,6,6,5,4,5,6,6,6,3,6,5,4,5,6,5,4,4,5,6,7,6,4,3,3,8,6,7,9,7,4,7,8,7,5,4,4,3,5,6,6,5,6,6,5,6,7,6,5,6,7,6,5,4,5,6,6,7
598,2,24,1,1,1,21,1,1,1,1,5,6,5,6,4,6,5,5,5,4,2,3,4,5,4,6,5,5,6,5,5,4,5,5,3,3,5,8,6,6,7,5,5,8,7,6,5,5,3,5,6,6,5,4,6,5,6,4,6,7,5,7,7,5,6,6,6,5,7,5
599,2,23,1,1,1,22,1,1,1,1,4,6,6,5,5,4,4,5,5,4,6,4,5,4,5,5,4,5,5,6,4,4,5,4,4,3,3,8,7,6,8,7,4,8,7,5,5,4,3,5,6,5,5,6,5,4,4,6,4,4,6,5,4,3,5,4,3,3,6,4
601,2,28,1,5,1,18,1,5,3,4,4,1,3,2,2,3,2,2,3,2,2,7,2,1,1,2,2,1,2,2,2,2,1,2,6,6,6,8,6,7,8,5,2,8,6,7,5,6,5,7,7,6,7,6,7,7,6,6,6,7,7,6,7,6,6,7,7,6,6,7
602,1,34,1,45,1,11,2,95,12,40,4,2,2,2,2,2,3,6,6,6,3,4,7,6,4,6,7,7,4,4,2,1,2,1,2,2,2,8,9,9,9,9,9,7,7,7,6,5,2,6,4,4,1,7,7,5,2,2,4,3,1,1,1,1,1,1,1,1,1,1
603,1,32,1,1,1,23,2,1,1,15,4,5,6,7,6,5,4,5,6,5,4,5,4,5,5,4,3,4,5,4,5,6,4,5,2,3,4,8,2,5,2,6,9,6,7,6,6,4,2,2,6,5,3,5,6,7,6,5,4,5,4,6,5,4,4,6,5,4,3,4
604,2,31,1,3,1, ,1,1,1,1,5,2,3,2,1,2,2,1,2,2,3,6,3,2,3,2,1,2,2,2,2,3,2,3,7,7,6,8,7,8,8,8,1,8,7,9,6,5,5,7,6,6,6,4,7,6,6,5,7,6,6,6,7,5,7,6,6,5,5,6
606,1,29,1,1,2, ,2,1,1,0,5,7,7,7,6,7,7,7,7,6,7,2,6,7,6,6,6,6,7,7,7,7,7,6,2,2,2,8,9,9,9,8,1,9,9,8,6,5,6,7,7,7,7,7,6,7,7,7,6,7,7,7,6,7,6,7,7,7,6,7
607,1,28,1,2,1,25,2,2,2,2,4,3,4,6,3,3,5,3,5,3,2,6,2,2,2,2,2,2,2,3,2,2,4,2,6,6,6,9,3,3,1,8,2,6,7,7,5,4,2,3,5,6,6,6,5,4,6,6,6,7,2,6,6,6,6,6,6,5,6,6
608,1,30,1,10,1,15,2,300,30,15,4,6,5,5,6,6,6,6,2,3,6,4,5,4,5,4,2,5,7,7,5,5,6,4,2,3,2,9,9,9,9,9,9,9,8,8,6,4,3,5,5,5,5,3,5,2,2,1,5,7,6,6,5,7,5,6,4,4,2,1
609,1,27,1,1,1,21,2,1,1,1,5,7,7,7,7,6,6,7,7,7,7,2,6,7,7,6,7,7,6,7,6,7,7,7,2,2,2,9,1,5,9,8,1,9,9,9,6,5,5,6,7,7,7,7,7,7,7,7,7,7,7,7,7,7,7,7,7,7,7,7
1,2,19,2,0,2, ,1,0,0,0,3,7,7,7,7,7,7,7,7,7,7,3,7,7,7,7,7,7,7,7,7,7,7,4,2,2,2,1,1,1,1,1,9,1,1,1,1,1,1,1,1,7,4,5,6,5,4,1,4,4,4,4,1,1,1,1,1,1,1,5
2,1,76,2,4,1,14,2,20,0,0,4,3,3,5,5,3,5,5,5,5,5,3,1,1,1,7,7,7,1,1,1,1,1,1,2,3,2,1,6,6,9,1,1,1,1,1,1,1,1,1,3,3,3,5,5,5,5,5,5,4,5,5,5,5,5,3,3,3,3,3
3,2,19,2,0,2, ,1,0,0,0,3,7,7,7,7,7,7,7,7,7,7,7,7,7,7,7,7,7,7,7,7,7,7,7,2,2,2,1,1,1,1,1,5,1,1,1,1,1,1,1,4,1,1,1,1,6,5,1,4,4,1,1,1,1,1,1,1,1,1,3
4,2,23,2,2,1,21,1,1,0,0,3,4,4,4,4,4,4,7,7,4,7,2,4,4,4,4,7,4,4,4,4,4,4,4,4,4,4,1,1,1,1,1,1,1,1,1,1,1,1,1,6,6,6,7,6,6,7,7,4,4,7,7,7,7,7,7,7,7,1,5
6,2,55,2,5,1,13,1, ,0,0,5,6,5,5,5,5,3,6,6,6,6,5,4,2,6,6,6,6,6,2,6,6,6,5,2,2,2,1,1,1,8,1,5,5,1,1,1,1,1,1,7,4,2,6,7,6,6,5,7,4,7,2,5,5,5,5,5,5,5,5
7,2,71,2,5,1,34,1,1,0,0,3,7,7,7,7,7,7,7,7,7,7,7,7,7,7,7,7,7,4,4,7, ,7,7,2,2,2,1,3,2,3,1,1,1,2,1,2,1,1,2,1,4,1,1,1,7,7,1,4,4,7,7,1,1,1,1,1,1,1,5
8,2,42,2,6,1,14,1,6,0,0,1,4,4,5,7,4,7,6,7,7,6,5,7,6,7,7,7,7,2,2,6,4,4,5,6,3,3,1,3,2,5,1,1,2,1,2,2,1,1,1,1,6,4,3,5,7,1,7,4,5,7,7,5,3,3,6,3,7,3,1
10,2,66,2,20,1,15,1,100,0,0,2,4,6,6,6,6,6,6,6,6,6,6,4,4,6,6,6,6,4,4,6,4,6,6,2,2,2,1,9,9,9,1,1,2,1,1,2,2,2,4,2,7,2,6,6,6,7,7,1,4,7,7,1,1,1,4,4,4,1,1
12,2,62,2,4,1,17,1,12,0,0,2,3,3,3,5,3,7,5,6,7,7,7,4,4,4,7,7,7,1,1,4,3,6,3,2,6,2,1,2,3,7,2,3,1,1,1,2,1,1,2,4,3,5,5,4,7,1,1,3,1,7,7,5,4,6,4,5,5,2,1
13,2,40,2,3,1,14,1,4,0,0,3,3,4,4,4,4,5,7,7,7,6,4,1,4,4,7,7,7,1,2,4,2,5,4,2,6,2,1,2,2,7,4,8,4,2,2,2,1,1,3,4,4,4,4,5,6,7,7,7,4,4,3,5,5,5,3,4,4,1,2
14,1,76,2,45,1,18,2,25,0,0,5,4,5,5,5,5,5,5,5,5,5,5,4,5,5,7,7,7,4,4,6,4,4,5,2,4,4,1,8,8,8,8,8,6,5,6,2,1,1,4,4,5,5,5,3,3,2,2,5,4,3,2,4,3,3,4,3,3,3,4
16,2,67,2,20,1,19,1,5,0,0,3,2,2,2,4,2,4,6,3,6,4,2,1,1,2,7,7,6,4,4,5,2,6,2,2,2,2,1,2,2,5,1,5,1,2,1,2,1,1,2,5,5,5,7,7,6,7,7,7,4,7,7,6,2,2,5,1,1,3,6
18,2,60,2,20,1,18,1,15,0,0,2,2,2,2,2,2,2,3,3,2,2,2,1,2,2, ,7,7,2,2,2,2,6,1, ,2,2,1,5,3,9,6,6,2,2,2,2,2,2,2,5,6,6,6,7,7,4,4,3,4,7,5,3,3,5,5,5, ,1,4
20,2,44,2,6,1,17,1,10,0,0,1,5,6,6,6,6,6,6,6,7,6,2,7,4,6,7,7,7,2,3,6,4,6,3,2,2,2,1,1,3,9,5,4,3,2,1,2,2,2,1,5,7,5,6,7,5,1,1,4,3,7,7,5,3,7,3,2,7,1,4
22,1,70,2,23,1,18,2,12,0,0,3,3,2,3,5,4,5,4,3,2,5,6,1,1,2,4,5,5,1,1,3,5,6,3,2,6,2,1,6,5,4,6,9,2,2,3,3,2,2,5,3,5,5,7,3,3,1,1,3,2,2,3,1,2,5,4,3,4,2,2
23,2,47,2,4,1,29,1,6,6,0,4,3,3,6,6,3,7,6,7,7,3,6,1,1,1,7,7,6,2,2,5,2,3,3,2,2,2,1,2,3,9,1,3,4,1,1,3,2,2,3,3,2,6,6,6,6,7,2,7,4,7,7,7,7,7,5,3,3,1,5
28,1,28,2,3,1,27,2,1,1,0,5,2,2,4,4,4,6,3,1,4,2,2,1,1,1,2,4,4,3,4,4,4,4,4,2,4,3,1,2,1,2,4,4,2,2,2,3,1,2,4,5,6,6,7,6,5,6,6,2,4,4,4,6,6,6,6,6,6,6,6
29,2,36,2,2,1,17,1,4,0,0,3,3,3,3,3,3,3,3,4,4,4,6,7,4,7,7,7,7,2,3,3,3,3,2,2,4,4,1,1,2,2,1,2,1,1,1,3,1,1,4,5,5,4,5,6,2,1,1,4,4,7,6,1,1,1,4,2,6,2,2
30,2,41,2,2,1,37,1,3,0,0,3,6,5,6,6,6,6,4,4,5,3,2,2,3,4,6,7,7,3,4,6,4,3,6,5,4,5,1,3,3,4,1,2,3,2,1,3,2,2,3,5,6,5,4,5,6,7,7,4,3,7,7,5,5,5,5,4,6,4,3
32,2,56,2,20,1,15,1,25,0,0,3,3,5,5,5,4,4,4,5,4,3,5,1,1,4,5,5,5,2,3,4,3,6,2,2,2,2,1,3,5,7,3,7,6,6,6,3,2,2,4,5,5,5,5,5,5,3,6,7,4,7,4,4,4,4,5,5,5,5,3
33,2,62,2,35,1,18,1,25,0,0,3,2,2,2,2,2,6,4,4,4,3,2,2,1,4,6,6,6,2,2,2,2,4,5,2,2,2,1,7,7,8,5,4,4,3,2,3,2,2,3,6,6,6,6,6,7,2,6,7,3,7,6,6,6,6,7,7,7,3,2
34,2,36,2,7,1,12,1,7,0,0,3,3,2,2,2,2,2,3,4,4,5,3,4,3,6,6,6,6,3,3,3,2,3,2,2,3,3,1,4,2,8,2,6,4,2,4,3,2,2,2,6,6,5,5,7,7,7,2,4,4,7,7,7,7,7,6,6,6,3,2
35,2,37,2,8,2, ,1,15,3,0,3,2,2,2,3,3,5,1,2,2,2,6,2,2,2,2,2,2,2,1,2,3,2,2,5,5,6,1,2,6,6,2,7,3,2,3,4,4,2,4,3,3,3,5,3,4,5,4,1,4,1,2,2,2,3,3,2,3,3,3
37,1,28,2,2,1,19,2,2,0,0,3,3,5,5,3,4,4,5,5,3,3,3,5,4,4,3,5,3,4,5,4,4,1,5,7,4,4,1,2,1,2,4,4,5,2,2,4,2,3,3,4,5,4,3,3,4,6,5,1,5,5,5,5,4,6,5,5,5,3,6
40,1,32,2,0,2, ,2,0,0,0,4,4,4,6,4,4,4,6,6,6,6,6,2,1,3,7,7,7,4,1,4,4,4,4,2,5,5,1,1,1,1,8,1,7,2,2,4,1,3,2,5,6,5,6,4,3,7,5,4,1,7,7,6,6,7,2,4,2,2,6
43,2,21,2,3,2, ,1,0,0,0,3,3,2,3,3,2,3,4,4,4,4,4,2,2,2,5,6,4,2,2,3,3,2,3,2,4,4,1,1,1,5,3,3,4,3,2,4,4,4,4,5,6,5,4,5,6,7,3,4,4,6,5,7,7,7,6,6,6,4,5
45,1,19,2,0,2, ,2,0,0,0,4,3,6,6,6,6,6,6,6,6,6,6,2,2,2,6,6,6,2,2,5,6,2,6,2,6,6,1,1,1,5,1,2,8,8,8,4,5,5,5,6,6,6,6,6,6,2,6,1,1,6,2,6,6,6,6,6,6,2,2
47,2,50,2,8,1,13,1,8,0,0,5,1,1,1,4,1,1,7,7,4,4,6,7,7,7,7,7,7,2,1,1,2,5,4,2,2,2,1,1,1,6,1,3,1,1,1,4,4,4,7,7,7,7,7,7,1,7,7,1,1,7,7,3,5,7,5,2,5,1,1
48,1,34,2,2,1,18,2,2,0,0,3,4,4,4,6,5,7,7,4,6,7,6,1,2,2,4,5,4,3,4,7,4,7,7,2,2,2,1,1,1,9,6,3,5,4,2,4,3,3,4,7,7,7,7,5,4,6,4,7,7,7,5,4,5,5,5,4,4,3,3
49,2,26,2,1,1,21,1,2,0,0,2,1,1,1,1,1,1,1,1,1,1,2,1,1,1,1,1,1,3,1,1,4,1,1,3,6,5,1,3,2,9,1,9,7,7,7,5,4,4,2,1,5,1,5,5,6,1,1,1,4,1,1,5,5,5,4,5,5,2,1
53,1,36,2,5,1,23,2,2,0,0,3,1,1,1,1,1,1,2,1,1,1,2,5,5,4,1,1,1,3,2,1,1,1,1,3,3,4,1,2,2,6,4,5,7,6,3,5,4,4,4,3,5,3,4,6,6,6,5,4,4,7,5,7,7,6,6,6,6,3,4
54,1,47,2,2,1,28,2,3,0,0,3,6,6,4,7,7,7,3,3,4,4,2,3,4,4,5,5,4,1,1,6,4,7,7,5,7,6,1,2,2,7,7,8,8,4,2,5,4,4,4,3,5,3,5,3,7,5,4,4,4,3,5,7,5,5,6,3,3,2,2
56,2,28,2,6,1,19,1,10,0,0,3,7,7,7,7,7,7,7,7,7,7,7,3,5,6,7,7,4,1,1,7,7,7,7,6,6,7,1,6,3,5,4,3,7,6,4,5,3,3,3,4,4,1,1,5,6,4,1,4,4,6,4,2,1,1,2,1,1,1,1
57,1,19,2,0,2, ,2,0,0,0,4,4,2,3,5, ,4,5,6,7,5,5,2,5,6,5,4,2,4,4,6,5,4,2,2,4,2,1,1,1,7,6,4,6,3,5,5,5,5,4,4,3,3,5,6,6,4,6,5,3,5,2,4,5,2,2,6,4,4,7
58,2,56,2,4,1,21,1,6,0,0,4,4,2,3,4,2,4,1,2,4,4,3,7,2,6,7,7,7,4,4,2,4,4,7,5,4,4,1,2,2,8,1,1,2,1,3,5,2,2,4,4,6,6,6,7,6,6,6,4,4,7,7,6,6,6,6,6,6,6,6
59,2,38,2,0,2, ,1,0,0,0,2,5,5,5,6,6,6,6,6,6,6,6,4,2,3,6,7,7,2,2,4,4,6,6,4,6,4,1,1,1,2,1,2,2,2,2,5,4, ,4,5,6,5,5,6,6,7,5,4,4,7,7,6,6,6,5,5,5,4,5
65,1,40,2,7,1,25,2,4,0,0,3,4,4,4,4,4,4,5,5,5,5,5,3,2,4,6,7,7,2,2,4,2,3,5,5,6,4,1,1,1,9,1,1,7,6,3,5,5,5,4,5,6,4,7,6,6,7,7,4,7,5,7,7,7,7,6,5,6,2,4
66,2,46,2,7,1,18,1,6,0,0,3,1,2,3,4,3,4,5,7,7,5,3, , ,7,7,7,7,4,5,4,2,6,2,2,2,2,1,1,1,1,1,1,2,2,1,5,2,2,4,6,7,6,7,7,7,7,7,7,1,7,7,7,7,7,7,7,7,5,5
68,1,29,2,10,1,17,2,11,0,0,5,2,2,2,2,2,3,3,3,4,3,2,4,2,2,7,7,7,3,3,2,1,2,2,2,2,2,1,1,2,2,2,3,2,2,2,5,2,2,4,6,7,7,7,6,3,7,2,4,4,7,6,5,5,5,6,6,6,2,2
69,1,30,2,2,1,16,2,2,0,0,3,4,5,5,4,4,5,6,5,5,4,3,1,3,2,4,6,7,3,3,5,3,5,6,6,6,3,1,1,1,4,6,5,6,5,4,5,4,4,5,6,6,5,5,7,6,2,2,4,5,7,5,5,5,5,7,7,7,4,1
71,1,39,2,3,2, ,2,0,0,0,4,2,2,3,6,2,6,7,7,6,6,6,7,2,5,6,6,5,1,2,3,4,6,3,2,6,2,1,1,1,9,8,7,6,2,2,5,4,3,3,6,6,7,6,5,4,6,5,4,4,5,7,7,7,7,3,2,3,3,4
72,2,32,2,2,1,21,1,2,0,0,5,5,5,5,3,5,5,5,5,6,3,2,4,2,5,6,7,6,3,2,6,6,6,6,2,5,6,1,1,1,9,3,5,5,6,6,5,4,3,2,6,7,5,6,7,5,6,3,4,7,7,7,6,7,7,7,7,7,6,4
73,1,27,2,2,1,22,2,1,0,0,3,7,6,7,7,7,4,7,7,7,6,7,5,7,7,7,7,3,1,1,7,7,7,7,7,7,7,1,2,1,3,3,9,8,9,2,6,4,4,5,1,7,1,2,3,4,1,1,4,4,7,5,6,1,1,1,1,1,1,1
75,1,42,2,1,1,38,2,1,0,0,4,7,6,6,6,6,7,6,6,7,6,6,2,2,2,7,7,7,2,2,7,6,4,7,2,7,4,1,2,2,7,7,7,8,8,8,6,5,5,6,2,5,2,4,5,2,3,3,4,4,3,3,5,3,3,6,6,6,2,1
77,1,35,2,4,1,14,2,1,1,0,4,1,1,1,1,1,4,2,4,4,4,5,3,3,2,4,4,4,1,1,2,2,4,4,5,6,2,1,4,1,9,9,9,9,7,9,6,4,4,4,4,6,5,4,5,6,6,4,4,6,4,2,5,6,6,6,6,6,6,4
78,1,53,2,7,1,16,2,7,0,0,3,2,3,5,6,4,7,5,5,6,5,3,7,5,7,7,7,7,1,1,6,3,7,5,2,2,2,1,2,2,8,8,8,9,2,2,6,5,5,4,5,6,5,5,6,5,7,5,4,4,5,1,6,6,6,7,6,7,6,4
79,1,47,2,5,1,20,2,3,0,0,2,6,6,6,6,6,6,6,6,6,6,6,6,6,6,7,7,7,4,3,6,4,5,6,4,6,4,1,2,2,8,3,3,6,6,6,6,5,5,4,5,5,3,5,6,6,7,5,4,4,7,6,1,1,1,5,5,5,2,1
80,1,34,2,2,1,21,2,2,0,0,3,7,7,7,7,6,6,7,6,7,6,6,4,4,4,6,7,6,2,2,7,6,7,7,6,7,6,1,1,1,8,8,8,4,4,2,6,5,5,4,5,5,3,5,6,5,6,4,4,4,4,2,3,2,2,3,2,2,1,1
81,1,22,2,9,1,14,2,4,0,0,2,3,2,3,4,4,5,3,4,5,5,3,2,3,2,6,6,5,1,1,4,3,3,3,3,3,2,1,3,3,9,2,6,7,6,4,6,2,3,5,5,6,6,6,5,3,5,3,4,4,7,6,3,5,3,3,3,3,2,1
82,1,25,2,3,1,17,2,3,3,0,5,2,2,2,2,2,2,6,2,2,2,6,2,2,2,2,2,2,2,2,2,2,2,2,2,6,2,1,1,1,6,4,4,7,7,7,6,5,5,6,6,6,6,6,6,6,6,6,1,1,7,5,5,6,6,6,6,6,1,1
113,2,25,2,1,1,24,1,4,1,0,3,5,4,4,3,4,5,7,7,7,7,7,7,7,7,4,7,7,1,1,5,4,5,7,7,7,7,2,2,2,7,1,8,2,2,2,3,1,3,3,2,3,1,2,3,3,7,4,4,4,7,3,2,5,5,5,5,5,2,4
121,2,32,2,4,1,16,1,10,1,0,4,3,2,2,2,2,2,5,5,5,6,6,1,1,1,6,6,6,2,2,2,2,4,2,2,2,2,2,1,3,3,1,1,1,1,1,3,2,2,2,5,6,6,6,5,6,7,6,7,1,7,7,5, ,6,1,1,1,3,5
124,2,40,2,20,1,15,1,20,1,0,2,7,7,7,7,7,7,7,7,7,7,7,2,1,2,6,7,7,1,1,7,7,7,6,6,7,5,2,4,2,7,5,8,6,4,2,3,2,2,5,5,5,2,3,2,6,1,2,7,4,7,2,2,1,1,1,1,5,1,1
131,1,21,2,5,1,16,2,3,1,2,2,5,2,5,4,2,6,3,5,2,7,4,2,4,6,3,3,6,3,6,5,3,4,4,5,2,3,2,1,1,6,5,5,1,1,1,3,4,4,5,6,2,4,2,3,4,2,1,3,5,3,2,3,5,5,2,3,4,2,4
137,2,44,2,6,1,20,1,3,1,0,3,2,2,2,3,2,6,3,2,3,2,5,1,1,1,6,5,6,2,2,3,1,3,2,2,2,2,2,3,3,1,1,2,2,2,2,4,3,3,4,1,7,6,7,5,3,1,1,7,7,7,7,2,1,1,7,7,7,5,5
158,2,33,2,5,1,22,1,11,1,0,2,4,4,3,3,4,2,3,5,5,4,6,2,2,2,7,7,7,4,4,6,7,7,7,2, ,2,2,2,7,8,5,4,7,2,1,4,3,3,4,4,3,5,5,4,4,6,6,4,4,5,5,5,4,4, ,4,3,3,3
163,2,51,2,10,1,13,1,8,1,5,2,3,5,5,3,3,2,6,6,7,6,7,2,2,1,7,4,6,1,1,6,3,6,6,5,6,3,2,2,2,1,1,1,3,3,1,4,2,2,1,5,6,6,6,5,6,5,1,6,2,7,7,6,6,6,2,3,5,1,5
196,1,62,2,10,1,18,2,10,1,4,3,7,7,6,6,7,2,5,5,6,6,2,7,6,5,6,5,6,6,7,7,6,6, ,7,6,7,2,2,1,9,1,1,2,6,2,4,3,1,4,5,5,4,4,7,7,4,4,7,7,7,7,7,7,7,6,6,7,7,6
231,1,32,2,5,1,15,2,4,1,0,4,3,3,6,4,3,4,3,3,6,4,6,2,1,4,6,6,6,4,4,4,4,6,6,2,4,2,2,2,2,3,4,5,4,4,3,4,2,2,4,7,7,6,7,7,6,7,7,4,6,7,6,2,6,6,1,6,6,5,5
268,1,22,2,1,1,19,2,3,1,0,2,2,2,2,4,3,4,3,4,3,3,5,6,3,5,5,5,5,3,2,3,3,3,5,3,4,5,2,2,2,7,8,6,8,8,7,5,4,4,2,4,4,5,4,3,5,5,4,4,2,7,5,3,5,5,3,4,4,2,1
286,1,39,2,8,1,19,2,8,1,0,4,5,5,5,5,5,4,4,4,3,5,6,7,7,7,1,1,1,6,6,4,5,5,6,7,5,7,2,2,1,1,1,2,2,1,2,5,3,3,2,5,5,7,3,3,2,7,7,4,4,1,5,7,7,7,7,7,7,5,5
375,1,20,2,1,1,19,2,1,1,0,3,3,3,3,7,4,7,4,4,6,7,7,1,1,1,4,3,2,1,1,2,3,2,6,7,7,5,2,2,2,7,7,7,6,6,7,5,1,4,3,6,6,7,5,6,7,7,5,4,4,7,7,5,1,1,6,6,6,4,4
376,1,59,2,9,1,16,2,14,1,0,4,3,3,4,5,4,6,4,4,4,4,5,1,2,2,6,6,6,3,3,5,4,3,4,2,5,2,2,5,5,7,6,8,4,3,4,5,3,3,4,6,5,6,5,5,3,6,5,6,5,7,6,5,5,5,5,5,5,4,4
378,1,38,2,5,1,16,2,5,1,10,3,6,4,6,7,5,7,5,6,7,6,6,3,4,2,7,7,7,2,1,7,5,7,7,2,7,2,2,2,1,7,5,9,2,3,3,5,4,4,3,6,6,2,2,5,2,5,1,1,4,6,6,4,4,3,2,2,2,1,1
388,2,41,2,6,1,15,1,65,1,0,4,3,2,2,1,3,1,7,7,7,7,6,7,7,7,7,7,7,2,1,3,4,5,2,2,2,2,2,9,9,9,9,9,1,2,1,5,4,4,5,6,6,2,7,7,3,5,7,4,4,3,1,1,5,5,2,5,5,1,1
399,1,31,2,5,1,21,2,3,1,1,5,7,7,7,7,7,7,7,7,7,7,7,4,6,7,6,3,1,2,1,1,2,6,3,2,5,6,2,4,2,6,7,6,7,8,6,5,6,6,4,7,6,7,6,7,5,7,6,4,4,5,3,3,2,5,6,5,6,6,5
408,1,28,2,0,1,25,2,3,1,0,5,4,1,3,5,3,2,5,2,6,6,5,5,4,3,5,4,4,3,2,3,4,3,7,3,4,5,2,4,3,7,8,8,8,5,4,6,4,4,4,2,4,2,4,4,2,4,4,2,4,4,5,4,2,1,3,2,2,4,3
409,2,29,2,1,1,20,1,11,1,0,5,7,7,7,4,4,7,7,7,7,7,7,1,3,3,7,7,7,1,1,7,7,7,7,7,7,2,2,4,2,9,5,8,9,5,3,6,2,4,5,2,6,1,2,2,4,5,1,1,1,7,1,4,2,4,5,2,7,3,1
419,1,33,2,7,1,26,2,5,1,0,3,5,3,6,7,5,6,6,5,5,4,2,2,1,2,7,6,6,2,3,5,2,6,6,4,5,2,2,1,1,8,7,8,8,3,4,6,5,5,5,4,6,2,6,7,5,1,6,4,4,4,6,5,5,5,6,3,3,2,1
430,1,41,2,7,1,17,2,8,1,5,4,3,3,4,3,3,3,5,2,2,3,2,2,2,3,6,5,6,2,3,3,5,6,2,2,3,2,2,1,3,2,1,4,5,5,3,6,4,3,5,5,6,6,7,7,6,7,6,4,6,7,7,6,5,5,7,6,6,6,6
440,1,33,2,4,1,17,2,5,1,0,2,3,3,4,3,3,5,4,5,5,3,4,4,3,4,6,7,7,3,4,5,2,4,2,2,4,2,2,1,4,6,7,7,7,4,1,6,4,4,5,5,6,6,7,7,3,1,1,4,4,5,1,1,3,3,3,2,2,1,1
484,1,49,2,6,1,21,2,6,1,0,4,2,2,2,2,2,2,5,5,4,3,3,1,1,2,5,6,6,1,1,3,2,5,2,2,5,2,2,1,1,4,3,5,7,7,7,6,4,4,4,7,7,6,7,5,3,3,5,7,4,7,2,6,3,3,6,5,5,1,1
500,2,49,2,6,1,15,1,12,2,1,3,3,3,4,3,3,3,3,6,5,4,3,4,4,4,4,6,6,3,3,4,4,4,3,2,2,2,3,2,5,4,5,4,3,4,2,4,2,2,5,6,7,7,7,7,6,1,6,6,4,7,7,3,5,6,5,5,5,5,5
505,1,23,2,7,1,16,2,10,2,0,2,3,6,6,6,6,7,5,3,4,3,3,4,2,3,7,6,7,3,3,6,4,5,4,2,2,3,3,3,3,9,4,4,7,6,3,4,4,4,3,7,6,7,5,5,6,6,4,4,4,6,7,5,2,2,7,6,7,1,4
510,1,54,2,12,1,15,2,45,2,0,2,5,3,6,6,5,7,4,4,4,7,5,4,3,3,5,6,6,2,2,5,3,4,5,4,6,4,3,8,9,8,8,9,6,2,3,5,3,3,3,5,6,3,6,7,3,3,5,2,4,5,2,7,7,7,3,2,2,1,1
511,1,38,2,10,1,15,2,15,2,6,4,3,3,3,4,2,6,4,5,4,3,2,6,4,6,6,6,7,4,3,4,4,3,2,2,4,2,3,5,6,9,5,8,4,4,4,5,3,3,5,5,6,6,7,6,2,7,2,4,7,7,3,7,6,6,7,6,6,4,4
513,2,41,2,6,1,17,1,5,1,2,5,3,2,2,2,2,4,5,3,4,2,4,4,2,5,5,4,4,2,2,4,2,3,3,2,3,5,3,1,6,5,5,5,3,3,3,5,4,2,4,6,6,7,6,6,3,6,6,4,6,5,5,7,7,7,7,7,7,7,4
519,2,23,2,5,1,15,1,13,2,1,4,4,4,7,5,4,4,5,5,6,6,3,4,6,5,5,5,6,6,5,5,6,5,6,3,2,2,3,2,7,9,9,9,9,9,9,6,4,4,7,1,3,1,4,1,2,1,2,1,2,4,2,2,2,3,3,2,1,2,2
526,2,23,2,10,1,14,1,6,2,0,4,1,2,1,1,1,1,4,4,5,2,4,6,6,6,5,7,5,2,1,1,1,1,1,2,3,3,3,2,3,9,8,8,7,6,8,6,4, ,5,6,7,5,7,7,2,5,1,4,4,7,3,3,2,6,6,5,7,5,1
527,1,28,2,7,1,17,2,15,2,4,3,2,2,2,2,2,4,2,2,2,2,2, ,2,6,6,6,6,2,2,2,4,4,2,2,4,2,3,7,7,9,9,9,9,9,9,6,3,3,3,6,6,6,6,7,5,7,7,4,7,1,1,1,7,7,7,7,7,1,1
537,1,27,2,5,1,14,2,3,2,2,3,5,5,4,3,4,5,5,6,4,3,4,4,5,6,6,3,3,4,4,4,3,3,2,3,2,3,4,6,5,6,5,5,4,7,5,5,3,4,5,6,5,4,4,5,5,5,4,4,3,5,4,3,5,6,4,4,3,4,6
540,1,65,2,5,1,17,2,200,3,2,3,2,3,3,4,2,5,6,6,4,3,6,7,1,1,6,7,7,1,1,3,2,6,6,2,6,5,4,9,9,9,9,9,3,2,8,5,3,3,5,7,7,6,7,7,6,6,6,1,6,6,1,1,1,1,2,2,2,1,1
541,1,41,2,14,1,17,2,25,2,18,4,3,2,4,2,2,5,6,5,4,4,5,5,4,6,5,6,5,1,1,1,3,3,4,4,4,3,4,6,8,9,8,8,8,7,7,6,5,4,5,3,6,5,5,7,6,7,7,4,5,5,2,6,6,6,6,6,6,4,1
547,1,21,2,2,2, ,2,0,0,0,4,3,5,4,5,5,3,3,5,5,4,3,3,3,5,4,3,4,5,4,4,3,4,4, ,3,3,5,4,6,5,4,4,5,6,6,2,2,5,4,3,4,4,3,5,6,4,5,5,4,4,3,4,5,5,5,4,5,5,5
548,2,29,2,4,1,17,1,8,0,0,4,3,4,5,4,4,4,4,4,4,3,5,4,4,4,5,4,4,3,3,4,4,4,5, ,5,3,5,6,6,7,7,4,6,7,5,4,3,3,3,3,6,6,7,5,2,5,5,5,5,6,6,4,5,4,5,5,4,4,5
555,1,34,2,55,1,11,2,160,4,25,4,2,2,2,2,2,2,6,6,4,5,6,7,7,7,7,7,7,4,4,2,1,1,1,2,2,2,5,9,9,9,9,9,8,8,8,5,4,1,6,4,5,2,7,7,6,2,2,4,4,1,1,1,1,1,1,1,1,1,1
562,2,27,2,5,1,21,1,1,1,6,4,3,4,4,3,4,3,4,2,2,4,5,4,3,2,2,3,2,1,4,3,2,2,2,5,6,5,6,7,7,7,6,4,7,6,6,4,5,4,4,5,5,4,4,4,5,4,5,4,4,5,4,5,4,5,4,5,4,5,4
579,1,23,2,4,1,17,2,4,2,8,3,6,4,1,7,7,4,2,2,1,1,2,4,2,3,1,4,5,5,7,7,2,2,6,4,7,2,7,4,9,2,8,2,8,9,3,2,3,5,6,2,4,1,7,3,3,5,6,5,7,7,7,7,5,2,1,7,6,7,4
588,1,46,2,10,1,15,2,100,5,7,4,2,2,2,2,2,3,5,5,5,5,5,3,3,3,6,6,6,2,2,2,3,3,3,3,5,2,7,4,6,5,7,8,8,7,6,5,4,4,5,3,6,6,5,6,3,5,5,3,6,7,2,5,5,5,6,5,5,4,3
600,1,26,2,10,1,13,2,30,10,5,4,1,1,1,1,1,1,1,1,1,1,2,7,7,7,1,1,5,1,1,1,1,1,1,2,2,2,8,8,8,9,9,9,7,5,7,5,3,2,4,6,7,7,7,7,6,7,7,4,4,6,1,7,7,7,7,7,7,5,5
605,1,32,2,5,1,18,2,23,19,3,5,1,1,1,1,1,2,1,1,1,1,2,1,1,4,6,7,4,2,1,2,1,1,1,2,4,4,8,7,8,9,9,9,8,8,8,6,5,4,6,7,7,7,7,7,3,7,7,7,7,3,1,7,7,7,7,7,7,4,1
