ParticipantID,ParticipantSex,ParticipantAge,ParticipantLTR,PartnerNumber,HadSex,AgeSex,ParticipantLifetimeSexPartners,PastYearSexPartners,PastMonthSex,MMS1,MMS4,MMS5,MMS6,MMS7,MMS8,MMS9,MMS10,MMS11,MMS12,MMS13,MMS14,CMVS1,CMVS2,CMVS3,CMVS4,CMVS5,CMVS6,CMVS7,CMVS8,CMVS9,CMVS10,CMVS11,CMVS12,CMVS13,CMVS14,CMVS15,CMVS16,CMVS17,CMVS18,CMVS19,CMVS20,CMVS21,CMVS22,CMVS23,CMVS24,CMVS25,CMVS26,SOIR1,SOIR2,SOIR3,SOIR4,SOIR5,SOIR6,SOIR7,SOIR8,SOIR9,ZSDQ1,ZSDQ2,ZSDQ3,ZSDQ4
38,1,28,1,3,1,17,4,1,0,3,2,4,5,4,1,3,2,5,3,5,6,3,5,2,2,5,6,4,4,3,6,3,5,1,4,2,2, ,4,4,2,3,5,5,6,5,1,5,4,7,4,3,7,6,7,8,-2.11438963978465,.538352118707369,1.74956561300156,.504442937912773
40,1,31,1,1,1,27,1,1,0,5,4,4,5,5,3,2,1,1,2,1,2,4,3,4,4,5,1, ,1,1,2,5,4,3,4,4,3,3,2,2,3,2,3,4,4,4,6,6,6,7,7,4,5,2,3,4,.394169620347785,.538352118707369,.964833977758214,1.26317473387174
44,1,29,1,5,1,18,4,2,5,7,5,3,6,3,5,4,6,4,6,4,6,6,5,4,5,5,6,5,4,5,5,4,5,5,6,5,4,5,6,5,4,6,4,6,3,4,2,5,3,4,4,5,6,5,7,5,.394169620347785,.538352118707369,.964833977758214,-.254288858046192
49,1,36,1,30,1,18,5,5,3,7,6,1,1,1,5,3,6,6,7,6,7,1,1,1,1,1,1,1,1,1,1,7,1,1,4,1,1,1,1,1,2,2,1,2,7,6,6,2,2,3,6,6,7,4,3,4,1.23035604039193,1.42590561171141,1.74956561300156,2.0219065298307
50,1,23,1,3,1,17,2,1,14,5,5,5,3,5,5,5,5,4,4,5,5,5,4,5,3,4,6,5,4,5,4,3,4,5,6,4,4,4,5,4,6,4,4,3,3,3,4,4,6,7,6,5,5,6,7,6,-1.27820321974051,.538352118707369,1.74956561300156,1.26317473387174
51,1,27,1,0,2, ,1,1,0,4,3,2,3,2,3,3,3,2,3,3,2,5,5,5,6,5,6,5,4,5,3,5,4,5,5,5,5,4,4,2,3,4,5,6,3,5,4,6,8,6,5,4,4,3,2,2,.394169620347785,-.349201374296671,-.604629292728481,-1.77175244996412
67,1,37,1,2,1,21,2,2,10,6,6,7,5,6,7,6,6,7,3,6,7,7,7,7,7,7,7,7,7,5,6,1,7,4,5,6,6,7,6,4,6,6,3,6,2,1,2,5,7,7,3,8,4, ,5,6,.394169620347785,-.349201374296671,.964833977758214,.504442937912773
72,1,29,1,2,1,28,1,1,1,6,7,5,6,7,5,6,7,5,6,5,6,2,3,2,3,2,3,4,3,2,2,5,2,3,4,3,2,3,4,3,2,3,4,3,6,5,4,7,8,7,8,7,2,8,9,7,-1.27820321974051,.538352118707369,.964833977758214,.504442937912773
92,1,34,1,5,1,16,20,0,0,4,7,1,7,1,1,1,7,7,1,7,4,4,4,6,6,4,3,7,6,6,6,7,7,7,7,7,6,7,1,1,2,4,6,6,4,7,1,3,6,8,9,9,9,7,5,7,1.23035604039193,1.42590561171141,1.74956561300156,.504442937912773
102,1,49,1,6,1,21,4,4,100,6,5,4,5,4,5,4,5,4,5,4,5,4,5,5,4,5,4,5,4,5,5,4,5,4,5,4,5,4,5,5,4,5,4,5,4,3,4,2,2,2,5,4,6,4,4,4,-.44201679969636,.538352118707369,.964833977758214,.504442937912773
106,1,29,1,5,1,15,5,1,30,6,6,6,7,5,3,3,4,5,5,5,4,5,6,5,3,5,4,6,5,6,5,2, ,5,5,5,6,5,5,6,4,2,4,5,3,2,3,6,2,2,1,3,3,5,6,7,1.23035604039193,1.42590561171141,1.74956561300156,2.0219065298307
123,2,24,1,1,1,23,1,1,1,6,4,5,3,4,5,3,5,6,4,2,4,6,2,3,4,5,3,4,6,4,2,5,4,5,2,3,4,5,4,2,3,4,5,6,4,5,4,6,4,2,3,4,4,8,4,5,.394169620347785,.538352118707369,.180102342514866,-1.01302065400516
132,2,24,1,1,1,21,1,1,1,7,4,5,5,4,4,4,4,5,4,5,5,6,5,6,4,6,5,5,5,4,2,3,4,5,4,6,5,5,6,5,5,4,5,5,3,3,5,8,6,6,7,5,5,8,7,6,.394169620347785,1.42590561171141,.180102342514866,.504442937912773
161,2,29,1,2,1,19,2,1,5,6,6,5,6,6,6,5,7,6,5,6,7,3,1,2,3,2,1,2,2,1,1,6,3,2,2,1,2,3,1,2,2,3,2,1,6,7,6,7,5,6,6,7,1,7,6,7,.394169620347785,.538352118707369,.964833977758214,1.26317473387174
181,2,27,2,5,1,21,1,1,6,6,5,5,6,4,5,6,4,7,5,5,6,3,4,4,3,4,3,4,2,2,4,5,4,3,2,2,3,2,1,4,3,2,2,2,5,6,5,6,7,7,7,6,4,7,6,6,-.44201679969636,1.42590561171141,.964833977758214,-.254288858046192
200,2,31,1,3,1, ,1,1,1,6,5,7,6,5,6,5,7,6,7,7,5,2,3,2,1,2,2,1,2,2,3,6,3,2,3,2,1,2,2,2,2,3,2,3,7,7,6,8,7,8,8,8,1,8,7,9,1.23035604039193,1.42590561171141,1.74956561300156,2.0219065298307
215,2,58,2,10,1,17,10,0,0,2,5,4,4,4,4,4,4,4,4,4,4,4,4,5,4,4,5,5,5,5,5,6,5,5,5,5,5,5,3,2,4,4,4,4,4,6,3,5,5,5,5,5,5,5,5,5,-1.27820321974051,-.349201374296671,.180102342514866,-.254288858046192
217,2,28,1,5,1,18,5,3,4,7,6,6,7,6,7,6,5,6,5,6,6,1,3,2,2,3,2,2,3,2,2,7,2,1,1,2,2,1,2,2,2,2,1,2,6,6,6,8,6,7,8,5,2,8,6,7,.394169620347785,2.31345910471545,1.74956561300156,2.0219065298307
224,2,43,1, ,2, ,2,1,1,5,4,4,5,4,4,3,4,5,5,5,4,4,5,6,6,6,5,5,6,6,3,4,4,4,3,4,5,4,3,4,3,3,3,3,4,4,5,8,7,8,7,6,4,6,7,6,-.44201679969636,1.42590561171141,.964833977758214,.504442937912773
236,2,27,1, ,1,27,1,1,3,5,5,3,4,5,5,2,6,5,6,6,7,6,4,6,7,6,4,6,5,7,5,1,3,5,7,3,4,6,4,6,3,5,5,4,4,1,3,5,7,5,7,5,2,6,3,6,-.44201679969636,-1.23675486730071,.964833977758214,.504442937912773
241,2,27,1,1,1,24,1,1,1,6,6,4,6,5,5,5,5,4,5,5,4,7,5,5,5,5,5,7,5,4,5,3,7,6,6,7,5,6,7,7,4,5,5,5,3,4,3,8,7,9,7,5,2,6,7,7,-.44201679969636,.538352118707369,2.53429724824491,1.26317473387174
257,2,31,1,1,2, ,1,1,0,4,5,4,3,3,5,4,5,4,3,2,4,5,6,6,6,6,5,6,6,5,6,3,4,6,4,3,5,5,6,6,5,4,6,6,4,5,3,5,4,3,1,2,8,4,3,6,-.44201679969636,-.349201374296671,.964833977758214,-.254288858046192
263,2,56,1,4,1,27,3,1,2,5,4,4,6,3,6,1,6,5,3,5,6,3,4,6,4,5,6,5,5,6,6,6,6,6,3,2,2,5,6,6,3,4,6,3,4,2,2,4,6,6,7,6,2,7,3,6,-.44201679969636,1.42590561171141,.964833977758214,1.26317473387174
272,2,29,1,2,1,20,2,2,2,3,6,5,5,5,2,4,3,3,5,5,6,2,3,2,3,5,3,2,3,3,3,6,2,2,3,3,2,3,2,5,5,2,3,3,5,6,5,2,2,3,3,4,5,4,6,5,-.44201679969636,.538352118707369,.964833977758214,-.254288858046192
275,2,29,1,2,1,21,2,2,0,6,3,5,6,4,3,6,7,6,5,3,5,3,5,2,4,3,2,4,3,4,4,6,3,1,3,4,3,2,3,2,1,3,5,6,5,5,4,6,9,7,6,8,6,7,9,5,.394169620347785,.538352118707369,.180102342514866,.504442937912773
279,2,44,1,3,2, ,3,3,0,1,1,1,1,2,1,1,1,4,1,4,1,5,5,5,4,5,1,3,3,3,4,4,7,7,6,5,1,2,4,4,5,5,5,4,6,6,6,1,2,1,1,1,2,2,3,1,-.44201679969636,-1.23675486730071,-.604629292728481,-.254288858046192
288,2,28,1,3,1,18,10,15,10,1,3,1,7,1,2,1,2,3,1,3,1,6,6,6,6,6,6,6,7,7,7,6,2,3,2,7,7,7,1,1,7,7,7,7,5,5,6,2,4,4,8,2,2,2,3,2,-.44201679969636,-1.23675486730071,.180102342514866,-1.77175244996412
310,1,26,1,1,2, ,1,1,3,7,2,5,7,2,4,5,7,2,4,3,6,3,2,5,4,6,2,4,5,3,4,6,1,2,6,3,4,2,3,2,3,1,6,4,1,6,4,5,3,4,8,1,7,5,7,3,-.44201679969636,-.349201374296671,.964833977758214,-1.01302065400516
311,1,29,1,1,1,20,1,1,6,5,4,4,5,4,6,5,4,4,3,4,4,3,3,3,4,4,3,2,4,4,4,5,3,2,3,4,4,5,4,3,2,3,4,3,5,6,4,4,7,6,7,7,4,7,8,6,-1.27820321974051,-.349201374296671,.180102342514866,-1.01302065400516
313,1,33,1,5,1,20,16,1,2,1,4,4,5,4,4,2,4,5,5,5,6,5,4,6,4,3,4,5,4,5,4,5,4,6,4,3,5,3,5,4,5,3,4,5,4,4,4,6,5,4,6,5,5,5,5,7,1.23035604039193,-.349201374296671,1.74956561300156,.504442937912773
319,1,35,3,2,1,22,1,0,0,2,1,2,6,2,7,7,4,1,6,2,1,2,6,3,2,6,1,7,3,5,3,4,7,6,3,5,6,5,2,3,6,4,3,5,4,3,4,7,1,2,3,5,6,3,6,1,-.44201679969636,2.31345910471545,.964833977758214,-.254288858046192
325,1,25,1,3,1,20,2,3,2,6,6,7,5,4,7,5,4,6,7,4,6,4,2,1,3,4,5,2,4,3,3,7,3,4,2,1,3,4,3,3,2,2,3,4,6,6,5,7,5,8,6,8,3,8,5,8,-.44201679969636,-.349201374296671,.964833977758214,1.26317473387174
327,1,28,1,3,1,18,2,2,2,5,4,5,3,4,5,6,3,3,3,4,4,4,3,3,3,3,4,3,3,5,5,3,6,5,3,6,4,4,5,5,5,5,4,5,4,3,4,7,6,7,6,8,5,6,6,5,-.44201679969636,.538352118707369,.180102342514866,-1.01302065400516
344,1,30,1,2,1,18,3,1,1,5,3,5,5,3,3,4,5,4,3,3,5,5,4,3,4,5,5,4,4,3,3,4,5,5,4,4,3,4,5,5,4,3,4,5,3,4,5,6,5,4,4,5,4,7,5,4,-.44201679969636,-.349201374296671,.180102342514866,.504442937912773
356,1,37,1,3,1,21,4,4,1,5,6,5,4,6,5,4,5,6,5,6,4,4,2,3,3,4,3,2,3,4,3,6,3, ,5,2,3,2,3,3,2,5,3,2,6,5,5,2,2,3,1,4,7,7,4,5,.394169620347785,.538352118707369,.964833977758214,.504442937912773
367,1,28,1,2,1,21,3,1,35,3,6,5,5,5,6,6,5,4,4,3,4,4,3,7,6,5,7,7,6,6,7,2,1,1,2,1,4,2,4,5,4,3,3,4,1,1,4,7,7,8,3,3,6,5,6,7,.394169620347785,1.42590561171141,.964833977758214,-1.01302065400516
376,1,28,1,3,1,22,2,1,1,5,5,5,5,3,4,5,5,3,5,3,6,4,3,5,6,6,5,3,5,4,6,4,6,4,4,5,3,5,3,5,3,4,6,3,2,4,3,6,4,4,6,4,5,6,4,6,.394169620347785,.538352118707369,.964833977758214,.504442937912773
379,1,27,1,3,1,16,7,6,8,1,1,4,7,4,2,4,4,4,4,2,2,1,1,2,2,2,2,7,6,4,2,2,1,1,2,7,7,7,1,1,1,1,6,1,1,1,1,2,1,3,9,9,9,4,3,5,.394169620347785,.538352118707369,-1.38936092797183,.504442937912773
384,1,29,1,1,1,18,1,1,1,6,5,4,7,6,4,6,5,3,5,5,3,2,1,2,4,3,1,3,1,2,3,7,2,2,1,3,2,2,3,3,4,2,3,3,5,7,7,4,2,3,8,6,4,6,8, ,.394169620347785,.538352118707369,.964833977758214,-.254288858046192
28,1,33,1,2,1,18,2,1,1,6,7,5,6,5,6,5,7,6,4,6,7,4,2,3,2,1,3,4,3,3,4,6,4,2,3,2,1,3,4,4,2,3,2,2,7,4,6,3,2,2,9,7,2,6,8,7,.394169620347785,1.42590561171141,.964833977758214,.504442937912773
30,1,35,2,4,1,14,1,1,0,1,4,1,6,1,1,1,4,4,1,1,4,1,1,1,1,1,4,2,4,4,4,5,3,3,2,4,4,4,1,1,2,2,4,4,5,6,2,1,4,1,9,9,9,9,7,9,1.23035604039193,.538352118707369,.964833977758214,-.254288858046192
33,1,27,1,1,1,22,1,1,3,5,5,5,4,5,5,5,3,6,5,5,4,3,4,4,2,3,3,4,2,3,3,5,4,5,2,4,3,3,4,3,2,2,3,4,5,4,6,3,3,2,1,2,6,1,2,1,-.44201679969636,-.349201374296671,-.604629292728481,-.254288858046192
35,1,42,1,1,1,30,1,1,0,4,1,4,4,4,5,1,1,7,1,7,1,4,4,4,6,4,7,1,1,4,2,2,1,1,1,4,4,7,4,4,2,4,7,4,4,3,7,1,1,1,1,1,3,4,2,2,-2.11438963978465,-2.12430836030475,-.604629292728481,-.254288858046192
110,1,29,1,1,1,28,1,1,3,6,4,3,6,7,6,4,7,6,4,7,5,2,1,2,2,2,1,4,3,1,3,7,1,2,1,1,3,1,1,4,1,5,2,1,6,4,6,1,1,1,5,3,8,4,2,4,-.44201679969636,-.349201374296671,.964833977758214,-.254288858046192
115,1,36,1,5,1,17,5,1,1,7,6,7,6,6,5,7,4,7,5,7,4,6,7,5,7,5,6,5,6,7,6,1,5,7,5,5,6,6,5,4,6,5,7,5,2,3,4,1,5,5,4,5,8,2,2,4,.394169620347785,.538352118707369,1.74956561300156,.504442937912773
122,2,26,1,2,1,25,1,1,3,5,3,4,6,5,6,7,3,7,4,6,7,2,3,5,4,4,2,4,5,4,5,7,5,4,7,6,5,5,6,6,5,6,5,4,6,5,6,3,3,2,8,6,3,5,7,6,-.44201679969636,-.349201374296671,.180102342514866,.504442937912773
129,2,41,2,4,1,18,2,0,0,4,4,3,6,2,3,6,4,6,2,6,5,4,3,3,5,2,3,3,4,5,3,2,7,3,5,5,4,5,2,2,3,4,5,1,2,3,3,2,1,2,1,1,3,1,2,1,-1.27820321974051,-1.23675486730071,-.604629292728481,-1.01302065400516
140,2,44,1,3,1,16,3,1,0,1,1,1,6,1,1,1,1,7,1,6,1,2,2,3,7,3,7,7,7,7,7,6,7,1,1,7,7,7,2,3,3,1,7,2,1,1,1,1,1,1,1,1,9,1,1,1,-1.27820321974051,-.349201374296671,-1.38936092797183,-.254288858046192
145,2,29,1,2,2, ,0,0,0,6,3,5,3,4,5,1,5,2,3,3,4,6,5,3,5,7,5,4,2,4,5,4,4,3,5,4,6,4,5,7,4,2,1,3,1,4,3,2,1,1,3,2,8,5,4,3,-1.27820321974051,-2.12430836030475,-1.38936092797183,.504442937912773
183,2,58,1,3,1,18, ,0,2,1,5,1,6,1,1,1,5,7,1,7,7,3,3,3,4,3,7,6,7,7,7,7,7,1,4,7,7,7,3,7,3,1,1,1,5,1,1,2,9,9,1,1,1,2,2,2,-1.27820321974051,-1.23675486730071,-.604629292728481,.504442937912773
197,2,41,2,6,1,17,5,1,2,2,2,2,6,2,2,4,3,6,3,6,3,3,2,2,2,2,4,5,3,4,2,4,4,2,5,5,4,4,2,2,4,2,3,3,2,3,5,3,1,6,5,5,5,3,3,3,.394169620347785,.538352118707369,-.604629292728481,-.254288858046192
249,2,66,1,2,1,21,2,2,2,1,7,1,4,1,1,1,7,4,4,7,1,4,5,5,6,6,6,2,4,5,5,7,7,1,1,7,7,7,7,7,7,4,7,7,1,1,1,2,2,1,7,7,9,2,2,2,-2.11438963978465,-1.23675486730071,-1.38936092797183,-.254288858046192
306,1,38,1,10,1,27,1,1,4,6,6,6,5,5,6,4,5,4,5,5,6,6,7,7,6,6,7,7,6,7,7,3,6,5,6,4,5,6,6,6,7,7,5,6,3,2,3,1,1,1,1,1,8,2,2,2,-.44201679969636,-.349201374296671,-1.38936092797183,.504442937912773
315,1,29,1,10,1,26,1,1,4,1,3,5,3,5,3,7,5,3,5,4,6,2,4,3,7,5,7,3,4,7,3,3,4,7,6,3,5,4,7,3,7,5,7,6,5,3,1,3,7,5,6,8,6,4,8,6,1.23035604039193,.538352118707369,.180102342514866,1.26317473387174
317,1,29,1,5,1,14,12,5,4,5,5,4,5,3,4,5,5,6,3,5,5,6,5,4,6,5,4,5,6,4,5,2,4,6,5,4,6,5,4,3,2,3,2,2,6,6,6,7,6,4,6,7,4,6,7,3,.394169620347785,.538352118707369,1.74956561300156,1.26317473387174
330,1,25,1,5,1,18,5,2,2,4,5,6,5,5,4,5,5,4,5,4,5,4,5,6,5,6,5,6,5,6,4,3,6,5,6,5,6,5,6,4,5,6,5,6,3,2,3,5,6,6,6,7,4,6,7,6,-.44201679969636,.538352118707369,.964833977758214,-.254288858046192
332,1,34,1,5,1,18,11,2,2,3,5,3,6,3,3,3,4,5,3,4,3,2,4,3,3,3,4,5,4,5,5,5,1,1,2,5,7,5,2,1,3,3,3,3,2,4,2,2,1,2,7,8,8,9,7,9,1.23035604039193,1.42590561171141,.964833977758214,-.254288858046192
333,1,29,1,2,2, ,3,1,2,5,4,5,4,3,4,5,4,3,4,5,4,5,4,3,4,5,5,4,3,4,3,4,5,5,4,3,4,3,5,3,4,5,5,4,5,4,3,3,2,4,5,4,5,4,5,4,-.44201679969636,-.349201374296671,.964833977758214,-.254288858046192
348,1,47,1,1,1,27,1,1,1,5,4,3,4,3,2,2,2,5,2,6,2,4,3,5,6,4,7,3,3,3,3,2,2,1,2,4,4,5,3,4,3,5,5,5,2,2,4,1,1,1,1,1,1,1,1,1,-1.27820321974051,-1.23675486730071,-1.38936092797183,-.254288858046192
351,1,30,1,1,1,16,2,2,2,5,4,4,5,5,3,5,6,6,5,5,5,6,5,6,5,5,5,6,6,6,5,3,5,6,6,5,4,5,4,5,5,7,6,6,2,3,2,4,4,2,2,4,6,4,6,8,-.44201679969636,-.349201374296671,.180102342514866,-1.01302065400516
352,1,33,1,4,1,16,2,1,10,6,7,5,4,6,7,4,7,4,6,7,5,3,2,4,3,2,2,3,3,2,4,6,3,4,2,3,1,2,2,3,1,3,1,1,4,5,4,3,7,5,9,7,4,4,5,8,.394169620347785,.538352118707369,-.604629292728481,.504442937912773
370,1,56,1,20,1,18,30,1,10,5,2,5,5,2,2,3,2,6,2,6,2,3,3,5,5,3,5,5,5,5,5,5,2,2,3,5,5,5,4,4,5,5,5,5,3,3,3,1,1,1,1,1,9,7,7,7,.394169620347785,.538352118707369,.964833977758214,-1.77175244996412
372,1,28,1,2,2, ,0,0,0,5,3,5,3,4,2,3,4,3,4,3,4,3,3,4,6,3,5,5,3,4,4,4,4,3,5,4,3,4,5,4,3,4,5,4,5,4,4,2,4,2,4,3,5,3,4,3,-2.11438963978465,-.349201374296671,-.604629292728481,-.254288858046192
377,1,28,1,2,1,19,2,1,0,1,5,1,4,1,1,1,5,7,1,4,5,3,2,2,2,2,3, ,1,3,2,3,3,2,3,5,6,7,3,3,3,2,3,4,2,4,3,1,1,1,9,2,4,1,1,1,-2.11438963978465,-1.23675486730071,-.604629292728481,-1.01302065400516
21,1,30,1,5,1,14,25,1,7,4,4,4,6,4,4,4,4,5,4,6,5,6,6,6,6,6,5,5,4,5,5,5,6,6,5,4,4,4,6,6,6,6,6,6,6,3,5,2,7,7,5,5,5,5,6,4,.394169620347785,.538352118707369,-1.38936092797183,-.254288858046192
22,1,30,1,1,2, ,1,1,12,7,5,2,7,2,2,2,6,5,3,6,6,5,3,5,5,5,6,2,1,1,2,3,2,2,1,2,5,2,3,5,3,3,3,5,1,2,3,2,2,2,1,2,2,1,1,1,.394169620347785,.538352118707369,-.604629292728481,1.26317473387174
23,1,30,2,1,1,28,1,0,0,1,2,1,5,1,1,1,2,6,1,5,6,3,3,5,7,6,7,7,7,7,7,7,7,7,7,7,7,7,2,2,4,7,7,7,2,5,7,1,2,1,8,1,4,7,5,4,.394169620347785,.538352118707369,.964833977758214,-.254288858046192
24,1,30,1,1,2, ,0,0,0,1,1,1,1,1,6,6,6,6,6,7,5,5,4,5,5,6,7,3,5,5,5,2,5,6,6,7,5,6,6,5,5,5,6,6,3,3,2,1,1,2,3,8,3,2,3,2,-1.27820321974051,-.349201374296671,-.604629292728481,-.254288858046192
25,1,25,1,2,1,25,2,2,3,6,6,6,7,6,7,6,5,6,5,6,6,2,1,2,2,2,3,1,2,2,3,6,2,1,1,1,1,2,1,1,1,1,2,2,2,6,2,3,2,1,2,3,2,2,2,3,1.23035604039193,.538352118707369,.180102342514866,1.26317473387174
26,1,29,1,3,1,19,3,2,6,6,6,6,6,2,7,4,7,7,1,7,6,1,1,1,1,1,4,1,1,1,1,1,1,1,1,1,4,4,1,4,1,1,1,1,1,4,1,3,2,2,1,5,3,4,3,2,-.44201679969636,-.349201374296671,-.604629292728481,1.26317473387174
27,1,24,1,6,1,18,8,3,12,5,6,2,7,2,6,5,6,7,5,6,5,2,1,2,3,2,4,6,5,4,3,3,7,7,7,7,7,7,1,2,3,2,3,4,2,3,1,4,3,5,8,8,8,7,6,6,1.23035604039193,.538352118707369,.964833977758214,1.26317473387174
29,1,35,1,3,1,15,3,1,6,1,1,1,7,1,7,1,1,7,1,7,1,4,4,4,7,4,7,5,5,5,5,4,7,4,4,7,7,7,1,1,5,4,4,5,1,7,1,2,1,1,9,9,9,2,2,1,.394169620347785,.538352118707369,-.604629292728481,-1.01302065400516
31,1,22,1,3,2, ,1,3,3,3,3,3,6,3,2,5,4,2,6, ,5,3,4,4,3,5,6,6,4,5,4,3,5,6,5,4,3,4,5,3,5,4,3,2,4,4,3,4,6,5,4,6,2,4,9,5,.394169620347785,-1.23675486730071,.180102342514866,.504442937912773
32,1,34,2,55,1,11,160,4,25,7,7,2,4,6,7,7,7,4,3,4,4,2,2,2,2,2,2,6,6,4,5,6,7,7,7,7,7,7,4,4,2,1,1,1,1,1,1,5,9,9,9,9,9,8,8,8,.394169620347785,.538352118707369,-1.38936092797183,1.26317473387174
34,1,32,1,5,1,27,1,1,8,1,2,2,6,2,2,2,3,5,2,7,2,4,4,4,4,4,4,4,4,5,4,4,4,4,4,4,4,4,4,4,4,4,4,4,4,4,3,2,2,1,1,1,1,2,2,1,-.44201679969636,.538352118707369,-.604629292728481,.504442937912773
36,1,49,1,10,1,16,20,1,2,6,5,5,5,5,6,5,5,5,4,6,6,6,5,5,6,5,5,4,4,4,4,5,3,5,5,3,2,3,5, ,5,5,6,6,6,5,5,2,8,6,5,4,7,7,7,7,.394169620347785,.538352118707369,.964833977758214,.504442937912773
37,1,34,1,10,1,17,15,1,8,7,7,4,7,4,7,6,7,7,4,5,6,3,3,4,5,4,4,3,3,3,3,4,1,2,3,6,6,4,1,1,4,3,4,2,1,6,2,2,8,5,9,9,9,8,6,7,1.23035604039193,.538352118707369,-.604629292728481,.504442937912773
39,1,26,1,3,2, ,2,1,0,4,5,4,6,5,6,4,6,6,5,6,6,3,2,2,3,2,2,2,2,3,3,4,2,2,1,4,4,4,3,2,2,2,1,4,5,6,4,2,3,2,6,8,6,7,6,5,-.44201679969636,-1.23675486730071,.964833977758214,.504442937912773
41,1,33,1,3,1,21,3,1,25,2,5,6,7,2,2,7,6,6,2,1,6,2,1,2,2,1,2,1,2,1,2,7,1,1,2,1,3,1,2,1,1,1,6,6,6,6,6,2,2,1,5,3,9,7,6,1,.394169620347785,.538352118707369,.964833977758214,2.0219065298307
42,1,32,2,5,1,18,23,19,3,6,7,4,7,5,5,6,7,6,4,6,4,1,1,1,1,1,2,1,1,1,1,2,1,1,4,6,7,4,2,1,2,1,1,1,1,4,4,8,7,8,9,9,9,8,8,8,1.23035604039193,1.42590561171141,.964833977758214,1.26317473387174
43,1,29,1,1,1,25,1,1,2,7,1,1,4,1,1,1,5,7,1,7,7,6,6,4,1,4,7,5,5,4,5,5,7,7,7,1,1,1,7,7,5,5,4,7,7,7,7,2,2,1,1,1,5,5,7,7,-1.27820321974051,.538352118707369,.964833977758214,1.26317473387174
45,1,70,2,23,1,18,12,0,0,3,3,2,6,4,5,5,2,6,3,5,2,3,2,3,5,4,5,4,3,2,5,6,1,1,2,4,5,5,1,1,3,5,6,3,2,6,1,1,6,5,4,6,9,2,2,3,-1.27820321974051,-1.23675486730071,-.604629292728481,.504442937912773
46,1,45,1,1,1,24,1,1,8,1,1,1,1,1,1,1,1,6,1,6,2,2,2,2,6,3,4,3,2,3,2,2,2,2,2,5,6,6,2,3,2,4,3,3,2,4,2,2,1,1,1,1,1,1,1,1,-.44201679969636,.538352118707369,-.604629292728481,-.254288858046192
47,1,32,1,3,1,21,1,1,7,1,7,5,5,2,6,5,5,4,2,5,6,3,5,5,2,5,1,3,3,5,5,6,7,7,7,1,1,3,7,7,5,5,3,5,6,2,5,2,1,1,2,6,5,9,9,9,1.23035604039193,.538352118707369,.964833977758214,1.26317473387174
48,1,65,2,5,1,17,200,3,2,5,4,1,5,2,6,4,3,4,4,4,5,2,3,3,4,2,5,6,6,4,3,6,7,1,1,6,7,7,1,1,3,2,6,6,1,6,5,4,9,9,9,9,9,3,2,8,.394169620347785,-.349201374296671,.180102342514866,.504442937912773
52,1,32,1,7,1,17,12,1,15,5,5,3,6,4,2,4,6,6,4,6,4,2,2,3,4,2,4,5,5,5,3,2,3,2,2,5,5,3,2,2,2,2,3,4,2,5,3,2,3,1,6,3,3,6,5,5,.394169620347785,.538352118707369,.964833977758214,.504442937912773
53,1,40,1,15,1,18,23,1,9,3,1,1,7,1,2,2,1,5,1,5,3,2,2,3,3,2,3,3,3,3,3,4,7,2,3,6,4,5,1,2,3,2,2,2,3,4,3,2,3,7,9,9,9,7,5,5,1.23035604039193,.538352118707369,.964833977758214,1.26317473387174
54,1,51,1,7,1,16,7,1,0,5,7,1,5,1,7,1,7,7,1,7,7,4,4,6,7,4,7,7,7,7,7,1,1,1,7,7,7,7,2,3,6,2,7,3,1,7,1,2,2,5,9,9,9,8,6,6,.394169620347785,.538352118707369,.964833977758214,-.254288858046192
55,1,40,2,7,1,25,4,0,0,4,7,1,6,1,2,2,7,7,1,7,4,4,4,4,4,4,4,5,5,5,5,5,3,2,4,6,7,7,2,2,4,2,3,5,5,6,4,1,1,1,9,1,1,7,6,3,.394169620347785,1.42590561171141,1.74956561300156,-.254288858046192
56,1,34,1,10,1,17,18,1,2,2,2,3,5,4,4,1,2,6,1,4,6,2,2,2,4,2,6,4,4,4,3,2,2,3,4,3,6,6,2,3,3,6,4,5,2,2,2,2,6,6,3,2,6, , , ,-.44201679969636,.538352118707369,.964833977758214,-.254288858046192
57,1,22,2,9,1,14,4,0,0,2,5,5,6,2,2,6,5,5,2,6,3,3,2,3,4,4,5,3,4,5,5,3,2,3,2,6,6,5,1,1,4,3,3,3,3,3,2,1,3,3,9,2,6,7,6,4,1.23035604039193,-1.23675486730071,.180102342514866,.504442937912773
58,1,45,1,20,1,12,25,1,12,2,6,1,6,1,5,1,7,7,1,7,5,6,6,7,6,6,7,6,6,6,6,6,3,2,2,6,7,7,1,1,7,6,7,7,7,7,7,2,6,6,7,3,3,6,5,7,1.23035604039193,.538352118707369,.964833977758214,.504442937912773
59,1,54,2,12,1,15,45,2,0,5,1,5,6,5,6,5,1,5,4,5,3,5,3,6,6,5,7,4,4,4,7,5,4,3,3,5,6,6,2,2,5,3,4,5,4,6,4,3,8,9,8,8,9,6,2,3,.394169620347785,-.349201374296671,.180102342514866,-1.01302065400516
60,1,66,1,6,1,24,13,1,5,2,4,3,6,4,5,3,4,6,2,5,4,1,1,1,1,1,2,2,3,2,3,5,1,2,2,3,4,3,2,1,1,2,2,2,2,4,4,2,7,8,7,9,8,9,7,9,1.23035604039193,-.349201374296671,-.604629292728481,1.26317473387174
61,1,76,2,45,1,18,25,0,0,5,1,6,4,5,5,5,1,4,5,4,1,4,5,5,5,5,5,5,5,5,5,5,4,5,5,7,7,7,4,4,6,4,4,5,1,4,4,1,8,8,8,8,8,6,5,6,-2.11438963978465,-2.12430836030475,-1.38936092797183,-.254288858046192
62,1,59,2,9,1,16,14,1,0,2,1,1,5,2,4,5,2,5,5,5,2,3,3,4,5,4,6,4,4,4,4,5,1,2,2,6,6,6,3,3,5,4,3,4,2,5,2,2,5,5,7,6,8,4,3,4,.394169620347785,-.349201374296671,.180102342514866,-.254288858046192
63,1,35,1,10,1,15,12,1,8,1,5,1,5,1,6,2,5,5,2,5,2,3,3,4,3,4,7,3,2,4,3,1,1,2,4,7,7,7,1,1,6,3,6,4,1,1,1,2,3,5,8,8,8,4,2,2,-.44201679969636,.538352118707369,-.604629292728481,-.254288858046192
64,1,46,1,7,1,20,10,1,4,4,4,4,4,4,4,4,4,4,4,4,4,4,4,4,4,4,6,6,6,6,6,6,5,4,4,4,4,4,4,2,2,2,4,4,4,4,4,2,5,3,5,5,5,5,5,5,-.44201679969636,-.349201374296671,.180102342514866,-.254288858046192
65,1,48,1,3,1,20,3,1,0,1,7,1,7,1,5,3,7,4,1,4,5,2,2,5,4,1,1,7,7,7,7,7,1,1,1,7,7,7,2,2,2,2,7,1,1,2,2,2,1,1,8,1,1,7,2,4,1.23035604039193,1.42590561171141,.964833977758214,1.26317473387174
66,1,36,2,5,1,23,2,0,0,1,5,1,4,1,2,1,5,4,1,3,3,1,1,1,1,1,1,2,1,1,1,1,5,5,4,1,1,1,3,2,1,1,1,1,3,3,4,1,2,2,6,4,5,7,6,3,.394169620347785,.538352118707369,.964833977758214,-.254288858046192
68,1,28,1,6,1,18,4,1,1,7,5,2,4,2,6,2,6,7,2,7,7,5,6,5,2,6,1,6,6,7,6,7,7,7,7,1,1,3,7,7,2,1,1,4,7,1,7,2,2,2,8,6,8,9,9,9,.394169620347785,.538352118707369,.180102342514866,-2.53048424592309
69,1,53,1,1,1,19,1,1,5,1,2,1,1,1,1,1,1,4,1,4,1,3,6,6,7,6,7,5,5,5,7,5,1,3,4,7,7,7,3,3,7,4,7,5,1,4,1,2,2,2,1,1,1,6,6,6,1.23035604039193,-.349201374296671,-1.38936092797183,-.254288858046192
73,1,35,1,6,1,16,12,1,2,2,7,1,6,7,5,2,7,5,1,6,7,3,2,3,5,3,7,3,3,2,3,3,1,1,1,4,3,4,1,1,2,3,3,4,3,6,3,2,2,3,1,2,5,5,3,2,1.23035604039193,.538352118707369,.180102342514866,.504442937912773
74,1,69,1,5,1,18,3,1,2,1,1,1,5,1,5,1,1,7,2,7,5,6,6,6,2,6,2,4,5,5,3,5,2,1,1,6,3,5,4,4,3,3,3,3,2,4,2,2,3,2,3,3,3,1,1,2,-.44201679969636,-.349201374296671,.180102342514866,-1.01302065400516
75,1,30,1,20,1,16,20,1,15,1,1,1,5,1,1,1,1,6,1,7,1,6,6,5,3,6,1,7,6,7,5,7,4,7,6,1,1,1,4,4,6,7,5,7,7,7,7,2,4,7,6,1,4,5,3,6,1.23035604039193,1.42590561171141,-1.38936092797183,.504442937912773
76,1,30,1,5,1,16,16,1,10,2,6,2,6,2,6,5,6,7,4,6,6,2,2,2,3,2,3,3,3,3,2,2,2,1,2,5,5,6,2,2,2,2,2,2,6,6,2,2,5,6,9,9,9,8,7,6,1.23035604039193,.538352118707369,.180102342514866,.504442937912773
77,1,25,1,4,1,19,2,1,2,6,6,5,6,5,4,6,3,4,5,5,2,3,2,4,3,3,2,4,2,3,3,4,3,2,2,3,2,3,2,3,2,2,2,2,5,6,6,2,2,2,7,6,5,7,6,7,-1.27820321974051,.538352118707369,.964833977758214,1.26317473387174
78,1,34,2,2,1,21,2,0,0,3,6,2,3,3,3,2,5,4,2,4,2,7,7,7,7,6,6,7,6,7,6,6,4,4,4,6,7,6,2,2,7,6,7,7,6,7,6,1,1,1,8,8,8,4,4,2,1.23035604039193,1.42590561171141,1.74956561300156,-.254288858046192
79,1,27,1,4,1,18,10,2,15,6,7,1,7,1,6,7,7,7,4,7,7,2,1,2,3,2,3,4,4,4,5,1,1,1,1,6,7,7,1,1,3,2,3,2,1,3,1,3,1,6,7,8,9,4,4,3,.394169620347785,.538352118707369,-1.38936092797183,1.26317473387174
80,1,63,1,10,1,19,15,1,12,2,4,2,6,2,5,6,6,7,2,7,7,2,3,3,4,3,6,3,5,4,3,3,2,2,2,5,6,6,2,4,5,2,6,4,2,3,2,2,4,6,1,1,5,4,5,3,.394169620347785,.538352118707369,.180102342514866,.504442937912773
81,1,33,1,3,1,17,3,1,4,4,3,2,2,4,4,2,1,4,5,5,3,4,3,3,5,2,3,5,5,5,6,4,3,5,2,3,4,5,2,6,5,2,5,4,2,5,3,2,1,1,8,6,7,4,5,7,.394169620347785,1.42590561171141,.964833977758214,.504442937912773
82,1,38,1,5,1,32,1,1,5,3,4,2,6,4,4,5,4,4,5,4,3,2,2,5,7,2,5,2,5,4,3,6,2,2,2,2, ,5,2,2,1,2,6,3,3,2,3,2,2,2,4,5,5,1,6,2,1.23035604039193,.538352118707369,-.604629292728481,1.26317473387174
83,1,38,1,5,1,21,5,1,1,3,5,3,5,3,5,5,5,5,5,5,5,3,3,3,5,3,5,3,3,3,3,2,2,2,2,3,4,4,3,3,3,3,3,3,2,5,2,2,3,3,6,6,6,2,2,2,.394169620347785,.538352118707369,.180102342514866,.504442937912773
84,1,36,1,4,1,21,4,1,20,1,1,1,7,1,1,1,1,7,1,7,1,7,7,7,7,7,7,1,1,1,1,7,7,7,7,1,1,1,7,7,7,6,7,7,7,7,7,2,1,1,7,7,9,5,1,5,1.23035604039193,.538352118707369,.180102342514866,1.26317473387174
85,1,25,1,1,2, ,1,1,1,5,5,5,6,6,6,5,5,5,6,6,5,6,7,7,6,6,7,6,6,7,6,1,6,6,6,6,7,6,6,6,6,6,7,6,4,3,1,2,2,2,1,2,5,6,8,8,.394169620347785,-.349201374296671,-.604629292728481,-1.01302065400516
86,1,51,1,15,1,15,20,1,6,2,5,2,7,2,3,3,5,6,3,6,5,3,3,3,4,3,5,4,4,4,3,3,2,2,2,5,5,5,2,2,3,2,3,3,3,4,3,2,6,6,7,5,5,6,6,6,1.23035604039193,.538352118707369,.180102342514866,.504442937912773
87,1,45,1,16,1,17,16,1,0,1,3,1,5,1,4,1,2,7,1,6,1,3,2,2,6,3,5,5,3,3,3,3,7,2,7,5,7,7,4,3,3,3,4,6,2,2,2,2,6,8,8,7,8,6,2,2,.394169620347785,.538352118707369,.964833977758214,-.254288858046192
88,1,27,1,2,1,16,1,2,1,4,5,5,3,3,6,3,6,3,5,3,6,4,6,3,6,5,3,5,3,6,3,3,3,6,4,3,6,3,5,3,5,3,6,4,3,5,3,3,7,5,4,7,6,5,8,5,-1.27820321974051,1.42590561171141,.180102342514866,.504442937912773
89,1,36,1,10,1,15,50,3,20,1,5,1,6,1,1,4,5,7,1,7,5,1,1,2,3,1,4,7,2,3,2,4,1,1,1,7,7,7,1,1,1,1,1,1,7,2,1,4,7,9,9,9,9,3,3,1,1.23035604039193,1.42590561171141,-.604629292728481,1.26317473387174
90,1,61,1,1,1,23,1,1,0,4,6,1,3,1,4,1,4,5,1,4,3,4,6,7,7,7,7,7,7,6,7,5,1,2,2,7,6,6,3,3,7,4,7,6,2,2,2,2,1,1,3,1,1,2,2,2,.394169620347785,.538352118707369,.964833977758214,-1.01302065400516
91,1,26,1,3,1,18,5,1,4,5,7,7,6,6,5,4,7,6,6,7,7,6,6,6,6,7,4,5,5,5,5,6,7,7,7,3,3,5,7,7,7,7,6,7,5,1,1,2,2,3,8,8,8,5,5,7,1.23035604039193,.538352118707369,.964833977758214,.504442937912773
93,1,31,1,1,1,21,1,1,6,1,2,1,6,1,1,1,1,7,1,7,4,4,4,4,4,4,4,3,4,3,2,2,1,1,1,7,7,7,4,4,4,4,4,4,4,4,4,2,2,2,1,1,1,1,1,1,.394169620347785,.538352118707369,-.604629292728481,.504442937912773
94,1,32,1,3,1,18,3,1,5,2,2,1,3,2,2,1,2,2,1,1,3,4,2,4,3,5,2,6,4,3,3,3,4,6,3,5,3,7,6,4,2,3,6,3,4,4,2,2,4,3,5,7,5,3,2,2,-.44201679969636,1.42590561171141,1.74956561300156,-.254288858046192
96,1,76,2,4,1,14,20,0,0,2,2,2,6,2,3,3,2,4,2,4,1,3,3,5,5,3,5,5,5,5,5,3,1,1,1,7,7,7,1,1,1,1,1,1,1,3,1,1,6,6,9,1,1,1,1,1,-2.9505760598288,-2.12430836030475,-1.38936092797183,-2.53048424592309
97,1,67,1,20,1,17,12,1,2,1,6,1,6,1,1,1,6,6,1,6,6,2,2,3,3,3,7,7,7,7,7,6,6,2,3,6,7,7,1,1,3,2,3,3,1,1,1,2,6,7,9,8,9,4,4,4,-.44201679969636,-1.23675486730071,-.604629292728481,-.254288858046192
98,1,25,1,3,2, ,0,0,0,1,5,1,4,1,1,1,2,5,1,6,5,4,6,3,7,6,4,7,3,4,6,6,3,4,3,7,7,4,2,2,7,4,7,6,1,1,5,1,1,1,2,6,1,5,6,4,.394169620347785,-.349201374296671,.180102342514866,-.254288858046192
99,1,32,2,5,1,15,4,1,0,2,6,4,6,4,2,2,6,6,6,7,6,3,3,6,4,3,4,3,3,6,4,6,2,1,4,6,6,6,4,4,4,4,6,6,2,4,2,2,2,2,3,4,5,4,4,3,-.44201679969636,-1.23675486730071,-.604629292728481,-.254288858046192
100,1,48,1,11,1,15, ,1,12,1,7,1,7,1,7,4,7,6,1,7,4,1,1,1,4,1,4,5,1,1,2,4,1,1,3,4,2,4,1,1,2,1,4,1, ,4,1,2,9,9,5,9,9,7,2,7,1.23035604039193,2.31345910471545,2.53429724824491,2.0219065298307
101,1,33,1,8,1,14,26,1,20,1,1,1,7,1,1,3,1,5,3,6,3,1,1,1,1,1,1,1,1,1,4,5,3,4,3,2, ,2,1,1,4,2,3,2,4,5,4,2,9,8,4,1,2,1,1,1,1.23035604039193,1.42590561171141,.964833977758214,.504442937912773
103,1,33,1,15,1,15,9,1,25,1,2,1,5,1,2,1,4,6,1,5,5,2,2,2,5,2,6,4,5,5,3,5,3,3,2,6,6,6,2,2,3,3,3,2,2,5,3,2,2,4,8,8,6,7,6,3,1.23035604039193,.538352118707369,-.604629292728481,1.26317473387174
104,1,27,1,3,1,19,2,1,3,1,4,5,6,1,2,4,4,6,1,6,2,5,5,5,6,4,6,5,6,6,5,5,3,3,4,7,7,7,5,5,6,4,6,4,2,1,1,2,2,1,3,1,2,2,2,1,-.44201679969636,.538352118707369,.964833977758214,.504442937912773
107,1,36,1,7,1,16,4,1,7,1,1,1,1,1,1,1,1,1,1,1,1,4,5,4,5,4,5,6,7,5,3,6,6,4,4,7,7,7,2,2,4,6,5,4,3,5,4,2,1,2,7,2,3,2,3,2,.394169620347785,.538352118707369,.964833977758214,-.254288858046192
108,1,28,1,5,2, ,0,0,0,6,6,2,5,2,2,2,2,2,2,3,5,2,3,3,6,6,6,2,2,2,2,4,2,2,2,2,2,2,2,5,3,3,5,5,5,3,3,1,1,1,1,1,8,3,2,2,-2.11438963978465,-2.12430836030475,-1.38936092797183,-1.77175244996412
109,1,25,1,4,1,19,2,1,5,1,2,1,5,1,1,1,2,7,1,7,3,3,3,4,7,3,7,7,7,4,7,5,3,1,7,7,7,7,3,3,4,3,7,2,1,2,1,2,1,1,3,1,1,1,1,1,.394169620347785,-.349201374296671,-1.38936092797183,-.254288858046192
111,1,25,1,2,1,19,2,2,3,6,5,4,5,5,6,4,5,5,5,6,5,2,2,3,3,2,4,3,3,3,3,5,1,1,2,2,2,3,3,2,2,2,4,4,5,5,4,3,2,2,5,8,7,6,6,6,-.44201679969636,-.349201374296671,.964833977758214,.504442937912773
112,1,49,2,6,1,21,6,1,0,2,7,1,7,1,6,1,7,4,1,4,2,2,2,2,2,2,2,5,5,4,3,3,1,1,2,5,6,6,1,1,3,2,5,2,1,5,1,2,1,1,4,3,5,7,7,7,1.23035604039193,.538352118707369,.964833977758214,-.254288858046192
113,1,28,1,2,1,27,2,1,1,5,2,5,6,6,7,6,6,4,5,2,3,2,2,3,1,2,3,2,1,2,2,5,4,2,1,2,2,3,2,2,4,3,2,1,6,5,6,2,2,3,3,5,1,2,3,2,.394169620347785,.538352118707369,.180102342514866,1.26317473387174
114,1,36,1,8,1,12,6,1,6,5,3,3,6,6,6,5,5,5,5,5,6,3,2,3,4,3,3,5,6,6,5,5,3,2,3,2,2,3,1,3,3,3,2,5,2,7,5,2,6,6,9,9,9,8,7,7,.394169620347785,.538352118707369,.964833977758214,-.254288858046192
116,1,30,1,2,1,20,2,2,5,6,4,6,7,6,5,6,5,5,3,4,6,4,1,5,6,4,3,3,1,2,2,4,1,1,1,2,3,3,2,2,1,2,3,1,5,6,5,3,3,3,8,8,1,6,5,6,-.44201679969636,-.349201374296671,.180102342514866,2.0219065298307
117,1,28,1, ,1,13,4,1,4,5,6,5,6,7,7,7,5,7,6,6,4,2,1,5,1,1,6,3,3,2,4,4,2,3,3,4,1,4,3,2,7,2,3,2,2,4,5,2,3,3,2,4,8,7,5,7,.394169620347785,2.31345910471545,.964833977758214,.504442937912773
118,1,30,1,2,2, ,2,1,5,5,6,5,6,5,5,6,5,6,5,6,5,2,3,2,3,2,2,3,2,3,2,5,2,3,2,3,2,3,2,2,3,2,3,2,5,6,5,2,3,2,7,6,3,6,7,7,.394169620347785,.538352118707369,-.604629292728481,.504442937912773
119,1,38,2,10,1,15,15,2,6,4,2,4,6,3,4,2,2,4,2,5,3,3,3,3,4,2,6,4,5,4,3,2,6,4,6,6,6,7,4,3,4,4,3,2,1,4,1,3,5,6,9,5,8,4,4,4,.394169620347785,-.349201374296671,.180102342514866,.504442937912773
120,1,57,1,6,1,18,10,0,0,6,7,2,3,5,6,2,7,5,1,7,5,3,3,4,6,4,3,3,3,4,4,2,7,6,7,7,6,7,2,2,6,4,7,5,2,6,6,1,6,6,7,8,9,8,3,6,.394169620347785,-.349201374296671,.180102342514866,.504442937912773
121,1,26,2,12,1,15,13,1,0,6,7,7,7,4,7,6,7,7,5,7,6,2,2,6,3,2,3,6,5,6,6,5,2,3,3,3,1,3,1,1,1,1,3,4,1,7,5,2,6,6,9,9,9,9,9,9,1.23035604039193,.538352118707369,.964833977758214,2.0219065298307
124,2,42,1,5,1,17,8,1,1,1,6,1,4,1,1,4,6,4,1,4,6,3,4,4,4,4,3,2,2,4,3,2,3,3,4,6,6,6,3,3,4,3,4,1,1,1,1,2,3,3,9,9,5,3,3,3,-.44201679969636,.538352118707369,.964833977758214,-.254288858046192
125,2,40,1,3,1,17,2,1,6,1,6,2,5,2,2,2,6,6,2,6,6,5,5,5,4,5,5,5,5,5,5,5,6,6,5,2,2,2,6,5,5,5,3,5,5,6,6,2,1,1,1,1,2,1,1,1,-.44201679969636,-.349201374296671,-.604629292728481,-.254288858046192
126,2,44,1,3,1,20,2,1,8,2,2,2,7,2,2,1,2,6,1,6,2,2,1,2,3,2,7,1,1,3,1,3,2,2,2,6,6,6,2,3,2,2,2,1,2,3,3,2,2,2,2,1,2,3,2,2,.394169620347785,.538352118707369,-1.38936092797183,.504442937912773
127,2,25,1,3,2, ,1,1,0,5,2,5,6,4,6,5,5,4,6,4,5,1,3,2,3,3,2,2,3,2,2,4,3,2,3,1,2,4,3,4,3,3,4,2,6,5,5,2,2,2,1,1,5,5,3,3,-.44201679969636,1.42590561171141,.964833977758214,-.254288858046192
128,2,25,1,5,1,14,5,1,0,4,6,5,5,4,6,3,5,7,1,7,7,6,6,6,5,5,5,6,5,6,6,6,7,4,5,2,1,1,4,5,5,4,3,6,6,6,6,2,4,4,9,9,9,3,3,1,1.23035604039193,1.42590561171141,.180102342514866,.504442937912773
131,2,29,2,1,1,20,11,1,0,1,1,1,7,1,2,4,1,7,2,7,1,7,7,7,4,4,7,7,7,7,7,7,1,3,3,7,7,7,1,1,7,7,7,7,7,7,1,2,4,2,9,5,8,9,5,3,1.23035604039193,-1.23675486730071,.964833977758214,.504442937912773
133,2,33,1,8,1,16,7,1,3,3,5,2,5,3,3,2,5,4,2,4,5,4,4,3,1,4,2,4,4,3,3,3,1,3,4,6,5,7,4,4,5,4,6,4,2,3,3,2,3,3,2,1,2,2,2,1,.394169620347785,-1.23675486730071,-1.38936092797183,-.254288858046192
134,2,39,1,5,1,18,5,1,6,2,5,2,7,2,5,3,5,6,2,4,5,3,2,4,5,2,3,3,2,5,3,3,2,1,2,6,6,7,3,3,5,3,5,3,2,3,2,2,3,3,6,4,4,2,2,3,-.44201679969636,.538352118707369,.180102342514866,-.254288858046192
135,2,43,1,4,1,15,4,1,8,3,1,1,6,2,1,4,1,6,3,6,1,6,6,5,6,6,7,6,5,4,5,7,7,7,5,6,1,1,7,7,5,5,7,7,7,4,5,2,4,1,1,1,1,6,5,1,-.44201679969636,-.349201374296671,.180102342514866,-1.01302065400516
136,2,28,1,1,1,16,1,1,3,1,5,1,4,1,1,1,4,5,1,6,4,3,3,4,6,4,7,7,7,7,7,5,1,1,4,6,7,7,4,4,3,2,7,4,1,1,1,2,1,1,5,1,1,2,1,1,-1.27820321974051,-1.23675486730071,-.604629292728481,-1.01302065400516
137,2,39,1,11,1,14,5,1,8,2,5,3,6,5,6,2,5,3,5,3,5,2,2,2,2,2,4,2,2,2,2,2,2,7,7,3,5,4,6,6,6,6,6,5,3,3,5,2,2,5,2,5,7,6,4,6,-.44201679969636,-1.23675486730071,-.604629292728481,-.254288858046192
138,2,27,1,10,1,17,10,1,10,2,5,1,7,1,1,1,7,7,1,7,5,2,4,4,4,4,2,6,7,7,6,7,1,1,1,6,7,7,2,2,6,4,6,3,4,2,6,2,4,2,7,2,4,1,1,1,-.44201679969636,.538352118707369,-1.38936092797183,-1.01302065400516
139,2,50,1,2,1,19,2,1,4,1,1,1,3,1,1,1,1,7,1,7,7,3,3,5,7,4,7,7,7,7,7,7,4,4,3,7,3,7,3,6,6,7,7,5,1,2,6,2,1,1,1,1,1,1,1,1,-2.11438963978465,-1.23675486730071,-1.38936092797183,-.254288858046192
141,2,27,1,100,1,21,1,1,10,2,3,4,4,4,4,3,4,3,4,3,4,1,2,3,4,4,4,5,5,4,2,6,3,3,3,2,3,3,3,3,3,2,3,2,5,5,6,2,2,2,9,1,9,3,4,3,.394169620347785,1.42590561171141,-.604629292728481,-.254288858046192
142,2,52,1,10,1,14,68,1,6,7,7,6,7,4,7,6,7,6,3,7,7,6,6,6,6,6,1,4,3,4,5,7,4,2,4,5,6,6,1,1,7,4,7,7,1,7,4,2,9,9,9,7,9,6,4,4,-.44201679969636,-.349201374296671,.180102342514866,-1.01302065400516
143,2,27,1,2,1,22,2,1,9,4,5,5,5,5,4,4,4,4,4,4,4,3,3,2,3,2,4,3,4,4,4,4,3,3,3,5,5,5,5,4,3,3,3,3,4,4,4,2,2,2,1,1,9,2,2,2,.394169620347785,-1.23675486730071,-.604629292728481,-.254288858046192
144,2,32,1,5,1,17,5,1,30,1,7,1,7,1,1,7,7,7,7,7,7,1,3,3,2,3,2,1,1,2,1,1,1,1,1,7,7,7,2,2,1,1,1,2,1,1,1,2,3,4,3,1,1,1,1,1,1.23035604039193,2.31345910471545,-1.38936092797183,2.0219065298307
146,2,57,1,7,1,18,6,1,0,1,7,1,5,1,1,1,7,7,1,7,6,4,4,5,7,7,4,5,5,4,5,1,1,1,7,7,7,7,7,7,7,4,7,3,1,1,1,2,1,1,5,1,4,1,1,1,-.44201679969636,-1.23675486730071,-.604629292728481,-1.01302065400516
147,2,42,1,8,1,14,20,4,4,3,5,1,7,1,2,2,4,6,2,6,2,2,2,2,1,2,1,2,2,2,2,3,2,2,2,5,7,7,1,1,2,2,1,2,1,4,2,5,2,4,9,9,9,4,5,2,.394169620347785,-1.23675486730071,-.604629292728481,-.254288858046192
148,2,63,1,5,1,20,1,1,2,1,1,1,5,1,1,1,1,4,1,5,5,3,3,3,7,4,6,5,3,4,3,2,1,1,4,6,6,7,3,4,4,4,7,2,1,1,4,2,1,1,2,1,1,2,1,1,-1.27820321974051,-1.23675486730071,-1.38936092797183,-1.01302065400516
149,2,38,1,5,1,14,20,1,4,2,5,1,5,1,1,1,7,4,1,3,6,2,1,1,1,1,2,1,1,1,1,1,7,5,4,2,1,1,3,2,1,2,1,1,2,4,4,2,8,7,6,2,3,5,1,2,.394169620347785,-.349201374296671,-.604629292728481,-1.01302065400516
150,2,33,1,3,1,19,5,1,0,5,2,2,3,2,1,5,2,6,2,6,1,4,2,2,3,2,2,5,5,5,4,3,6,6,7,7,7,7,3,3,2,2,5,2,2,2,2,2,1,2,6,1,4,2,1,1,-2.11438963978465,-1.23675486730071,-.604629292728481,-1.77175244996412
151,2,33,1,15,1,16,15,1,1,1,7,4,7,1,1,1,7,7,1,7,7,7,7,7,4,4,2,2,1,1,1,7,7,4,7,1,1,1,7,7,2,7,7,7,7,7,7,2,6,7,7,7,8,5,1,3,1.23035604039193,.538352118707369,-.604629292728481,1.26317473387174
152,2,36,1,2,1,18,2,1,1,2,5,5,6,6,2,2,6,6,6,6,6,4,4,4,4,4,3,3,3,3,2,6,2,2,2,2,2,2,2,2,2,2,2,2,3,4,2,2,2,1,1,1,2,1,1,1,.394169620347785,.538352118707369,-1.38936092797183,-.254288858046192
153,2,36,1,3,1,22,1,1,5,1,5,1,5,1,1,1,5,4,1,4,4,2,2,3,6,2,6,4,4,4,4,3,1,2,4,5,6,5,2,3,3,4,5,2,2,2,2,2,1,1,1,1,1,2,2,2,-.44201679969636,-.349201374296671,-1.38936092797183,-1.01302065400516
154,2,29,1,1,1,19,1,1,20,7,1,6,6,6,7,7,6,7,7,7,7,7,7,7,7,7,7,7,7,7,7,2,6,7,7,6,6,6,6,6,6,7,6,6,2,1,2,2,2,2,9,8,1,9,2,9,1.23035604039193,2.31345910471545,2.53429724824491,.504442937912773
155,2,33,1,10,1,16,7,1,2,6,4,5,7,5,3,5,5,7,3,7,3,6,6,6,6,6,7,5,3,2,2,2,6,6,7,1,1,4,7,7,5,7,7,7,6,1,2,2,4,2,6,1,2,1,1,1,1.23035604039193,-1.23675486730071,-1.38936092797183,1.26317473387174
156,2,44,2,6,1,20,3,1,0,6,6,2,5,2,5,6,6,7,4,7,6,2,2,2,3,2,6,3,2,3,2,5,1,1,1,6,5,6,2,2,3,1,3,2,2,2,2,2,3,3,1,1,2,2,2,2,-.44201679969636,-.349201374296671,.180102342514866,-.254288858046192
157,2,42,2,6,1,14,6,0,0,6,1,2,6,3,1,2,1,6,2,4,2,4,4,5,7,4,7,6,7,7,6,5,7,6,7,7,7,7,2,2,6,4,4,5,6,3,3,1,3,2,5,1,1,2,1,2,-2.11438963978465,-2.12430836030475,-1.38936092797183,-2.53048424592309
158,2,59,1,5,1,15,30,1,4,1,6,1,6,1,4,1,7,7,1,7,6,2,2,3,6,4,4,3,3,3,4,2,6,3,3,6,7,7,3,3,4,3,6,3,1,1,1,2,4,7,6,1,3,1,1,1,-.44201679969636,-.349201374296671,.180102342514866,.504442937912773
159,2,35,1,7,1,18,7,1,2,2,4,2,6,2,2,2,4,4,2,4,4,4,4,5,5,5,5,5,6,6,5,5,6,6,6,6,5,5,2,2,6,3,6,6,2,6,2,2,4,3,9,8,9,7,7,7,1.23035604039193,.538352118707369,.964833977758214,2.0219065298307
160,2,65,1,3,1,17,1,1,1,1,1,1,1,1,1,1,1,7,1,7,1,5,5,5,5,5,5,1,1,2,3,2,4,4,4,4, ,7,2,3,5,5,5,5,3,3,3,2,2,2,7,1,1,1,1,1,-2.11438963978465,-1.23675486730071, ,-.254288858046192
162,2,40,2,20,1,15,20,1,0,5,5,1,7,1,7,2,5,7,2,7,2,7,7,7,7,7,7,7,7,7,7,7,2,1,2,6,7,7,1,1,7,7,7,6,6,7,5,2,4,2,7,5,8,6,4,2,-1.27820321974051,-1.23675486730071,-.604629292728481,.504442937912773
163,2,31,1,1,1,17,1,1,0,3,5,1,3,1,1,1,5,5,1,4,5,3,4,5,6,4,5,7,7,7,6,6,1,2,3,7,7,7,2,3,6,4,7,3,1,5,5,2,1,1,7,1,1,4,3,2,-1.27820321974051,-1.23675486730071,-.604629292728481,-2.53048424592309
164,2,55,2,5,1,13, ,0,0,1,4,1,1,1,3,1,6,4,1,1,1,6,5,5,5,5,3,6,6,6,6,5,4,2,6,6,6,6,6,2,6,6,6,5,2,2,2,1,1,1,8,1,5,5,1,1,-2.9505760598288,-2.12430836030475,-1.38936092797183,-2.53048424592309
165,2,56,1,10,1,17,10,1,2,1,7,3,7,1,1,1,6,6,1,7,6,5,4,3,4,3,2,3,5,4,3,6,4,5,5,2,2,2,5,5,5,5,5,3,3,4,5,2,4,3,3,2,1,2,3,1,.394169620347785,-1.23675486730071,-1.38936092797183,-1.01302065400516
166,2,62,2,35,1,18,25,0,0,6,4,4,5,4,2,6,4,6,4,6,6,2,2,2,2,2,6,4,4,4,3,2,2,1,4,6,6,6,2,2,2,2,4,5,2,2,2,1,7,7,8,5,4,4,3,2,-1.27820321974051,-1.23675486730071,-.604629292728481,-1.01302065400516
167,2,29,1,1,1,25,1,1,12,1,2,7,1,7,2,1,1,7,1,7,1,1,2,3,5,3,6,2,2,4,2,2,1,2,2,6,5,7,3,5,2,2,4,2,2,4,3,2,1,1,1,1,1,2,2,2,-.44201679969636,-1.23675486730071,-1.38936092797183,-.254288858046192
168,2,32,1,3,1,18,3,1,6,2,5,6,5,5,1,1,5,5,5,6,6,2,2,2,2,2,2,2,2,2,2,6,2,2,2,5,2,4,2,2,2,2,2,2,3,4,3,2,2,1,1,1,2,1,1,1,.394169620347785,.538352118707369,-1.38936092797183,1.26317473387174
169,2,26,1,6,1,15,2,1,4,7,7,7,7,7,7,7,7,7,7,7,7,7,7,7,7,7,7,7,7,7,7,1,7,7,7,7,1,1,1,7,7,7,7,7,1,1,1,2,2,1,1,9,1,9,6,6,1.23035604039193,.538352118707369,.964833977758214,1.26317473387174
170,2,53,1,3,1,23,2,1,0,1,1,1,5,1,3,4,1,6,1,6,3,4,4,4,7,4,6,6,4,6,4,5,1,1,7,7,7,7,4,4,4,4,7,5,5,2,2,2,1,1,4,1,4,2,2,1,-2.11438963978465,-1.23675486730071,-1.38936092797183,-1.77175244996412
171,2,39,1,30,1,17,20,1,10,2,6,2,6,2,5,2,7,6,2,6,7,2,2,2,2,2,1,3,3,4,3,7,1,1,3,5,5,6,1,1,2,2,2,1,1,5,3,2,5,8,1,1,1,5,5,5,1.23035604039193,.538352118707369,.964833977758214,.504442937912773
172,2,27,1,1,1,20,1,1,4,2,6,2,6,2,3,2,6,6,2,7,6,5,6,6,6,4,3,6,7,6,6,5,2,3,5,7,7,5,3,3,5,4,6,5,2,1,1,2,1,1,7,5,6,3,3,2,-.44201679969636,-1.23675486730071,-1.38936092797183,-1.01302065400516
173,2,59,1,5,1,16,4,1,1,2,7,3,6,3,3,3,7,5,5,5,5,3,5,5,6,6,7,3,2,5,5,3,1,2,2,6,6,6,4,4,7,4,7,5,3,2,2,2,2,1,2,2,5,3,3,1,-.44201679969636,-1.23675486730071,-.604629292728481,-1.01302065400516
174,2,21,1,12,1,14,5,2,3, , , , , , , , , , , , , , , , , , , , , , , , , , , , , , , , , , , , , , ,3,3,4,9,9,9,2,2,3,.394169620347785,.538352118707369,.964833977758214,-.254288858046192
175,2,49,1,14,1,14,33,1,0,4,7,1,7,1,3,2,4,7,2,7,6,2,2,2,2,2,3,4,2,1,1,2,2,2,2,3,4,4,1,1,1,2,1,5,3,4,3,2,5,4,5,3,3,2,5,3,1.23035604039193,1.42590561171141,1.74956561300156,1.26317473387174
176,2,27,1,7,1,17,10,1,2,4,2,3,3,3,3,2,2,5,2,5,3,4,3,4,3,3,3,6,5,6,6,6,2,2,2,6,6,6,2,3,3,3,3,2,2,2,3,2,4,6,2,2,5,6,1,1,-1.27820321974051, ,-1.38936092797183,-2.53048424592309
177,2,66,1,3,1,16,1,1,4,1,4,1,5,1,2,1,6,6,1,6,6,2,2,2,3,3,3,2,2,3,3,2,1,1,4,7,7,7,2,2,4,4,6,2,1,1,1,2,2,1,9,2,1,1,2,1,-.44201679969636,-.349201374296671,-.604629292728481,-.254288858046192
178,2,41,1,5,1,19,1,1,4,2,5,1,6,1,1,2,4,6,2,6,5,3,2,3,3,2,4,3,6,6,3,2,1,1,6,7,7,7,2,2,4,2,6,3,1,5,3,2,1,1,8,3,2,1,1,1,.394169620347785,.538352118707369,.964833977758214,-.254288858046192
179,2,33,1,13,1,15,10,1,8,2,7,1,6,1,6,1,7,6,1,7,3,3,5,5,6,6,7,3,5,6,7,3,1,2,2,7,7,7,1,1,7,3,7,3,1,6,1,2,3,7,7,3,4,5,2,2,-.44201679969636,.538352118707369,-1.38936092797183,-.254288858046192
180,2,55,1,4,1,15,4,1,4,2,2,2,7,2,2,2,2,5,1,6,2,2,2,2,4,2,4,4,2,4,4,2,6,6,4,1,1,1,6,2,4,2,4,3,2,2,2,2,4,4,5,1,1,1,1,1,.394169620347785,.538352118707369,.180102342514866,1.26317473387174
184,2,30,1,7,1,17,25,1,3,1,5,1,4,1,2,2,6,2,2,4,2,4,5,5,2,4,1,1,1,1,1,3,7,7,3,1,1,1,5,5,1,5,2,6,6,4,6,2,6,6,6,4,5,5,5,1,-.44201679969636,-1.23675486730071,-.604629292728481,-1.01302065400516
185,2,31,1,2,2, ,1,1,1,1,4,2,3,1,1,1,4,6,1,5,4,2,2,3,6,2,3,4,5,6,3,3,3,2,2,2,3,4,3,2,2,3,2,3,2,6,6,2,2,1,2,1,3,5,2,2,-2.11438963978465,-1.23675486730071,-1.38936092797183,-1.77175244996412
186,2,60,2,20,1,18,15,0,0,6,2,2,5,1,4,4,1,6,1,6,2,2,2,2,2,2,2,3,3,2,2,2,1,2,2, ,7,7,2,2,2,2,6,1, ,2,2,1,5,3,9,6,6,2,2,2,-2.11438963978465,-1.23675486730071,-.604629292728481,-1.77175244996412
187,2,32,1,3,1,21,1,1,4,4,4,4,3,2,3,4,4,4,3,3,3,4,4,5,5,6,4,4,4,4,4,6,7,4,5,5,4,4,5,4,4,5,4,4,3,3,3,2,2,2,6,6,4,7,6,1,.394169620347785,-.349201374296671,-1.38936092797183,.504442937912773
188,2,70,1,1,1,19,2,1,2,1,1,2,3,1,1,1,1,7,1,7,6,2,1,1,1,1,1,3,3,4,3,6,5,3,3,7,7,7,5,5,6,6,7,3,3,1,1,2,1,2,1,1,8,1,1,1,-1.27820321974051,-1.23675486730071,-1.38936092797183,-1.77175244996412
189,2,29,1,5,1,16,3,1,2,2,1,1,5,1,1,1,1,5,1,5,2,2,2,3,5,2,5,6,6,4,3,3,1,2,2,3,6,3,2,2,2,3,2,2,2,2,3,2,2,1,9,2,2,2,2,2,-2.11438963978465,-1.23675486730071,-.604629292728481,-.254288858046192
190,2,46,1,2,1,22,3,1,6,4,2,2,6,2,2,2,2,6,2,3,2,2,2,2,3,3,3,2,2,3,2,2,2,1,3,5,6,6,3,2,2,3,3,4,3,3,3,2,2,1,9,2,7,2,2,1,1.23035604039193,.538352118707369,-.604629292728481,1.26317473387174
191,2,37,1,6,1,20,6,1,20,1,6,1,6,1,1,1,6,7,1,7,1,4,4,4,1,4,2,1,1,1,1,2,7,7,1,1,1,1,5,5,1,5,1,6,7,7,7,2,2,2,3,1,1,1,1,1,.394169620347785,.538352118707369,-.604629292728481,-.254288858046192
192,2,41,1,4,1,21,2,1,0,3,4,4,5,3,2,2,4,5,2,6,4,3,4,4,4,4,6,3,4,4,5,5,2,2,2,4,4,4,3,3,4,3,5,3,3,4,4,2,2,2,2,2,2,1,1,2,-2.11438963978465,-1.23675486730071,-.604629292728481,-1.77175244996412
193,2,46,1,10,1,18,5,1,15,5,6,1,6,1,2,6,6,7,3,7,4,2,3,7,7,6,7,4,5,3,4,3,1,1,1,5,5,5,1,1,2,2,2,3,2,2,3,2,3,1,4,1,1,1,1,1,.394169620347785,.538352118707369,-1.38936092797183,.504442937912773
194,2,56,2,20,1,15,25,0,0,3,2,2,6,2,2,5,2,5,4,6,5,3,5,5,5,4,4,4,5,4,3,5,1,1,4,5,5,5,2,3,4,3,6,2,2,2,2,1,3,5,7,3,7,6,6,6,-1.27820321974051,-1.23675486730071,-.604629292728481,-.254288858046192
195,2,25,2,1,1,24,4,1,0,1,7,1,7,1,6,1,7,7,1,7,5,5,4,4,3,4,5,7,7,7,7,7,7,7,7,4,7,7,1,1,5,4,5,7,7,7,7,2,2,2,7,1,8,2,2,2,-1.27820321974051,-2.12430836030475,.180102342514866,-1.01302065400516
196,2,49,2,6,1,15,12,2,1,3,2,3,5,3,2,3,3,5,4,7,5,3,3,4,3,3,3,3,6,5,4,3,4,4,4,4,6,6,3,3,4,4,4,3,1,1,1,3,2,5,4,5,4,3,4,2,-.44201679969636,-1.23675486730071,-.604629292728481,.504442937912773
198,2,34,1,5,1,17,32,3,1,4,7,4,7,6,6,5,6,7,6,5,6,4,3,4,2,2,3,3,3,4,3,2,5,3,4,5,3,2,2,2,4,3,4,6,2,5,1,4,8,8,8,8,8,6,3,5,.394169620347785,.538352118707369,.964833977758214,.504442937912773
199,2,60,1,5,1,15,6,1,0,5,6,1,6,1,5,1,6,7,1,7,1,5,7,7,7,7,7,6,7,7,7,7,1,4,7,7,7,7,2,2,7,7,7,7,5,1,1,2,2,6,8,3,4,1,2,1,-2.11438963978465,-1.23675486730071,-.604629292728481,-2.53048424592309
201,2,35,1,20,1,17,40,1,1,2,4,5,4,5,3,2,4,6,2,5,2,3,4,3,2,3,5,2,3,3,3,4,6,6,5,2,2,2,1,1,3,4,1,5,7,7,7,2,6,8,8,8,8,6,6,4,-.44201679969636,-.349201374296671,-.604629292728481,-1.01302065400516
202,2,50,1,4,1,21,9,1,12,1,4,1,5,1,1,1,5,5,1,5,5,6,6,6,1,6,6,2,4,4,4,5,7,7,6,1,1,1,6,6,5,6,2,5,7,7,7,2,2,3,4,1,1,1,1,1,-.44201679969636,.538352118707369,.180102342514866,-.254288858046192
203,2,48,1,5,1,18,5,1,5,1,1,1,7,1,1,1,1,7,1,7,3,2,5,5,5,4,7,1,1,3,3,2,1,1,2,7,7,7,1,2,5,2,6,1,1,1,3,2,2,2,1,9,1,2,2,1,.394169620347785,-.349201374296671,-1.38936092797183,-.254288858046192
204,2,42,1,4,1,21,4,1,30,1,6,1,7,1,1,1,6,5,1,5,6,1,1,1,3,3,7,7,7,7,5,3,3,1,7,7,7,7,3,3,3,1,3,3,1,1,1,2,1,1,1,1,1,2,2,2,-.44201679969636,-1.23675486730071,-1.38936092797183,2.0219065298307
205,2,48,1,5,1,16,21,1,1,2,5,1,6,1,2,1,5,6,1,4,4,4,4,5,5,3,5,6,6,6,5,2,6,3,6,7,7,7,2,3,5,3,6,3,2,3,4,2,6,6,6,3,4,2,2,2,-.44201679969636,-.349201374296671,-.604629292728481,-1.01302065400516
206,2,48,1,5,1,28,5,1,4,1,6,1,5,1,3,4,6,5,2,3,2,3,3,5,6,3,7,6,6,7,5,2,2,1,1,6,7,7,3,3,6,2,7,5,1,1,2,2,1,2,5,3,1,1,1,1,-.44201679969636,-.349201374296671,.180102342514866,-.254288858046192
207,2,41,2,6,1,15,65,1,0,2,1,5,7,2,5,7,2,5,2,3,1,3,2,2,1,3,1,7,7,7,7,6,7,7,7,7,7,7,2,1,3,4,5,2,1,1,1,2,9,9,9,9,9,1,2,1,.394169620347785,.538352118707369,.964833977758214,.504442937912773
208,2,60,1,50,1,15,80,1,10,1,4,1,6,1,2,4,4,5,1,6,6,2,2,2,2,2,3,4,4,4,3,2,2,2,6,6,6,6,3,4,3,2,2,2,2,2,2,2,6,8,8,8,9,3,2,1,.394169620347785,.538352118707369,-.604629292728481,.504442937912773
209,2,31,1,3,1,17,10,1,5,1,6,4,6,5,1,1,7,6,1,6,7,2,2,2,4,2,2,6,6,6,4,3,1,1,2,6,6,6,2,1,1,1,4,1,6,2,6,2,3,4,8,1,7,1,1,1,.394169620347785,.538352118707369,-1.38936092797183,-.254288858046192
210,2,38,1,6,1,17,6,1,13,1,3,1,7,1,1,1,1,6,1,6,2,3,6,6,7,6,7,3,3,5,6,6,1,1,1,5,6,3,3,3,6,3,7,6,5,1,5,2,3,3,4,1,1,1,1,1,.394169620347785,-1.23675486730071,-1.38936092797183,.504442937912773
211,2,32,1,1,1,23,1,1,1,1,5,1,4,1,1,1,5,5,1,5,5,4,4,3,6,4,7,4,3,4,4,5,1,1,1,6,6,6,3,4,5,4,7,4,1,1,4,2,1,1,1,1,1,1,1,1,-1.27820321974051,-1.23675486730071,-.604629292728481,-.254288858046192
212,2,48,1,8,1,16,20,1,0,1,3,1,5,1,3,1,2,6,1,6,2,6,5,6,7,5,6,6,5,6,6,4,3,2,2,6,6,7,3,3,7,4,7,6,1,3,1,1,6,6,7,4,4,3,2,2,-.44201679969636,-1.23675486730071,-.604629292728481,-.254288858046192
213,2,45,2,3,1,24,17,1,4,1,1,1,5,1,1,1,2,4,1,4,1,7,7,7,7,7,3,5,5,5,4,4,7,4,7,7,7,7,1,1,7,7,7,7,1,7,2,2,2,8,9,7,9,7,2,1,.394169620347785,.538352118707369,.180102342514866,.504442937912773
214,2,39,1,30,1,17,30,1,20,1,7,5,6,1,3,1,7,6,1,6,7,3,3,3,3,3,1,3,3,3,3,1,1,1,3,5,6,6,2,1,5,2,5,2,3,3,3,2,4,9,2,1,2,7,5,4,.394169620347785,.538352118707369,-.604629292728481,.504442937912773
216,2,32,1,2,1,23,5,1,2,2,6,2,6,2,6,2,6,6,2,6,2,2,2,2,2,2,2,6,6,6,6,6,6,6,6,6,6,6,2,2,2,1,2,3,2,2,2,2,1,1,9,1,9,2,2,2,1.23035604039193,-1.23675486730071,-.604629292728481,1.26317473387174
218,2,19,2,0,2, ,0,0,0, , , , , , , , , , , , ,7,7,7,7,7,7,7,7,7,7,7,7,7,7,7,7,7,7,7,7,7,7,7,1,1,1,1,1,1,1,1,5,1,1,1,-2.9505760598288,-2.12430836030475,-1.38936092797183,-2.53048424592309
219,2,56,1,18,1,16,8,1,0,2,5,1,5,1,2,6,5,6,5,6,5,2,2,2,3,2,4,5,6,6,7,6,2,1,7,7,7,7,3,2,2,3,6,2,1,1,1,2,4,4,6,3,5,2,2,2,-2.11438963978465,-1.23675486730071,-.604629292728481,-1.77175244996412
220,2,52,1,6,1,17, ,1,0,7,4,1,6,1,1,1,4,7,1,4,4,2,4,4,6,6,6,1,1,2,4,4,1,1,1,7,7,7,2,2,7,4,7,2,1,1,1,2,4,4,1,1,1,1,1,1,-2.11438963978465,-2.12430836030475,-1.38936092797183,-1.77175244996412
221,2,39,1,3,1,17,3,1,20,3,3,2,6,3,2,3,5,2,3,6,2,2,1,2,5,2,5,6,3,4,5,5,2,1,2,5,6,5,1,2,3,3,5,4,2,3,3,2,1,1,3,2,2,2,1,2,1.23035604039193,.538352118707369,-.604629292728481,-.254288858046192
222,2,26,1,4,1,16,4,1,1,2,6,2,6,2,2,2,6,7,2,7,6,2,1,2,3,2,3,2,2,3,2,2,3,3,3,2,3,2,1,1,2,2,1,2,2,1,3,2,5,4,9,9,9,2,2,2,.394169620347785,.538352118707369,-.604629292728481,.504442937912773
223,2,26,1,3,1,21,4,1,10,6,6,6,5,4,4,6,6,5,4,4,5,5,7,6,7,5,5,6,6,7,6,3,5,6,4,4,5,6,5,5,4,4,5,5,4,5,5,2,2,2,4,5,4,5,7,6,.394169620347785,.538352118707369,-1.38936092797183,.504442937912773
225,2,45,1,4,1,15,4,1,6,1,1,1,1,1,1,1,1,1,1,1,1,2,2,2,2,2,2,5,5,6,5,3,6,2,2,3,4,3,4,3,3,4,3,4,3,5,4,2,2,2,8,5,6,2,2,3,.394169620347785,-.349201374296671,.180102342514866,-.254288858046192
226,2,32,1,6,1,19,6,1,1,1,6,1,4,1,6,1,6,7,1,6,6,1,7,6,6,6,4,7,7,7,7,6,1,1,2,7,6,6,2,2,6,4,7,5,4,5,3,2,5,5,9,5,9,6,3,5,.394169620347785,.538352118707369,.964833977758214,.504442937912773
227,2,47,1,6,1,17,20,1,5,3,1,4,6,5,5,4,1,7,4,7,5,4,4,4,5,4,2,5,5,4,4,5,6,7,6,2,3,4,7,6,5,4,3,3,3,4,5,2,5,6,9,9,9,4,4,5,.394169620347785,.538352118707369,.180102342514866,.504442937912773
228,2,33,1,5,1,19,5,1,11,2,1,5,7,4,1,3,2,3,6,4,5,3,6,5,5,3,3,3,2,2,4,3,7,7,7,7,4,3,5,2,4,3,2,3,6,5,6,2,1,4,3,1,2,2,2,3,.394169620347785,.538352118707369,.964833977758214,-.254288858046192
229,2,30,1,10,1,17,25,2,10,1,7,1,4,1,3,2,6,5,1,3,3,3,4,4,6,4,6,6,6,6,6,5,4,2,3,6,6,6,3,3,6,5,6,5,2,2,2,3,2,1,6,1,5,7,2,1,.394169620347785,-.349201374296671,.180102342514866,-1.01302065400516
230,2,34,1,3,1,23,2,1,2,2,5,2,3,2,1,1,1,6,1,6,1,5,5,5,5,5,6,5,5,5,6,5,1,2,2,6,6,6,3,5,3,5,5,5,3,3,3,2,1,1,1,1,2,1,1,1,.394169620347785,-.349201374296671,.180102342514866,-.254288858046192
231,2,57,1,8,1,15,7,1,10,4,2,2,7,2,3,3,2,6,1,6,6,2,3,3,3,3,4,2,2,2,2,1,4,1,2,7,6,6,1,1,3,1,4,1,1,4,3,2,2,2,5,7,8,4,3,3,.394169620347785,.538352118707369,.180102342514866,.504442937912773
232,2,27,1,2,1,17,2,1,5,1,1,1,4,1,1,1,1,4,1,4,1,2,4,4,6,2,6,6,6,6,6,6,2,2,2,6,6,6,6,3,3,4,4,3,2,2,2,2,2,2,3,1,1,1,1,1,.394169620347785,-.349201374296671,.180102342514866,-1.01302065400516
233,2,34,1,7,1,23,7,1,4,1,7,1,7,1,4,1,7,7,1,7,5,4,4,4,4,3,5,3,3,4,3,2,1,1,2,5,6,4,3,4,5,3,6,3,2,3,4,2,2,1,6,1,7,2,2,1,-.44201679969636,-.349201374296671,-1.38936092797183,-.254288858046192
234,2,25,2,1,1,20,1,0,0,2,6,1,6,1,3,5,6,6,5,6,5,6,7,7,7,5,6,5,5,6,7,6,1,2,5,7,6,6,2,3,7,5,7,7,5,5,2,1,1,2,8,3,8,6,5,6,.394169620347785,-2.12430836030475,-1.38936092797183,-1.77175244996412
235,2,29,1,6,1,17,10,1,5,2,6,5,5,2,5,5,6,6,5,6,5,5,5,5,6,5,6,6,6,6,5,5,7,3,7,5,5,5,3,3,6,3,5,3,3,2,3,2,3,5,7,7,5,2,2,2,-.44201679969636,-.349201374296671,-.604629292728481,-1.01302065400516
237,2,28,1,3,1,15,3,1,6,1,5,3,4,2,2,2,6,7,2,6,5,2,2,3,5,3,4,4,4,4,3,3,2,2,4,4,5,5,2,2,3,3,3,2,3,4,3,2,1,1,6,2,2,3,2,2,.394169620347785,.538352118707369,.964833977758214,-.254288858046192
238,2,25,1,1,1,21,1,1,1,7,6,7,6,5,7,6,5,6,7,6,5,3,1,1,7,3,7,2,1,2,1,6,3,3,2,3,4,3,3,2,3,2,3,3,1,4,6,2,1,2,1,1,1,4,5,3,1.23035604039193,1.42590561171141,2.53429724824491,1.26317473387174
239,2,60,1,3,1,19,3,1,12,2,5,1,7,1,1,1,6,6,1,6,6,4,6,7,7,6,6,2,2,4,2,2,1,1,1,7,7,7,3,4,3,4,7,1,1,1,1,2,1,1,3,1,2,4,1,1,.394169620347785,-.349201374296671,.180102342514866,.504442937912773
240,2,39,1,1,1,21,1,1,0,1,1,1,1,1,1,1,1,7,1,1,1,1,1,1,5,1,6,6,7,7,7,1,1,1,1,7,7,7,7,7,2,6,6,1,1,1,1,2,1,1,1,1,1,1,1,1,-2.11438963978465,-1.23675486730071,-.604629292728481,-1.77175244996412
242,2,29,1,1,1,17,2,2,5,2,4,1,4,1,1,1,4,4,1,4,5,4,5,6,5,5,7,5,4,5,6,5,2,3,4,7,7,6,2,3,7,4,4,5,1,3,2,3,1,2,9,5,8,8,3,1,.394169620347785,-1.23675486730071,.180102342514866,1.26317473387174
243,2,45,1,50,1,14,30,1,10,1,4,4,6,1,4,4,4,7,4,7,4,4,3,4,3,3,4,3,4,4,4,3,1,1,4,6,6,6,2,2,4,4,4,1,1,2,2,2,2,9,8,8,7,2,2,1,1.23035604039193,.538352118707369,-.604629292728481,1.26317473387174
244,2,30, ,1,1,21,1,1,8,1,2,1,1,1,1,1,1,3,1,1,1,5,6,6,7,7,7,6,6,6,7,6,7,6,6,6,6,5,2,2,7,7,7,7,1,1,1,2,1,1,1,1,1,1,1,1,-2.11438963978465,-.349201374296671,-1.38936092797183,-1.77175244996412
245,2,31,1,1,1,16,1,1,1,2,2,4,2,6,3,6,4,3,2,5,6,2,6,6,6,2,3,6,6,6,6,5,6,6,3,6,3,6,5,6,6,2,4,2,6,4,2,2,1,1,7,6,7,5,5,5,.394169620347785,-.349201374296671,.180102342514866,-1.01302065400516
246,2,37,1,3,1,15,5,1,2,1,4,1,5,1,3,1,5,4,1,6,3,5,6,6,5,6,2,7,7,7,7,5,1,2,3,7,7,7,1,1,7,4,7,7,1,7,1,2,1,2,9,5,2,4,3,4,.394169620347785,.538352118707369,.964833977758214,.504442937912773
247,2,45,1,5,1,17,2,1,6,1,4,1,7,1,1,1,5,7,1,7,1,3,3,3,4,3,4,3,6,6,3,7,1,1,1,7,7,7,1,1,3,4,4,4,1,1,1,2,2,2,5,1,1,1,1,1,.394169620347785,.538352118707369,-1.38936092797183,.504442937912773
248,2,33,1,10,1,18,12,1,4,7,7,1,7,1,3,1,7,7,1,7,5,2,2,2,5,3,1,2,2,3,1,1,1,1,1,5,4,5,1,1,2,3,5,1,1,5,1,2,3,4,8,9,9,3,2,1,1.23035604039193,.538352118707369,-.604629292728481,.504442937912773
250,2,47,1,10,1,16,20,2,25,1,4,4,4,4,1,1,1,1,1,1,4,3,3,3,3,3,3,1,3,3,7,1,7,7,7,7,7,7,7,7,7,7,7,7,1,1,1,3,4,3,9,9,1,7,7,7,1.23035604039193,1.42590561171141,.964833977758214,2.0219065298307
251,2,50,1,6,1,19,5,1,10,2,2,2,6,2,3,4,2,6,2,5,5,2,3,3,7,4,7,3,4,4,4,4,2,1,2,7,6,6,3,5,4,4,5,3,1,2,2,2,1,1,8,3,2,2,2,2,.394169620347785,.538352118707369,-1.38936092797183,.504442937912773
252,2,47,1,4,1,13,80,1,3,2,2,1,3,1,4,3,5,5,1,5,1,3,2,2,2,2,2,6,6,4,6,6,7,7,7,7,7,7,2,3,3,4,6,2,2,2,2,2,9,9,8,8,8,2,2,2,-1.27820321974051,-.349201374296671,.180102342514866,-.254288858046192
253,2,36,1,1,2, ,1,1,1,2,2,4,6,4,5,2,2,3,2,5,5,6,6,6,6,6,6,6,6,4,3,6,2,2,2,4,2,4,2,3,2,2,2,2,3,6,3,2,2,2,2,2,2,4,4,4,-.44201679969636,-.349201374296671,.964833977758214,-1.01302065400516
254,2,57,1,7,1,17,6,1,0,5,1,6,4,5,1,6,1,5,5,7,5,1,1,1,1,1,7,6,4,4,6,5,1,1,4,7,7,7,2,6,6,4,7,4,1,1,4,2,2,3,8,8,5,3,1,2,1.23035604039193,-1.23675486730071,-.604629292728481,-1.77175244996412
255,2,29,1,3,1,17,2,1,3,1,3,1,7,1,5,1,4,7,1,7,1,2,2,3,5,3,2,3,3,3,3,3,1, ,2,5,6,6,2,3,3,3,3,1,1,3,2,2,1,2,9,7,9,2,1,2,-.44201679969636,-.349201374296671,.180102342514866,-1.01302065400516
256,2,25,1,2,1,16,15,1,1,6,4,5,6,6,4,7,3,5,6,5,6,3,3,3,3,3,3,2,2,4,1,1,1,1,3,6,6,6,1,1,5,3,2,2,3,4,3,2,7,7,8,8,7,7,4,6,-.44201679969636,-1.23675486730071,-.604629292728481,-1.01302065400516
258,2,32,1,5,1,19,5,1,6,1,1,1,3,1,1,2,1,7,1,6,1,3,4,7,7,5,7,7,6,7,7,6,1,1,2,6,7,7,3,3,6,4,7,3,1,1,1,2,3,2,2,1,3,1,2,1,.394169620347785,-2.12430836030475,-1.38936092797183,-1.77175244996412
259,2,36,1,3,1,14,2,1,20,1,1,1,6,1,1,1,4,7,2,6,1,5,6,5,3,5,1,1,1,1,3,7,7,7,6,1,1,1,5,4,4,5,1,6,7,7,7,2,1,1,2,1,2,1,1,1,.394169620347785,.538352118707369,-.604629292728481,.504442937912773
260,2,41,1,7,1,26,2,1,0,1,2,3,3,1,1,1,3,4,1,4,2,3,4,5,1,5,1,7,7,6,2,7,7,7,5,1,1,1,4,4,2,4,1,4,7,7,7,2,1,1,1,1,1,1,1,1,-.44201679969636,-1.23675486730071,-1.38936092797183,-.254288858046192
261,2,33,1,3,1,18,6,1,15,3,6,1,6,1,3,2,6,7,1,7,6,5,4,5,6,2,4,4,3,5,4,3,1,1,1,6,6,4,2,3,2,2,4,5,3,2,4,2,3,3,3,5,4,3,3,5,.394169620347785,-1.23675486730071,-.604629292728481,-.254288858046192
262,2,26,1,6,1,17,6,1,2,5,2,2,6,2,1,1,2,7,2,7,6,2,2,2,5,3,5,5,5,3,3,2,2,2,2,7,6,7,3,5,3,3,3,3,1,2,2,2,1,1,6,1,1,2,2,2,.394169620347785,-.349201374296671,-1.38936092797183,.504442937912773
264,2,34,1,5,1,15,3,1,1,6,3,6,6,6,6,6,4,6,6,6,6,3,3,5,2,2,6,3,6,6,2,6,2,3,3,3,2,3,3,2,2,2,3,3,5,5,5,2,2,2,9,2,8,8,8,8,1.23035604039193,2.31345910471545,2.53429724824491,1.26317473387174
265,2,33,1,1,1,25,1,1,5,3,5,3,4,3,3,3,4,5,3,4,3,5,1,1,1,1,4,1,3,5,4,5,3,3,3,5,5,5,3,1,1,1,1,1,3,3,3,2,2,1,5,9,5,4,2,2,.394169620347785,.538352118707369,.964833977758214,-.254288858046192
266,2,56,1,4,1,17,3,1,8,2,2,2,6,2,1,5,2,5,5,5,4,2,2,2,3,2,4,3,2,2,2,2,4,2,2,4,5,6,3,3,2,2,3,2,2,2,2,2,1,1,1,1,2,1,1,1,.394169620347785,.538352118707369,-.604629292728481,-.254288858046192
267,2,34,1,4,1,23,1,1,4,1,6,3,7,3,5,2,7,7,3,7,5,5,6,6,7,7,7,3,4,4,5,4,2,1,1,7,5,7,7,6,7,7,7,2,2,1,1,2,1,1,4,2,5,1,1,1,.394169620347785,.538352118707369,-1.38936092797183,-1.01302065400516
268,2,55,1,11,1,17,11,1,3,2,3,1,5,1,1,1,3,6,1,6,5,3,4,5,6,4,7,3,3,5,5,3,1,1,3,7,7,7,2,5,6,2,7,2,1,1,4,2,3,1,2,1,1,2,1,1,-.44201679969636,-.349201374296671,-.604629292728481,-1.01302065400516
269,2,24,1,5,1,16,20,1,4,1,5,5,6,4,4,5,3,4,5,4,5,2,2,2,7,2,7,6,6,7,7,7,4,4,4,7,7,7,5,1,2,2,4,4, ,4,4,2,2,2,7,7,6,5,6,4,-.44201679969636,-.349201374296671,.964833977758214,.504442937912773
270,2,30,1,3,1,19,3,1,8,4,6,6,6,5,5,4,6,6,6,6,6,5,6,5,4,5,6,5,6,6,5,5,6,6,6,4,5,6,5,5,4,4,5,5,3,2,6,2,3,3,5,5,5,4,5,6,.394169620347785,-.349201374296671,.964833977758214,1.26317473387174
271,2,32,1,11,1,18,11,1,8,1,2,1,6,1,5,1,2,7,1,7,2,3,4,3,5,3,4,6,6,6,6,6,7,4,7,7,7,7,1,1,3,4,7,5,2,4,3,2,3,4,7,6,5,2,2,1,.394169620347785,.538352118707369,-1.38936092797183,-.254288858046192
273,2,42,1,1,1,23,1,1,2,7,3,5,6,5,1,1,2,6,1,6,6,1,2,1,2,1,7,5,1,1,1,2,1,1,1,1,2,1,2,2,1,2,6,2,2,2,2,2,2,2,1,1,1,1,1,1,-.44201679969636,-.349201374296671,.180102342514866,.504442937912773
274,2,43,1,5,1,16,5,1,15,1,1,1,7,7,1,1,1,7,1,7,1,1,1,1,4,1,1,4,4,4,1,4,1,4,7,7,7,7,1,1,1,1,4,1,1,1,1,2,1,1,1,1,1,1,1,1,.394169620347785,.538352118707369,-1.38936092797183,-.254288858046192
276,2,35,1,3,1,16,11,1,15,1,1,1,1,1,5,1,1,1,1,1,1,1,1,2,7,1,7,1,3,5,3,5,1,1,1,5,6,6,2,6,5,3,7,7,1,1,1,2,2,2,9,9,1,1,1,1,.394169620347785,-.349201374296671,-.604629292728481,-.254288858046192
277,2,24,1,2,1,17,2,1,1,3,3,4,3,2,4,3,2,4,3,3,4,4,3,6,5,4,3,4,5,5,5,4,4,5,6,5,4,3,4,5,4,3,3,4,3,4,5,2,1,3,5,3,6,5,3,2,.394169620347785,.538352118707369,.964833977758214,-.254288858046192
278,2,45,1,20,1,15,11,1,6,5,4,3,6,3,1,4,3,5,3,5,4,2,4,3,3,3,5,5,5,5,4,3,1,1,1,7,7,7,3,3,4,2,5,2,1,4,3,2,2,4,5,3,5,5,4,3,-.44201679969636,.538352118707369,-.604629292728481,-.254288858046192
280,2,30,1,4,1,18,10,1,2,2,4,5,5,5,2,5,4,4,6,5,5,3,3,3,3,3,5,3,3,3,2,5,2,2,2,3,2,2,3,3,3,2,3,2,6,6,6,2,3,5,8,8,6,5,5,4,-.44201679969636,-1.23675486730071,-.604629292728481,-1.77175244996412
281,2,32,1,10,1,19,8,1,0,5,3,3,5,3,4,4,4,3,2,5,4,3,4,4,2,2,3,5,5,5,5,5,2,3,4,6,7,7,4,4,3,4,5,3,2,3,4,2,1,1,5,2,3,2,1,1,-1.27820321974051,-1.23675486730071,-.604629292728481,.504442937912773
282,2,34,1,3,1,14,4,1,0,1,7,1,5,1,2,1,7,6,1,5,7,3,2,5,7,5,5,2,1,4,6,1,7,4,6,7,7,7,3,3,6,4,7,6,1,1,1,2,2,2,9,9,9,7,2,1,.394169620347785,-.349201374296671,.964833977758214,-.254288858046192
283,2,35,1,0,1,20,3,1,30,6,1,1,7,1,1,5,1,7,1,7,2,7,7,7,6,7,2,5,3,6,2,2,2,1,1,6,6,6,1,1,1,1,1,1,1,1,1,2,1,1,1,1,1,1,1,1,.394169620347785,.538352118707369,-1.38936092797183,.504442937912773
284,2,40,1,10,1,16,8,1,3,2,4,1,4,1,3,1,3,6,1,5,4,3,3,4,4,3,5,2,2,4,3,5,2,2,3,5,5,6,3,3,3,4,3,2,6,3,3,2,3,3,3,3,6,2,2,2,-.44201679969636,-.349201374296671,-.604629292728481,-.254288858046192
285,2,25,1,3,1,20,3,1,20,3,7,1,7,1,1,1,7,7,2,4,1,4,4,3,3,4,4,6,6,6,3,5,7,2,7,7,7,7,4,4,4,3,4,5,1,1,1,2,2,2,9,9,9,4,3,3,1.23035604039193,.538352118707369,.964833977758214,.504442937912773
286,2,38,1,2,1,26,1,1,5,2,5,2,5,2,3,2,5,5,2,5,4,2,2,3,6,3,6,4,5,4,5,4,2,2,2,3,4,4,3,3,3,3,4,3,2,3,2,2,2,1,5,2,3,2,2,4,-.44201679969636,.538352118707369,-.604629292728481,-1.01302065400516
287,2,35,1,2,1,24,2,1,0,4,5,1,5,1,3,1,5,7,1,6,5,2,3,4,6,3,7,4,5,4,3,3,1,1,2,5,7,6,2,4,4,6,6,1,1,4,2,2,1,1,3,1,1,1,1,5,-.44201679969636,-1.23675486730071,-.604629292728481,-1.01302065400516
289,2,44,1,2,1,29,1,1,1,6,5,4,5,6,7,6,5,6,1,1,1,2,3,2,1,2,3,3,2,1,4,5,2,1,2,3,2,3,3,2,1,3,4,3,6,5,6,2,2,2,1,2,1,6,7,4,.394169620347785,-1.23675486730071,-.604629292728481,.504442937912773
290,2,39,1,2,1,20,4,0,0,5,2,4,4,4,1,4,4,5,6,5,1,4,3,5,6,4,6,6,7,7,7,6,4,1,2,7,7,7,4,5,7,4,7,4,1,1,1,1,1,1,1,1,1,3,1,1,-2.11438963978465,-1.23675486730071,-.604629292728481,-1.77175244996412
291,2,47,1,7,1,17,7,1,4,1,1,1,7,1,5,1,1,7,1,4,1,3,3,3,3,3,7,7,7,7,7,7,1,3,1,7,7,7,2,2,3,2,7,5,1,1,5,2,7,2,1,1,1,1,1,1,-.44201679969636,-.349201374296671,-.604629292728481,-1.77175244996412
292,2,38,1,11,1,15,11,1,20,1,4,4,4,4,4,3,3,3,3,3,4,7,5,4,4,4,1,7,7,7,4,7,7,7,6,4,4,1,4,4,5,5,5,4,4,7,6,2,2,2,1,1,9,1,1,1,1.23035604039193,1.42590561171141,.180102342514866,2.0219065298307
293,2,36,2,7,1,12,7,0,0,2,5,2,5,4,3,5,5,3,5,3,5,3,2,2,2,2,2,3,4,4,5,3,4,3,6,6,6,6,3,3,3,2,3,2,1,3,3,1,4,2,8,2,6,4,2,4,-1.27820321974051,-1.23675486730071,-.604629292728481,-1.77175244996412
295,2,44,1,6,1,16,6,1,15,5,2,2,5,2,2,5,2,5,2,5,2,4,3,3,4,3,3,4,5,6,4,2,6,4,6,7,7,7,3,3,4,3,6,4,2,2,2,2,3,3,8,5,7,3,2,2,.394169620347785,.538352118707369,.180102342514866,.504442937912773
296,2,34,1,2,1,18,4,1,5,1,4,1,7,1,6,1,4,6,1,7,4,3,3,3,3,3,5,3,6,5,5,5,1,1,1,7,7,7,3,2,3,5,7,4,1,2,6,2,2,2,4,3,7,1,1,1,.394169620347785,.538352118707369,-1.38936092797183,-1.77175244996412
297,2,38,1,5,1,18,5,1,12,1,6,3,3,1,1,1,6,5,1,5,2,2,2,2,2,2,5,3,4,4,4,2,2,2,1, ,6,6,2,1,2,3,3,2,2,3,1,2,2,2,3,1,1,2,1,1,.394169620347785,1.42590561171141,-1.38936092797183,1.26317473387174
298,2,44,1,15,1,16,12,1,12,5,2,2,4,2,3,2,2,6,2,6,2,3,6,5,6,6,6,6,6,6,6,6,2,2,2,6,6,6,2,2,6,3,5,3,2,2,6,2,4,4,7,2,3,2,2,2,-.44201679969636,-1.23675486730071,-.604629292728481,-1.01302065400516
299,2,44,2,6,1,17,10,0,0,1,6,1,5,1,1,1,6,4,1,4,4,5,6,6,6,6,6,6,6,7,6,2,7,4,6,7,7,7,2,3,6,4,6,3,2,2,2,1,1,3,9,5,4,3,2,1,-2.11438963978465,-1.23675486730071,-.604629292728481,-2.53048424592309
300,2,28,1,2,1,21,2,1,12,2,2,2,6,2,2,3,3,3,2,3,3,6,6,5,3,5,1,3,3,3,2,3,7,7,6,3,3,3,5,6,5,4,5,6,3,4,3,2,2,1,1,1,2,1,1,1,1.23035604039193,1.42590561171141,-1.38936092797183,1.26317473387174
301,2,56,2,4,1,21,6,0,0,1,1,1,1,1,1,1,1,6,1,4,4,4,2,3,4,2,4,1,2,4,4,3,7,2,6,7,7,7,4,4,2,4,4,7,5,4,4,1,2,2,8,1,1,2,1,3,.394169620347785,-1.23675486730071,-.604629292728481,-.254288858046192
302,2,66,2,20,1,15,100,0,0,2,6,2,6,2,6,6,6,4,6,4,6,4,6,6,6,6,6,6,6,6,6,6,4,4,6,6,6,6,4,4,6,4,6,6,2,2,2,1,9,9,9,1,1,2,1,1,-2.11438963978465,-1.23675486730071,-.604629292728481,-.254288858046192
303,2,62,2,4,1,17,12,0,0,2,1,1,4,1,4,1,1,5,2,5,5,3,3,3,5,3,7,5,6,7,7,7,4,4,4,7,7,7,1,1,4,3,6,3,1,6,1,1,2,3,7,2,3,1,1,1,-2.11438963978465,-2.12430836030475,-1.38936092797183,-1.77175244996412
304,2,33,1,8,1,17,11,1,0,4,4,4,4,4,4,4,4,4,4,4,4,4,4,4,4,4,4,4,4,4,4,4,4,4,4,4,4,4,4,4,4,4,4,4,4,4,4,2,2,2,2,2,2,7,3,3,-2.11438963978465,-2.12430836030475,-1.38936092797183,-2.53048424592309
305,2,31,1,2,1,27,1,1,1,2,2,2,4,1,1,2,2,6,1,6,5,3,2,3,7,4,7,4,3,5,5,4,2,2,6,5,2,3,3,4,3,4,3,4,6,3,4,2,2,2,3,2,2,4,2,4,-2.11438963978465,-1.23675486730071,-.604629292728481,-.254288858046192
307,1,30,2,1,1,28,1,0,0,1,2,1,5,1,1,1,2,6,1,5,6,3,3,5,7,6,7,7,7,7,7,7,7,7,7,7,7,7,2,2,4,7,7,7,2,5,7,1,2,1,8,1,4,7,5,4,.394169620347785,.538352118707369,.964833977758214,-.254288858046192
308,1,30,1,1,2, ,1,1,12,7,5,2,7,2,2,2,6,5,3,6,6,5,3,5,5,5,6,2,1,1,2,3,2,2,1,2,5,2,3,5,3,3,3,5,1,2,3,2,2,2,1,2,2,1,1,1,.394169620347785,.538352118707369,-.604629292728481,1.26317473387174
309,1,35,1,4,1,18,2,1,15,3,4,4,6,3,2,4,4,5,1,4,3,5,7,4,4,5,2,5,4,6,4,6,7,6,5,7,5,4,4,5,5,2,5,6,3,4,6,2,1,1,8,1,2,2,4,5,.394169620347785,.538352118707369,.180102342514866,-.254288858046192
312,1,34,2,2,1,18,2,0,0,1,7,1,6,1,2,1,7,7,1,7,5,4,4,4,6,5,7,7,4,6,7,6,1,2,2,4,5,4,3,4,7,4,7,7,1,2,1,1,1,1,9,6,3,5,4,2,-.44201679969636,-.349201374296671,.180102342514866,-.254288858046192
316,1,39,1,5,1,23,2,1,10,5,7,2,5,2,1,2,7,5,2,5,6,3,5,4,6,3,7,3,3,3,2,2,1,2,3,6,6,6,2,1,5,6,6,6,2,6,3,2,1,1,2,1,1,4,3,2,.394169620347785,.538352118707369,-.604629292728481,-1.01302065400516
318,1,25,1,6,1,16,6,1,8,3,5,4,4,3,2,3,5,5,4,6,2,3,3,3,4,5,5,5,6,6,6,3,2,2,6,6,6,6,6,6,7, ,6,2,3,2,2,2,2,2,6,4,7,4,4,4,.394169620347785,.538352118707369,1.74956561300156,.504442937912773
321,1,30,1,2,1,24,2,2,2,3,2,1,2,2,5,5,5,6,6,5,5,3,2,3,2,2,2,2,1,2,2,6,2,3,2,2,1,2,2,1,1,1,2,2,3,6,2,3,2,2,7,8,6,7,6,6,1.23035604039193,.538352118707369,.964833977758214,.504442937912773
322,1,32,1,12,1,21,4,1,18,1,7,4,7,4,7,4,7,7,1,7,3,1,1,1,1,1,1,1,1,1,1,1,7,4,1,1,1,1,7,7,1,4,1,1,7,7,7,2,5,5,9,9,9,8,8,8,1.23035604039193,.538352118707369,.964833977758214,-.254288858046192
323,1,33,2,7,1,26,5,1,0,2,7,1,5,1,4,2,7,6,2,6,5,5,3,6,7,5,6,6,5,5,4,2,2,1,2,7,6,6,2,3,5,2,6,6,4,5,2,2,1,1,8,7,8,8,3,4,1.23035604039193,1.42590561171141,1.74956561300156,.504442937912773
324,1,32,1,5,1,21,4,1,4,2,6,1,5,1,5,3,7,5,3,4,7,3,4,5,6,4,6,6,4,5,5,6,2,1,1,6,6,7,1,1,6,4,5,3,1,6,1,2,1,2,9,9,9,7,4,3,.394169620347785,.538352118707369,.964833977758214,-.254288858046192
326,1,45,1,2,1,25,1,1,10,1,4,4,5,1,1,1,1,5,1,5,2,2,2,2,6,2,6,2,2,4,2,2,2,2,2,6,6,2,2,2,3,3,3,3,1,5,2,2,1,1,1,1,1,2,2,2,.394169620347785,.538352118707369,-.604629292728481,-.254288858046192
328,1,31,1,1,2, ,1,1,0,5,3,4,3,4,6,5,4,3,5,6,5,3,2,5,3,4,3,3,3,2,2,4,3,3,2,3,4,3,2,3,2,3,3,4,5,6,5,2,1,1,1,7,5,6,6,7,-2.11438963978465,-2.12430836030475,-.604629292728481,-.254288858046192
329,1,43,1,15,1,18,14,1,1,1,1,1,6,1,1,1,1,6,1,6,5,2,2,3,3,2,5,4,4,3,5,2,1,1,2,5,5,5,2,2,3,4,4,3,2,3,1,2,4,5,2,1,1,3,3,2,1.23035604039193,-1.23675486730071,-.604629292728481,-.254288858046192
331,1,39,2,8,1,19,8,1,0,1,1,1,6,1,3,1,1,6,1,6,4,5,5,5,5,5,4,4,4,3,5,6,7,7,7,1,1,1,6,6,4,5,5,6,7,5,7,2,2,1,1,1,2,2,1,2,.394169620347785,-.349201374296671,.180102342514866,-1.77175244996412
334,1,50,1,12,1,15,10,1,2,5,6,5,5,3,5,5,5,4,5,4,5,4,3,5,5,3,3,4,4,5,2,5,4,5,4,4,3,3,4,5,5,5,3,3,4,5,5,2,5,4,5,7,7,7,6,4,.394169620347785,.538352118707369,.964833977758214,.504442937912773
335,1,30,1,5,1,23,1,1,8,1,6,4,5,1,1,1,6,6,1,6,2,3,3,3,6,3,7,5,4,4,4,4,2,1,2,4,5,6,3,3,4,3,4,4,4,3,3,2,2,1,1,1,1,2,2,2,.394169620347785,.538352118707369,.180102342514866,.504442937912773
336,1,34,1,1,1,27,1,1,5,6,4,5,4,3,5,6,4,5,4,5,4,5,4,5,6,4,5,6,4,4,5,4,3,5,6,4,2,6,4,5,2,5,4,5,3,2,3,2,2,1,8,7,3,7,5,6,.394169620347785,.538352118707369,.180102342514866,.504442937912773
337,1,37,1,3,1,21,3,1,10,6,4,5,5,5,7,5,3,6,6,5,7,5,7,7,6,3,6,4,6,5,5,1,7, ,7,7,5,7,7,3,5,4,5, ,2,2,4,2,1,1,7,9,2,6,9,5,1.23035604039193,.538352118707369,-.604629292728481,.504442937912773
338,1,26,1,10,2, ,1,1,1,6,4,6,4,6,4,2,4,1,4,2,6,2,4,2,4,2,3,1,1,2,2,7,2,1,4,2,3,1,2,4,2,6,4,4,3,5,2,2,2,2,8,5,9,2,3,4,-2.9505760598288,-1.23675486730071,-1.38936092797183,1.26317473387174
339,1,47,2,2,1,28,3,0,0,5,4,2,4,2,6,2,4,5,2,5,6,6,6,4,7,7,7,3,3,4,4,2,3,4,4,5,5,4,1,1,6,4,7,7,5,7,6,1,2,2,7,7,8,8,4,2,.394169620347785,.538352118707369,.964833977758214,-.254288858046192
340,1,66,1,3,1,20,1,1,4,2,4,1,5,1,1,4,4,7,1,7,5,2,3,4,6,4,7,5,6,6,6,4,1,1,4,6,6,7,4,4,4,4,7,4,1,1,1,2,1,1,2,1,1,6,2,2,.394169620347785,-.349201374296671,-.604629292728481,-.254288858046192
341,1,25,1,1,1,21,1,1,1,6,6,5,5,4,5,6,4,6,4,5,4,2,3,4,3,4,3,2,3,4,2,5,3,4,3,2,4,3,2,4,3,4,3,2,5,4,5,2,2,2,8,6,3,3,4,3,-2.11438963978465,-1.23675486730071,-.604629292728481,-.254288858046192
342,1,29,1,7,1,16,7,1,22,1,6,1,7,1,6,6,6,7,6,7,7,2,2,2,2,2,2,1,1,1,1,3,1,1,2,1,1,2,1,1,1,1,2,1,1,6,5,2,2,4,9,4,8,5,2,2,1.23035604039193,.538352118707369,.180102342514866,1.26317473387174
343,1,62,1,10,1,18,4,1,4,2,2,1,5,1,2,2,2,4,2,4,2,3,6,6,6,6,6,3,5,6,6,2,2,2,2,6,6,6,3,3,6,3,6,6,2,2,2,2,1,1,3,3,7,8,2,6,-.44201679969636,-.349201374296671,-1.38936092797183,.504442937912773
345,1,27,1,2,1,22,2,1,1,5,6,3,3,5,6,4,3,5,4,6,5,4,2,3,4,6,4,5,3,4,5,4,2,4,4,2,4,6,4,5,4,3,4,5,4,5,4,2,2,2,6,5,7,4, ,3,-.44201679969636,-.349201374296671,.180102342514866,-.254288858046192
346,1,53,1,10,1,17,4,1,1,5,5,5,4,7,6,2,6,5,2,4,6,3,3,2,1,2,1,1,1,1,1,6,1,1,4,1,2,5,5,5,4,4,4,5,5,2,6,2,1,1,9,9,9,9,9,9,1.23035604039193,.538352118707369,.964833977758214,-.254288858046192
347,1,32,1,5,1,20,5,1,1,4,4,5,3,5,4,5,5,4,5,2,5,5,4,4,2,4,2,4,4,3,4,4,3,5,3,3,5,4,4,5,3,4,4,4,5,5,3,2,2,2,7,3,5,4,5,3,-.44201679969636,-.349201374296671,.180102342514866,-.254288858046192
349,1,32,1,1,1,31,1,1,2,4,5,5,5,4,4,5,6,6,5,5,5,3,4,4,3,3,2,3,2,2,3,5,2,2,2,2,3,3,2,2,2,2,3,3,5,6,6,2,2,2,6,3,7,2,2,3,-.44201679969636,-1.23675486730071,-.604629292728481,-.254288858046192
350,1,26,1,1,1,25,1,1,1,4,4,5,6,5,5,4,5,5,5,5,5,2,2,2,4,1,2,2,3,4,4,4,3,2,3,4,5,5,3,2,2,2,2,3,5,6,4,2,2,1,7,7,7,7,7,7,.394169620347785,-2.12430836030475,.964833977758214,.504442937912773
353,1,34,1,6,1,16,6,1,15,1,6,1,5,4,5,3,6,6,3,7,5,2,3,4,3,3,4,3,4,5,3,3,2,2,5,6,5,6,4,4,3,3,3,2,2,4,3,2,3,2,7,7,8,2,2,2,.394169620347785,.538352118707369,.964833977758214,.504442937912773
354,1,26,2,10,1,13,30,10,5,1,1,1,7,1,1,5,1,7,6,7,1,1,1,1,1,1,1,1,1,1,1,1,7,7,7,1,1,5,1,1,1,1,1,1,1,1,1,8,8,8,9,9,9,7,5,7,.394169620347785,-.349201374296671,-.604629292728481,-.254288858046192
357,1,27,1,7,1,18,7,1,11,2,5,5,6,2,5,2,6,6,2,5,6,5,5,3,5,5,6,6,6,5,6,6,1,2,2,6,6,6,2,2,2,2,5,6,2,3,3,2,2,5,6,4,4,4,2,3,.394169620347785,.538352118707369,.180102342514866,-.254288858046192
358,1,43,1,1,1,22,4,1,30,1,4,4,7,1,4,1,4,7,2,7,6,2,3,4,4,4,4,4,5,6,4,5,1,1,1,6,6,6,1,2,4,4,2,5,4,6,4,2,4,3,9,9,9,8,7,6,1.23035604039193,2.31345910471545,2.53429724824491,1.26317473387174
359,1,42,1,2,1,28,1,1,3,2,1,3,7,2,4,2,1,7,4,7,1,3,6,4,5,3,3,6,4,3,2,4,3,5,3,4,2,3,5,3,3,4,5,4,6,5,3,2,2,1,1,2,1,2,2,1,-2.11438963978465,-1.23675486730071,.180102342514866,-1.01302065400516
360,1,44,1,0,2, ,1,1,0,5,4,5,6,4,5,6,4,3,5,6,5,3,4,3,2,3,4,5,4,4,4,5,4,5,3,3,4,5,4,4,5,4,3,3,3,2,3,2,1,1,1,1,9,2,2,1,-.44201679969636,.538352118707369,-.604629292728481,-.254288858046192
361,1,39,1,3,1,15,5,1,17,5,5,5,5,5,4,6,6,6,5,4,6,3,3,3,3,2,4,3,3,3,3,5,2,3,3,3,3,2,2,3,2,2,4,2,4,4,4,2,3,2,6,5,7,6,3,4,.394169620347785,.538352118707369,-.604629292728481,1.26317473387174
362,1,71,1,3,2, ,1,1,4,6,7,6,7,7,6,2,7,6,6,6,7,2,2,2,2,2,5,2,1,1,2,6,1,1,1,1,2,2,1,1,1,1,2,2,6,6,6,2,2,2,1,1,1,2,4,8,1.23035604039193,-.349201374296671,.964833977758214,1.26317473387174
363,1,24,1,2,1,23,10,5,1,5,3,2,5,3,5,1,5,2,6,3,5,6,4,2,5,3,2,5,3,7,5,6,4,3,5,3,5,2,5,5,2,5,2,4,6,3,2,6,4,7,6,2,4,6,3,6,.394169620347785,-1.23675486730071,.964833977758214,.504442937912773
364,1,29,1,5,1,17,9,1,3,5,2,5,3,4,3,3,6,5,3,5,4,5,6,5,3,2,2,4,3,3,2,4,3,3,5,6,4,3,3,4,3,3,2,4,2,5,6,2,5,5,6,5,3,6,5,5,-1.27820321974051,.538352118707369,.964833977758214,-.254288858046192
365,1,32,1,3,1,25,1,1,20,2,1,2,7,2,2,1,1,7,1,7,5,2,2,3,4,3,5,3,3,2,3,3,2,1,2,2,3,3,2,2,4,3,3,4,2,4,4,2,2,1,3,3,3,5,4,5,1.23035604039193,.538352118707369,-.604629292728481,.504442937912773
366,1,34,1,3,1,22,8,1,2,2,7,5,4,5,2,4,7,7,1,7,6,3,3,4,5,2,5,4,6,5,5,4,2,1,4,3,4,3,2,1,3,2,4,4,4,6,5,2,6,6,7,6,9,7,6,7,.394169620347785,-1.23675486730071,-.604629292728481,-1.01302065400516
368,1,32,1,1,1,26,1,1,35,5,6,5,5,5,5,6,5,6,5,5,6,3,2,2,2,2,2,2,2,2,1,2,6,2,2,2,2,2,1,2,2,2,6,3,6,5,6,2,2,2,3,9,1,7,8,7,.394169620347785,.538352118707369,-.604629292728481,.504442937912773
371,1,30,3,1,2, ,0,0,0,4,4,3,4,4,1,3,1,3,4,1,1,3,3,5,7,7,7,7,5,4,4,3,4,3,7,5,4,5,5,7,7,7,7,5,3,1,1,1,1,1,7,5,4,4,4,4,-.44201679969636,-.349201374296671,.180102342514866,-.254288858046192
373,1,45,1,8,1,17,7,1,7,1,7,1,7,1,1,4,7,7,1,7,7,2,3,3,3,3,4,1,1,3,3,4,1,1,1,4,6,6,2,1,4,2,7,4,1,1,1,2,3,1,1,1,1,1,1,1,.394169620347785,.538352118707369,-1.38936092797183,1.26317473387174
374,1,29,2,10,1,17,11,0,0,2,5,6,6,1,4,1,5,7,1,6,2,2,2,2,2,2,3,3,3,4,3,2,4,2,2,7,7,7,3,3,2,1,2,2,1,2,1,1,1,2,2,2,3,2,2,2,.394169620347785,-1.23675486730071,-.604629292728481,-.254288858046192
375,1,49,1,1,1,25,2,1,10,1,6,2,7,2,3,5,6,6,4,6,7,4,4,4,5,5,6,3,2,4,2,2,4,1,2,4,4,4,2,3,3,4,4,4,3,3,5,2,2,2,1,5,8,2,2,2,.394169620347785,.538352118707369,-.604629292728481,-.254288858046192
378,1,29,1,6,1,18,4,1,8,1,6,1,6,1,5,4,6,6,1,6,6,6,6,6,3,6,2,4,4,3,4,6,7,7,6,1,1,1,5,5,4,6,1,7,7,7,7,2,1,2,8,8,8,8,1,3,1.23035604039193,.538352118707369,.964833977758214,-1.01302065400516
380,1,31,1,2,1,17,1,1,18,1,7,1,6,1,1,1,6,7,1,6,5,2,2,2,6,2,2,3,4,2,2,1,1,1,3,6,7,5,1,1,3,4,5,3,2,3,2,2,2,1,6,2,8,4,1,5,1.23035604039193,.538352118707369,.964833977758214,1.26317473387174
381,1,31,1,12,1,14,10,1,5,1,7,1,7,1,2,1,7,6,1,6,7,3,3,3,3,3,5,5,5,5,5,2,7,3,6,7,7,7,2,2,3,5,2,2,2,5,2,2,1,1,9,9,9,8,2,3,1.23035604039193,.538352118707369,.964833977758214,.504442937912773
382,1,43,1,12,1,19,10,1,2,6,3,4,3,5,3,3,5,5,2,4,4,5,4,6,5,6,4,5,6,6,6,4,6,6,4,2,4,4,5,6,6,5,4,3,2,3,3,2,3,5,7,5,6,7,7,5,.394169620347785,1.42590561171141,.964833977758214,1.26317473387174
385,1,27,1,2,1,20,2,1,1,1,5,1,7,1,1,1,6,7,1,6,6,2,2,2,2,2,2,2,2,2,2,6,2,2,2,6,7,7,1,2,2,2,2,2,1,3,2,2,1,1,1,1,1,1,1,1,.394169620347785,.538352118707369,-.604629292728481,-.254288858046192
387,1,57,1,22,1,17,17,1,6,4,6,4,6,3,3,4,6,6,4,6,6,3,4,4,5,4,5,4,4,4,4,5,4,4,4,5,6,6,2,2,4,3,3,2,3,4,3,2,4,4,4,2,4,2,3,3,.394169620347785,-.349201374296671,-1.38936092797183,-.254288858046192
388,1,21,1,1,1,21,1,1,4,1,6,4,7,5,7,5,7,7,6,7,1,3,4,7,7,4,7,3,1,4,4,6,1,2,2,7,7,7,1,1,4,4,7,7,1,1,4,2,1,1,5,5,2,8,5,8,.394169620347785,1.42590561171141,2.53429724824491,1.26317473387174
389,1,29,1,4,1,24,3,1,5,1,7,1,7,1,1,1,7,7,1,7,7,4,4,4,4,4,4,5,5,5,5,5,7,4,7,7,7,7,4,4,4,5,7,3,1,1,4,2,2,2,7,1,1,1,1,1,1.23035604039193,.538352118707369,.964833977758214,.504442937912773
390,1,38,2,5,1,16,5,1,10,5,5,6,5,2,3,4,2,6,3,3,1,6,4,6,7,5,7,5,6,7,6,6,3,4,2,7,7,7,2,1,7,5,7,7,1,7,1,2,2,1,7,5,9,2,3,3,.394169620347785,.538352118707369,.964833977758214,-1.01302065400516
391,1,32,2,0,2, ,0,0,0,1,2,1,7,1,1,2,6,6,5,6,6,4,4,6,4,4,4,6,6,6,6,6,2,1,3,7,7,7,4,1,4,4,4,4,1,5,5,1,1,1,1,8,1,7,2,2,-.44201679969636,-2.12430836030475,.180102342514866,-1.77175244996412
392,1,30,1,5,1,17,5,1,15,2,4,1,5,2,5,4,3,4,2,4,4,3,2,6,5,2,6,5,5,5,4,5,1,2,2,4,3,4,3,2,5,4,3,4,2,3,4,2,4,5,4,5,6,7,7,6,1.23035604039193,1.42590561171141,.964833977758214,.504442937912773
393,1,40,1,8,1,21,5,1,10,1,6,1,6,2,2,1,6,5,1,5,5,2,2,2,6,3,5,5,4,4,2,2,1,1,2,3,5,5,2,2,3,2,4,3,3,3,4,2,5,6,1,1,1,2,1,1,.394169620347785,.538352118707369,-.604629292728481,.504442937912773
394,1,62,1,12,1,14,7,1,2,3,1,2,5,1,1,1,1,7,1,7,4,2,3,3,6,3,6,2,2,2,3,2,4,1,2,6,4, ,3,4, ,4,4,3,1,2,1,2,1,2,8,3,3,4,2,2,.394169620347785,.538352118707369,-1.38936092797183,-.254288858046192
395,1,33,1,3,1,8,3,2,1,3,2,2,7,2,6,6, ,6,5,7,2,1,2,2,4,3,4,3,2,2,2,3,2,1,1,2,3,2,2,2,2,2,4,3,2,5,2,3,2,2,3,2,4,2,2,7,.394169620347785,1.42590561171141,-.604629292728481,.504442937912773
396,1,42,1,5,1,15,20,1,12,4,4,4,5,4,5,4,4,6,4,5,5,3,3,4,4,3,4,4,4,4,3,5,2,2,2,6,6,6,2,2,4,3,4,3,2,2,2,2,6,6,7,5,8,4,2,2,1.23035604039193,.538352118707369,.964833977758214,-.254288858046192
397,1,25,1,2,1,19,1,1,3,6,5,6,5,6,6,4,4,4,5,4,5,2,2,3,5,3,4,4,6,6,4,6,3,2,2,4,2,3,2,2,4,3,4,3,5,5,5,2,1,1,6,7,7,9,9,9,1.23035604039193,2.31345910471545,2.53429724824491,2.0219065298307
398,1,36,1,2,1,24,1,1,4,1,1,1,4,1,1,1,1,6,1,5,3,4,5,2,1,4,1,2,3,1,1,2,7,7,7,1,1,1,5,5,3,4,2,2,7,2,7,2,1,1,7,8,8,7,6,7,.394169620347785,.538352118707369,1.74956561300156,.504442937912773
399,1,35,2,12,1,17,18,2,0,1,5,6,5,4,6,3,5,6,3,5,3,3,3,3,3,3,6,2,3,3,3,2,1,1,3,6,6,6,3,3,3,2,6,3,2,5,3,3,5,7,9,9,9,9,9,9,1.23035604039193,1.42590561171141,1.74956561300156,2.0219065298307
400,1,33,1,26,1,17,26,1,20,5,5,5,7,7,6,7,5,7,5,7,5,1,1,1,1,1,1,1,1,1,3,3,1,1,1,1,1,1,1,1,1,1,1,1,1,1,1,2,6,4,5,1,3,5,5,4,1.23035604039193,.538352118707369,.180102342514866,-.254288858046192
