Participant_ID,Participant_Sex,Participant_Age,Participant_Ethnicity_1,Participant_Ethnicity_2,Participant_Ethnicity_3,Multiple_Ethinic,Participant_LTR,Partner_Number,Had_Sex,Age_Sex,Participant_Primarily_Attracted,Participant_Lifetime_Sex_Partners,Past_Year_Sex_Partners,Past_Month_Sex,MEQ1,MEQ2,MEQ3,MEQ4,MEQ5,MEQ6,MEQ7,MEQ8,MEQ9,MEQ10,MEQ11,MEQ12,MRSF1,MRSF2,MRSF3,MRSF4,MRSF5,MRSF6,MRSF7,MRSF8,MRSF9,MRSF10,MRSF11,MRSF12,MRSF13,MRSF14,MRSF15,MRSF16,MRSF17,MRSF18,MRSF19,MRSF20,MRSF21,MRSF22,MRSF23,MRSF24,MRSF25,MRSF26,MRSF27,MRSF28,MRSF29,MRSF30,MRSF31,MRSF32,MRSF33,MRSF34,MRSF35,MRSF36,MRSF37,MRSF38,ICS1,ICS2,ICS3,ICS4,ICS5,ICS6,ICS7,ICS8,ICS9,ICS10,ICS11,ICS12,SOIR1,SOIR2,SOIR3,SOIR4,SOIR5,SOIR6,SOIR7,SOIR8,SOIR9
38,1,28,1, , ,0,1,3,1,17,2,4,1,0,3,2,4,5,4,1,3,2,5,3,5,6,2,1,2,3,3,2,3,3,4,3,2,4,3,2,4,2,3,3,2,4,2,3,3,3,2,2,2,1,2,3,3,1,4,3,1,3,2,2,3,6,5,2,4,5,3,3,6,3,5,2,5,4,7,4,3,7,6,7,8
40,1,31,3, , ,0,1,1,1,27,2,1,1,0,5,4,4,5,5,3,2,1,1,2,1,2,2,2,2,2,1,2,2,2,1,2,2,2,2,1,2,3,2,2,2,2,2,2,2,2,1,1,1,2,2,4,3,3,4,2,3,3,3,3,5,6,5,5,6,5,5,5,5,4,5,5,6,6,7,7,4,5,2,3,4
44,1,29,3, , ,0,1,5,1,18,2,4,2,5,7,5,3,6,3,5,4,6,4,6,4,6,3,2,3,3,2,4,3,3,2,3,3,2,3,2,3,3,2,2,3,3,2,3,3,2,3,2,3,2,2,2,3,3,2,4,2,2,2,3,3,5,4,4,3,5,6,4,3,5,5,3,5,3,4,4,5,6,5,7,5
49,1,36,8, , ,0,1,30,1,18,2,5,5,3,7,6,1,1,1,5,3,6,6,7,6,7,4,3,1,2,2,3,2,2,2,2,3,2,2,4,2,2,2,1,1,1,2,2,2,4,3,4,1,4,4,4,3,3,3,2,4,3,2,4,5,5,2,2,2,2,1,1,2,1,1,1,2,2,3,6,6,7,4,3,4
50,1,23,2, , ,0,1,3,1,17,2,2,1,14,5,5,5,3,5,5,5,5,4,4,5,5,2,3,2,2,3,2,3,2,3,2,1,2,3,3,3,2,3,3,2,3,2,3,3,2,4,2,3,2,3,3,2,3,2,3,2,3,2,3,4,5,4,3,5,5,3,5,4,6,5,5,4,6,7,6,5,5,6,7,6
51,1,27,3, , ,0,1,0,2, ,2,1,1,0,4,3,2,3,2,3,3,3,2,3,3,2,2,2,3,2,3,3,2,3,3,3,2,4,3,2,3,3,3,3,3,3,2,3,3,4,3,3,3,3,2,2,2,3,3,3,2,2,2,2,4,6,4,5,3,6,4,6,4,6,4,3,6,8,6,5,4,4,3,2,2
67,1,37,3, , ,0,1,2,1,21,2,2,2,10,6,6,7,5,6,7,6,6,7,3,6,7,4,2,1,3,4,3,3,2,3,4,3,4,4,4,3,4,4,4,2,2,3,3,4,1,4,4,1,4,3,3,4,4,2,3,1,2,3,1,3,5,6,6,2,4,6,7,7,6,5,2,5,7,7,3,8,4, ,5,6
72,1,29,2, , ,0,1,2,1,28,2,1,1,1,6,7,5,6,7,5,6,7,5,6,5,6,2,3,2,3,2,3,2,1,2,3,2,3,2,3,2,3,2,3,2,3,2,1,2,3,2,3,4,3,4,3,4,3,4,3,2,3,4,3,3,4,3,2,3,4,4,3,4,3,2,3,7,8,7,8,7,2,8,9,7
92,1,34,1,6, ,1,1,5,1,16,2,20,0,0,4,7,1,7,1,1,1,7,7,1,7,4,3,1,2,1,2,4,1,3,1,1,3,3,2,4,4,1,1,1,1,2,1,2,1,1,3,1,2,3,4,3,4,3,4,4,2,1,1,1,1,3,1,5,1,1,1,1,6,4,4,1,3,6,8,9,9,9,7,5,7
102,1,49,1, , ,0,1,6,1,21,2,4,4,100,6,5,4,5,4,5,4,5,4,5,4,5,3,3,2,3,3,3,3,2,3,3,3,2,3,3,2,3,3,2,3,3,3,2,3,3,2,3,2,3,2,3,3,3,2,3,2,3,3,2,5,4,4,5,5,4,6,5,4,5,4,5,2,2,2,5,4,6,4,4,4
106,1,29,1, , ,0,1,5,1,15,2,5,1,30,6,6,6,7,5,3,3,4,5,5,5,4,3,4,3,3,4,3,2,3,3,3,2,3,3,2,3,2,3,2,2,3,3,3,2,3,3,4,3,4,3,2,3,2,2,3,3,2,3,3,1,6,1,6,1,1,5,6,4,3,4,5,6,2,2,1,3,3,5,6,7
310,1,26,1, , ,0,1,1,2, ,2,1,1,3,7,2,5,7,2,4,5,7,2,4,3,6,3,2,4,4,1,2,3,4,2,3,3,2,1,3,2,3,4,1,3,2,3,4,1,2,4,3,1,3,2,3,4,3,1,3,2,4,1,4,5,7,5,2,4,6,5,1,4,3,7,5,5,3,4,8,1,7,5,7,3
311,1,29,7, , ,0,1,1,1,20,2,1,1,6,5,4,4,5,4,6,5,4,4,3,4,4,4,3,3,3,4,3,3,3,2,3,3,3,2,3,3,4,3,3,4,3,3,2,3,3,4,3,3,4,4,4,3,3,3,4,4,3,4,4,4,6,5,6,6,5,6,5,4,5,6,6,4,7,6,7,7,4,7,8,6
313,1,33,1, , ,0,1,5,1,20,2,16,1,2,1,4,4,5,4,4,2,4,5,5,5,6,2,2,3,3,2,3,2,2,3,2,3,2,3,3,2,3,3,2,3,3,3,2,3,2,3,2,2,3,2,3,2,3,3,2,2,3,3,3,2,5,3,4,2,5,4,3,5,3,5,4,6,5,4,6,5,5,5,5,7
319,1,35,1, , ,0,3,2,1,22,2,1,0,0,2,1,2,6,2,7,7,4,1,6,2,1,1,4,2,1,4,2,1,3,2,1,2,4,1,2,3,2,2,1,4,3,2,1,1,2,1,4,3,2,3,4,4,2,1,1,2,4,1,4,3,7,4,2,6,2,2,1,1,2,6,1,7,1,2,3,5,6,3,6,1
325,1,25,3, , ,0,1,3,1,20,2,2,3,2,6,6,7,5,4,7,5,4,6,7,4,6,3,2,4,3,2,1,3,4,3,2,3,2,4,3,2,3,4,2,3,4,3,2,4,3,2,4,3,3,2,3,2,3,4,3,2,4,4,3,6,3,5,7,4,5,6,4,5,7,5,4,7,5,8,6,8,3,8,5,8
327,1,28,3, , ,0,1,3,1,18,2,2,2,2,5,4,5,3,4,5,6,3,3,3,4,4,4,3,2,4,3,2,3,2,3,3,3,4,2,2,3,3,3,3,3,3,3,1,3,4,2,4,1,3,3,4,2,1,4,2,3,2,4,3,5,4,6,4,5,4,6,4,4,6,5,4,7,6,7,6,8,5,6,6,5
344,1,30,3, , ,0,1,2,1,18,2,3,1,1,5,3,5,5,3,3,4,5,4,3,3,5,3,2,3,3,2,3,3,2,3,2,2,3,3,2,3,3,2,2,3,3,3,2,2,3,3,2,3,2,1,2,3,3,2,2,2,3,2,3,5,4,3,4,5,4,5,4,3,4,5,4,6,5,4,4,5,4,7,5,4
356,1,37,2, , ,0,1,3,1,21,2,4,4,1,5,6,5,4,6,5,4,5,6,5,6,4,3,3,4,3,2,3,4,3,2,3,3,4,3,3,2,3,3,3,4,3,3,2,3,4,3,2,2,2,3,3,2,2,3,4,3,3,2,3,5,6,5,4,5,6,6,5,4,5,6,5,2,2,3,1,4,7,7,4,5
367,1,28,2, , ,0,1,2,1,21,2,3,1,35,3,6,5,5,5,6,6,5,4,4,3,4,3,4,4,3,3,3,3,2,2,2,3,3,3,4,3,4,4,4,3,3,3,3,3,3,4,3,4,4,4,2,2,2,3,1,4,4,4,4,2,3,3,3,5,5,5,5,5,3,4,4,7,7,8,3,3,6,5,6,7
376,1,28,2, , ,0,1,3,1,22,2,2,1,1,5,5,5,5,3,4,5,5,3,5,3,6,3,2,4,3,3,2,3,3,2,3,3,2,3,3,1,2,3,2,3,3,3,2,2,3,3,2,3,3,2,3,2,4,3,3,2,3,2,2,5,4,3,4,6,6,5,4,4,4,5,5,6,4,4,6,4,5,6,4,6
379,1,27,6, , ,0,1,3,1,16,2,7,6,8,1,1,4,7,4,2,4,4,4,4,2,2,1,1,1,1,1,1,1,1,3,1,3,3,2,3,4,4,1,3,1,1,1,1,1,4,1,1,1,3,4,4,3,1,3,4,3,1,3,1,1,1,1,4,1,1,1,1,1,1,1,1,2,1,3,9,9,9,4,3,5
384,1,29,6, , ,0,1,1,1,18,2,1,1,1,6,5,4,7,6,4,6,5,3,5,5,3,3,2,2,4,3,3,4,3,3,1,4,4,2,3,3,3,2,4,3,3,4,2,3,3,2,4,4,4,2,2,2,4,3,3,2,4,3,3,6,7,4,5,5,3,7,6,4,5,5,3,4,2,3,8,6,4,6,8, 
28,1,33,3, , ,0,1,2,1,18,2,2,1,1,6,7,5,6,5,6,5,7,6,4,6,7,4,3,4,2,3,2,3,2,4,3,3,2,4,3,2,4,3,3,3,2,4,2,4,3,2,4,2,3,3,4,2,3,4,4,3,3,2,3,6,5,7,6,6,4,7,5,6,7,5,6,3,2,2,9,7,2,6,8,7
30,1,35,3, , ,0,2,4,1,14,2,1,1,0,1,4,1,6,1,1,1,4,4,1,1,4,1,1,1,1,1,1,1,1,1,1,1,2,1,1,1,1,1,1,1,1,1,1,1,1,1,1,1,1,1,2,2,1,1,1,1,1,1,1,1,2,1,7,2,2,1,1,1,4,2,1,1,4,1,9,9,9,9,7,9
33,1,27,3, , ,0,1,1,1,22,2,1,1,3,5,5,5,4,5,5,5,3,6,5,5,4,3,3,2,2,3,2,4,3,3,2,3,2,2,3,3,2,3,3,1,3,3,2,3,3,1,3,2,3,2,2,2,3,4,3,3,2,3,2,3,5,4,5,5,4,4,5,5,3,4,4,3,3,2,1,2,6,1,2,1
35,1,42,3, , ,0,1,1,1,30,2,1,1,0,4,1,4,4,4,5,1,1,7,1,7,1,3,4,2,1,1,2,2,3,2,1,3,3,2,3,3,3,1,3,3,1,1,3,1,1,3,3,3,4,3,3,4,3,3,3,4,3,4,1,1,4,1,4,1,4,3,1,2,4,4,1,1,1,1,1,1,3,4,2,2
110,1,29,3, , ,0,1,1,1,28,2,1,1,3,6,4,3,6,7,6,4,7,6,4,7,5,3,2,2,3,1,2,2,3,2,3,3,2,3,1,1,2,3,2,2,3,3,2,2,4,3,2,1,2,3,3,1,4,3,2,3,2,2,4,6,5,7,5,3,6,6,2,5,4,7,2,1,1,1,5,3,8,4,2,4
115,1,36,1, , ,0,1,5,1,17,2,5,1,1,7,6,7,6,6,5,7,4,7,5,7,4,1,1,1,2,1,1,1,1,1,1,4,4,3,2,3,1,4,3,1,1,1,1,1,1,1,1,1,1,1,1,1,1,1,1,1,1,1,1,6,7,7,5,7,5,7,5,7,5,7,4,1,5,5,4,5,8,2,2,4
306,1,38,3, , ,0,1,10,1,27,2,1,1,4,6,6,6,5,5,6,4,5,4,5,5,6,3,2,3,3,2,2,3,4,4,2,4,4,3,3,4,3,4,4,3,3,3,4,4,3,4,3,3,2,3,3,4,2,3,4,3,2,3,3,5,6,5,5,6,5,3,4,6,5,5,6,1,1,1,1,1,8,2,2,2
315,1,29,3, , ,0,1,10,1,26,2,1,1,4,1,3,5,3,5,3,7,5,3,5,4,6,1,3,2,4,2,4,3,2,3,4,2,4,3,1,3,4,3,3,2,4,1,3,2,4,2,3,1,4,2,2,3,2,4,2,3,3,4,2,2,5,4,7,5,6,2,6,3,5,6,4,3,7,5,6,8,6,4,8,6
317,1,29,3, , ,0,1,5,1,14,2,12,5,4,5,5,4,5,3,4,5,5,6,3,5,5,3,3,2,3,4,3,2,3,2,2,3,4,3,2,3,3,2,3,4,3,3,3,4,3,2,3,3,3,3,3,3,4,3,2,3,3,2,2,5,5,4,5,6,4,4,5,4,5,3,5,7,6,4,6,7,4,6,7,3
330,1,25,2, , ,0,1,5,1,18,2,5,2,2,4,5,6,5,5,4,5,5,4,5,4,5,3,3,2,3,2,3,2,3,2,3,2,3,2,3,2,3,2,3,2,3,2,3,2,3,2,3,2,3,2,3,2,3,2,3,2,3,2,3,4,5,6,5,6,5,4,5,4,5,6,5,5,6,6,6,7,4,6,7,6
332,1,34,1, , ,0,1,5,1,18,2,11,2,2,3,5,3,6,3,3,3,4,5,3,4,3,1,1,1,1,1,1,1,1,2,1,3,4,1,1,3,1,1,1,1,1,1,1,1,1,1,1,1,3,2,3,2,1,1,3,1,1,1,1,1,1,1,1,1,1,1,1,1,1,4,3,2,1,2,7,8,8,9,7,9
333,1,29,3, , ,0,1,2,2, ,2,3,1,2,5,4,5,4,3,4,5,4,3,4,5,4,3,2,3,3,2,3,3,2,3,2,2,3,2,2,3,3,2,2,3,2,3,2,3,2,3,2,3,3,2,3,2,3,3,2,2,3,3,2,3,4,5,4,3,3,3,4,5,6,5,4,3,2,4,5,4,5,4,5,4
348,1,47,2, , ,0,1,1,1,27,2,1,1,1,5,4,3,4,3,2,2,2,5,2,6,2,1,1,1,2,1,4,4,2,3,2,3,4,3,3,2,2,1,2,1,1,1,1,1,1,2,1,1,1,1,3,3,2,1,2,2,2,1,1,3,4,1,5,1,1,2,1,5,6,1,2,1,1,1,1,1,1,1,1,1
351,1,30,3, , ,0,1,1,1,16,2,2,2,2,5,4,4,5,5,3,5,6,6,5,5,5,3,3,4,4,3,3,3,3,4,4,3,4,3,3,3,4,3,3,3,3,4,4,4,3,2,3,4,3,4,3,3,3,4,4,3,4,4,3,3,3,4,2,4,5,4,2,3,3,4,2,4,4,2,2,4,6,4,6,8
352,1,33,3, , ,0,1,4,1,16,2,2,1,10,6,7,5,4,6,7,4,7,4,6,7,5,4,3,4,2,3,3,4,2,3,3,4,3,4,2,3,4,3,4,3,2,4,3,4,2,4,3,4,4,3,4,2,3,4,4,3,3,2,4,5,4,7,6,5,6,7,4,6,5,4,6,3,7,5,9,7,4,4,5,8
370,1,56,1, , ,0,1,20,1,18,2,30,1,10,5,2,5,5,2,2,3,2,6,2,6,2,3,2,1,1,1,1,1,1,1,1,1,3,1,1,1,1,1,1,1,1,1,1,1,1,1,2,1,1,1,3,2,1,1,1,1,1,1,1,2,2,2,2,2,2,2,2,1,2,2,2,1,1,1,1,1,9,7,7,7
372,1,28,3, , ,0,1,2,2, ,2,0,0,0,5,3,5,3,4,2,3,4,3,4,3,4,2,3,2,1,2,2,3,2,2,1,2,2,3,2,1,2,2,1,2,2,2,1,2,3,2,3,1,2,2,2,3,3,3,4,2,2,3,2,4,3,4,4,3,3,4,3,4,3,4,3,2,4,2,4,3,5,3,4,3
377,1,28,3, , ,0,1,2,1,19,2,2,1,0,1,5,1,4,1,1,1,5,7,1,4,5,2,1,1,2,1,2,3,1,4,1,2,4,4,2,1,3,1,1,1,1,1,1,1,1,2,2,1,4,1,3,4,4,1,1,3,1,1,1,1,4,1,5,4,4,4,2,4,5,1,1,1,1,1,9,2,4,1,1,1
21,1,30,2, , ,0,1,5,1,14,2,25,1,7,4,4,4,6,4,4,4,4,5,4,6,5,3,1,2,2,2,2,2,2,3,3,3,3,3,3,3,3,3,1,1,1,2,3,1,1,1,1,1,4,4,4,4,2,1,3,3,1,1,1,1,1,1,1,1,1,1,1,1,1,1,1,2,7,7,5,5,5,5,6,4
22,1,30,3, , ,0,1,1,2, ,2,1,1,12,7,5,2,7,2,2,2,6,5,3,6,6,2,1,2,3,3,3,4,2,4,2,3,3,4,4,4,3,2,2,1,2,1,3,4,1,3,4,2,3,4,3,4,3,2,4,4,1,3,1,2,2,4,5,2,2,3,2,6,6,6,2,2,2,2,1,2,2,1,1,1
23,1,30,1, , ,0,2,1,1,28,2,1,0,0,1,2,1,5,1,1,1,2,6,1,5,6,1,1,1,1,1,1,1,1,1,1,1,1,1,1,1,1,1,1,1,1,1,1,1,1,1,1,1,1,1,1,1,1,1,1,1,1,1,1,2,2,3,5,2,5,5,3,6,6,2,1,1,2,1,8,1,4,7,5,4
24,1,30,3, , ,0,1,1,2, ,2,0,0,0,1,1,1,1,1,6,6,6,6,6,7,5,2,2,2,2,2,2,2,2,3,1,2,2,2,1,2,2,2,2,2,1,2,2,2,2,1,2,2,2,1,1,2,1,1,1,2,2,2,1,4,5,3,4,5,5,5,4,5,3,5,5,1,1,2,3,8,3,2,3,2
25,1,25,3, , ,0,1,2,1,25,2,2,2,3,6,6,6,7,6,7,6,5,6,5,6,6,4,4,3,4,2,4,3,3,4,4,3,3,4,3,4,4,3,4,4,3,3,4,3,3,3,4,3,4,4,3,3, ,2,4,2,3,3,3,6,6,6,7,2,3,6,6,5,6,7,6,3,2,1,2,3,2,2,2,3
26,1,29,3, , ,0,1,3,1,19,2,3,2,6,6,6,6,6,2,7,4,7,7,1,7,6,4,1,4,1,1,2,4,1,4,4,4,4,4,4,4,4,1,1,1,1,1,2,1,1,3,4,3,4,4,4,4,4,1,1,2,1,3,2,1,1,1,1,1,1,1,1,1,7,1,1,3,2,2,1,5,3,4,3,2
27,1,24,2, , ,0,1,6,1,18,2,8,3,12,5,6,2,7,2,6,5,6,7,5,6,5,2,1,2,1,1,2,3,1,3,2,3,4,2,3,3,3,1,4,1,1,2,1,1,1,2,1,2,4,4,3,4,2,1,3,3,1,3,2,2,3,2,5,3,2,2,2,6,7,3,2,4,3,5,8,8,8,7,6,6
29,1,35,1,2, ,1,1,3,1,15,2,3,1,6,1,1,1,7,1,7,1,1,7,1,7,1,1,1,1,1,1,1,4,1,4,4,4,4,4,4,4,1,1,1,1,1,1,1,1,4,1,1,1,4,4,4,4,4,4,4,1,1,1,1,1,1,1,7,1,1,1,1,1,1,1,1,2,1,1,9,9,9,2,2,1
31,1,22,1, , ,0,1,3,2, ,2,1,3,3,3,3,3,6,3,2,5,4,2,6, ,5,2,3,2,1,2,3,2,3,3,2,2,3,4,3,2,3,2,3,2,3,2,2,4,3,2,1,2,3,2,2,3,3,2,4,3,2,3,4,4,4,5,5,3,2,3,5,5,3,4,6,4,6,5,4,6,2,4,9,5
32,1,34,1, , ,0,2,55,1,11,2,160,4,25,7,7,2,4,6,7,7,7,4,3,4,4,1,1,1,2,1,1,1,1,2,1,2,2,1,1,2,1,2,1,1,1,1,1,2,1,1,1,1,2,2,2,2,1,1,2,1,1,1,1,1,1,1,4,1,1,1,1,4,7,7,1,5,9,9,9,9,9,8,8,8
34,1,32,4, , ,0,1,5,1,27,2,1,1,8,1,2,2,6,2,2,2,3,5,2,7,2,3,2,3,1,4,1,4,1,3,3,3,4,3,2,4,1,1,3,1,3,2,1,1,1,3,2,1,2,4,3,4,3,1,2,1,1,1,1,5,5,3,6,2,7,2,1,5,3,4,1,2,2,1,1,1,1,2,2,1
36,1,49,1, , ,0,1,10,1,16,2,20,1,2,6,5,5,5,5,6,5,5,5,4,6,6,3,2,1,2,3,2,3,1,2,3,2,3,3,2,3,2,3,1,1,2,2,2,3,2,1,2,1,4,4,3,3,2,2,2,2,3,1,1,3,3,2,5,3,3,3,3,4,3,4,3,2,8,6,5,4,7,7,7,7
37,1,34,1, , ,0,1,10,1,17,2,15,1,8,7,7,4,7,4,7,6,7,7,4,5,6,1,1,1,1,1,1,1,2,2,1,3,4,2,1,3,1,1,1,1,1,1,1,1,1,1,2,3,4,4,3,3,2,2,3,2,1,1,1,1,5,4,7,3,4,4,2,7,7,7,4,2,8,5,9,9,9,8,6,7
39,1,26,3, , ,0,1,3,2, ,2,2,1,0,4,5,4,6,5,6,4,6,6,5,6,6,2,1,2,1,1,3,3,1,3,3,3,3,3,3,3,2,1,2,1,1,1,2,2,1,3,3,1,4,4,3,3,3,1,4,3,1,3,2,2,4,2,6,2,4,2,3,4,5,2,2,2,3,2,6,8,6,7,6,5
41,1,33,3, , ,0,1,3,1,21,2,3,1,25,2,5,6,7,2,2,7,6,6,2,1,6,1,4,4,4,3,4,4,4,3,4,4,4,4,3,2,4,1,1,2,1,3,2,1,1,3,4,1,3,4,4,3,4,3,4,3,4,4,1,4,5,1,7,1,7,1,7,1,7,7,7,2,2,1,5,3,9,7,6,1
42,1,32,1, , ,0,2,5,1,18,2,23,19,3,6,7,4,7,5,5,6,7,6,4,6,4,1,1,1,1,1,1,1,1,1,1,3,3,1,1,1,1,3,1,1,1,1,1,1,1,1,1,1,3,1,4,3,1,1,1,1,1,1,1,1,1,1,4,1,1,1,1,4,4,4,1,8,7,8,9,9,9,8,8,8
43,1,29,3, , ,0,1,1,1,25,2,1,1,2,7,1,1,4,1,1,1,5,7,1,7,7,1,1,2,1,1,1,4,1,3,3,2,4,3,4,4,1,1,1,1,2,1,1,1,4,4,4,1,3,2,2,4,2,1,4,2,1,1,1,1,2,1,5,2,7,2,2,6,6,4,2,2,2,1,1,1,5,5,7,7
45,1,70,1, , ,0,2,23,1,18,2,12,0,0,3,3,2,6,4,5,5,2,6,3,5,2,2,1,2,1,2,3,1,1,3,1,4,4,3,3,4,3,1,1,1,1,2,1,1,2,1,2,2,4,3,4,3,3,2,2,3,1,1,1,5,6,5,6,2,2,3,1,6,5,4,5,1,6,5,4,6,9,2,2,3
46,1,45,3, , ,0,1,1,1,24,2,1,1,8,1,1,1,1,1,1,1,1,6,1,6,2,1,1,1,1,1,1,1,1,1,1,2,3,3,3,2,2,1,1,1,1,1,1,1,1,3,2,1,3,3,3,3,2,1,1,2,1,1,1,1,2,2,1,1,1,1,1,1,1,1,1,2,1,1,1,1,1,1,1,1
47,1,32,1, , ,0,1,3,1,21,2,1,1,7,1,7,5,5,2,6,5,5,4,2,5,6,2,2,1,1,2,1,2,2,3,4,2,3,3,1,2,1,2,1,1,2,1,1,1,1,1,1,2,2,4,3,3,2,1,1,2,1,1,1,3,6,6,7,6,6,6,4,7,6,6,7,2,1,1,2,6,5,9,9,9
48,1,65,1, , ,0,2,5,1,17,2,200,3,2,5,4,1,5,2,6,4,3,4,4,4,5,2,1,1,1,2,1,1,2,3,1,3,4,3,2,4,3,2,2,1,2,1,1,1,1,1,2,1,3,3,4,4,3,2,3,3,1,2,1,1,2,4,3,1,1,2,1,2,2,2,3,4,9,9,9,9,9,3,2,8
52,1,32,1, , ,0,1,7,1,17,2,12,1,15,5,5,3,6,4,2,4,6,6,4,6,4,2,1,2,1,1,1,2,2,3,1,3,4,2,2,3,1,1,1,1,1,1,1,1,1,2,3,1,3,3,3,3,2,3,3,1,1,1,1,4,4,5,5,2,2,5,2,6,6,6,4,2,3,1,6,3,3,6,5,5
53,1,40,1, , ,0,1,15,1,18,2,23,1,9,3,1,1,7,1,2,2,1,5,1,5,3,1,1,1,1,1,1,1,2,4,3,3,4,2,1,4,2,3,1,1,1,1,1,1,1,4,4,1,4,4,4,4,2,3,4,3,1,1,1,2,3,4,5,2,2,2,2,2,3,4,3,2,3,7,9,9,9,7,5,5
54,1,51,1, , ,0,1,7,1,16,2,7,1,0,5,7,1,5,1,7,1,7,7,1,7,7,2,1,1,1,1,1,1,1,2,1,2,4,3,1,4,3,1,1,1,2,1,1,1,1,1,2,1,3,4,2,4,3,2,4,4,1,1,1,1,5,1,7,4,3,1,1,1,1,1,1,2,2,5,9,9,9,8,6,6
55,1,40,1, , ,0,2,7,1,25,2,4,0,0,4,7,1,6,1,2,2,7,7,1,7,4,1,1,1,1,1,1,1,2,3,2,3,4,2,2,3,2,2,1,1,1,1,1,1,1,1,2,1,3,3,3,4,2,2,2,1,1,1,1,1,3,1,5,1,4,3,1,5,5,1,1,1,1,1,9,1,1,7,6,3
56,1,34,1, , ,0,1,10,1,17,2,18,1,2,2,2,3,5,4,4,1,2,6,1,4,6,1,1,1,1,1,1,1,1,3,1,3,3,2,1,4,2,1,1,1,1,1,1,1,1,3,1,1,4,4,3,3,2,3,3,1,1,1,1,1,1, ,5, ,4,2,1,5,4, , ,2,6,6,3,2,6, , , 
57,1,22,6, , ,0,2,9,1,14,2,4,0,0,2,5,5,6,2,2,6,5,5,2,6,3,3,1,1,1,1,1,1,1,1,1,3,3,2,2,3,1,1,1,1,1,1,1,1,1,1,1,1,3,3,4,3,2,3,3,1,3,1,1,3,2,2,4,2,1,1,1,3,3,2,1,1,3,3,9,2,6,7,6,4
58,1,45,1, , ,0,1,20,1,12,2,25,1,12,2,6,1,6,1,5,1,7,7,1,7,5,3,1,2,1,3,2,3,2,3,3,2,4,3,2,2,2,2,2,1,3,1,2,1,3,3,1,1,3,4,3,4,3,3,2,2,1,2,1,4,5,2,5,2,2,2,2,6,6,6,5,2,6,6,7,3,3,6,5,7
59,1,54,1, , ,0,2,12,1,15,2,45,2,0,5,1,5,6,5,6,5,1,5,4,5,3,1,1,1,1,1,1,1,1,3,1,4,4,3,1,2,1,1,1,1,2,1,1,1,2,1,1,1,4,3,4,4,3,1,3,1,1,1,1,3,4,2,5,1,3,4,1,3,5,4,5,3,8,9,8,8,9,6,2,3
60,1,66,2,3, ,1,1,6,1,24,2,13,1,5,2,4,3,6,4,5,3,4,6,2,5,4,3,2,4,2,4,3,4,3,3,3,4,4,4,3,3,3,2,3,2,3,3,2,2,3,2,3,3,4,3,4,4,4,2,3,3,2,4,1,5,7,5,7,5,4,5,5,6,6,6,5,2,7,8,7,9,8,9,7,9
61,1,76,1, , ,0,2,45,1,18,2,25,0,0,5,1,6,4,5,5,5,1,4,5,4,1,1,1,1,1,2,1,1,1,2,1,1,3,2,1,1,1,2,1,1,2,1,1,1,1,1,2,1,2,1,1,1,1,1,1,2,2,1,1,1,2,2,2,3,6,6,6,2,1,1,1,1,8,8,8,8,8,6,5,6
62,1,59,1, , ,0,2,9,1,16,2,14,1,0,2,1,1,5,2,4,5,2,5,5,5,2,2,1,1,1,2,2,2,1,3,2,2,4,2,2,3,1,1,1,1,1,1,1,1,1,1,2,1,3,3,3,3,2,1,3,1,1,1,1,1,2,2,4,1,1,1,1,4,4,1,3,2,5,5,7,6,8,4,3,4
63,1,35,4, , ,0,1,10,1,15,2,12,1,8,1,5,1,5,1,6,2,5,5,2,5,2,1,1,1,1,1,1,1,1,1,1,1,4,3,2,4,1,1,1,1,1,1,1,1,1,2,2,1,3,4,3,3,2,1,3,1,1,1,1,1,1,1,4,1,1,1,1,4,4,1,1,2,3,5,8,8,8,4,2,2
64,1,46,1, , ,0,1,7,1,20,2,10,1,4,4,4,4,4,4,4,4,4,4,4,4,4,3,2,2,2,2,2,2,2,2,2,2,2,2,2,2,2,2,2,2,2,2,2,2,2,2,2,2,2,2,2,2,2,2,2,2,2,2,1,4,4,4,4,4,4,4,4,4,4,4,4,2,5,3,5,5,5,5,5,5
65,1,48,1, , ,0,1,3,1,20,2,3,1,0,1,7,1,7,1,5,3,7,4,1,4,5,4,1,2,1,1,1,4,3,2,4,3,3,4,3,4,4,1,1,1,4,1,3,1,4,1,1,1,4,4,3,3,4,1,4,1,3,1,1,1,1,1,4,1,1,5,1,1,1,1,1,2,1,1,8,1,1,7,2,4
66,1,36,1, , ,0,2,5,1,23,2,2,0,0,1,5,1,4,1,2,1,5,4,1,3,3,1,1,1,1,1,1,1,1,2,1,1,4,2,2,2,1,1,1,1,1,1,1,1,1,1,1,1,2,2,3,3,2,1,2,1,1,1,1,1,2,2,4,1,2,2,2,3,2,3,2,1,2,2,6,4,5,7,6,3
68,1,28,1, , ,0,1,6,1,18,2,4,1,1,7,5,2,4,2,6,2,6,7,2,7,7,2,1,1,1,1,1,1,1,3,1,3,4,1,2,2,1,1,1,1,1,1,1,1,1,1,1,1,3,3,4,4,1,2,3,1,1,1,1,1,7,2,7,4,1,4,1,7,7,7,5,2,2,2,8,6,8,9,9,9
69,1,53,1, , ,0,1,1,1,19,2,1,1,5,1,2,1,1,1,1,1,1,4,1,4,1,1,1,1,1,1,1,4,2,4,1,1,4,2,4,4,1,1,2,1,2,1,1,1,1,1,4,1,4,1,3,4,1,1,4,4,1,2,1,1,1,1,4,1,1,1,1,1,3,3,1,2,2,2,1,1,1,6,6,6
73,1,35,1, , ,0,1,6,1,16,2,12,1,2,2,7,1,6,7,5,2,7,5,1,6,7,2,2,2,1,1,1,2,1,3,1,3,4,3,4,4,4,2,1,1,2,1,1,2,2,2,4,1,4,4,4,2,2,4,4,4,1,1,1,1,4,4,6,1,1,2,1,2,4,3,1,2,2,3,1,2,5,5,3,2
74,1,69,1, , ,0,1,5,1,18,2,3,1,2,1,1,1,5,1,5,1,1,7,2,7,5,1,1,1,1,1,2,3,2,3,1,3,4,3,4,4,4,2,2,1,1,1,1,1,1,3,4,1,4,4,3,4,3,4,4,3,1,1,1,1,1,1,1,1,5,1,1,2,1,1,1,2,3,2,3,3,3,1,1,2
75,1,30,1, , ,0,1,20,1,16,2,20,1,15,1,1,1,5,1,1,1,1,6,1,7,1,3,1,2,1,1,1,3,1,1,1,4,4,3,1,1,1,1,1,1,1,1,1,1,1,1,2,1,4,3,4,4,3,1,1,1,1,1,1,2,2,1,3,1,1,1,1,3,1,1,1,2,4,7,6,1,4,5,3,6
76,1,30,1, , ,0,1,5,1,16,2,16,1,10,2,6,2,6,2,6,5,6,7,4,6,6,2,1,1,1,2,1,1,1,3,2,3,4,3,3,4,4,3,1,1,1,1,1,1,1,1,4,1,3,4,4,4,4,3,3,3,1,1,1,2,2,2,4,2,2,2,2,4,4,6,2,2,5,6,9,9,9,8,7,6
77,1,25,3, , ,0,1,4,1,19,2,2,1,2,6,6,5,6,5,4,6,3,4,5,5,2,3,2,3,2,3,4,3,2,3,4,3,4,3,3,4,3,3,4,3,2,3,2,2,3,4,3,3,4,3,3,4,3,3,2,4,2,1,1,3,4,6,4,3,6,5,4,5,3,2,2,2,2,2,7,6,5,7,6,7
78,1,34,2, , ,0,2,2,1,21,2,2,0,0,3,6,2,3,3,3,2,5,4,2,4,2,3,1,1,2,2,1,1,1,3,3,2,3,2,1,3,1,1,2,1,3,1,2,2,2,1,1,2,3,2,2,2,2,1,3,2,1,2,1,2,2,2,5,2,3,2,3,5,5,5,4,1,1,1,8,8,8,4,4,2
79,1,27,3, , ,0,1,4,1,18,2,10,2,15,6,7,1,7,1,6,7,7,7,4,7,7,2,1,1,1,1,1,1,1,3,1,1,3,1,1,3,1,1,1,1,1,1,1,1,1,1,1,1,4,4,3,3,2,1,4,3,1,1,1,1,1,1,3,1,1,1,1,5,3,1,1,3,1,6,7,8,9,4,4,3
80,1,63,1, , ,0,1,10,1,19,2,15,1,12,2,4,2,6,2,5,6,6,7,2,7,7,1,1,1,1,1,2,2,1,4,1,4,4,4,4,4,4,1,2,1,1,1,1,1,1,1,4,1,4,4,4,4,1,1,4,1,1, ,1,4,1,1,7,1,1,1,1,4,6,6,4,2,4,6,1,1,5,4,5,3
81,1,33,6, , ,0,1,3,1,17,2,3,1,4,4,3,2,2,4,4,2,1,4,5,5,3,1,2,4,3,3,2,1,3,2,2,2,3,2,1,2,4,2,3,1,3,1,4,2,2,4,3,1,3,2,4,1,3,2,2,4,3,2,1,4,4,4,2,4,5,3,2,3,6,6,2,2,1,1,8,6,7,4,5,7
82,1,38,3, , ,0,1,5,1,32,2,1,1,5,3,4,2,6,4,4,5,4,4,5,4,3,1,1,1,1,4,3,4,3,3,3,3,2,3,2,3,2,1,4,2,3,3,4,1,2,4,4,2,4,4,3,4,4,2,4,2,1,4,2,6,6,5,4,3,5,5,4,5,4,4,5,2,2,2,4,5,5,1,6,2
83,1,38,3, , ,0,1,5,1,21,2,5,1,1,3,5,3,5,3,5,5,5,5,5,5,5,3,2,2,2,2,2,3,2,3,3,3,3,3,1,3,3,1,2,1,1,1,2,1,1,2,1,1,3,3,3,3,3,1,3,2,1,2,1,3,3,3,4,2,3,2,3,4,5,4,3,2,3,3,6,6,6,2,2,2
84,1,36,1, , ,0,1,4,1,21,2,4,1,20,1,1,1,7,1,1,1,1,7,1,7,1,2,1,1,1,1,1,4,1,4,4,1,4,4,4,4,4,2,4,1,4,1,1,1,1,1,4,1,3,3,3,4,4,4,4,4,4,4,1,1,1,1,1,1,1,1,1,1,1,1,1,2,1,1,7,7,9,5,1,5
85,1,25,3, , ,0,1,1,2, ,2,1,1,1,5,5,5,6,6,6,5,5,5,6,6,5,3,2,3,3,3,3,4,3,2,3,4,3,3,3,2,3,3,3,4,3,3,3,3,4,3,3,3,3,4,3,3,3,3,3,3,4,3,3,6,7,2,2,2,4,5,5,6,6,5,7,2,2,2,1,2,5,6,8,8
86,1,51,1, , ,0,1,15,1,15,2,20,1,6,2,5,2,7,2,3,3,5,6,3,6,5,2,1,1,1,2,1,1,1,3,1,3,4,3,2,3,1,2,2,1,1,1,1,1,1,1,2,1,3,3,3,3,2,3,3,1,1,2,1,2,3,2,5,2,2,2,1,4,4,5,4,2,6,6,7,5,5,6,6,6
87,1,45,1, , ,0,1,16,1,17,2,16,1,0,1,3,1,5,1,4,1,2,7,1,6,1,1,1,1,1,1,2,2,1,3,2,2,4,3,3,2,2,1,1,1,2,1,1,1,2,3,2,3,4,3,4,4,3,4,4,3,1,2,1,2,2,1,1,1,6,6,1,7,6,3,1,2,6,8,8,7,8,6,2,2
88,1,27,1, , ,0,1,2,1,16,2,1,2,1,4,5,5,3,3,6,3,6,3,5,3,6,2,4,3,2,4,2,3,2,3,2,2,3,3,2,3,2,4,2,3,2,2,4,3,2,4,2,3,2,3,3,2,3,1,3,3,3,2,3,3,6,2,6,4,5,2,5,4,5,3,5,3,7,5,4,7,6,5,8,5
89,1,36,1,5, ,1,1,10,1,15,2,50,3,20,1,5,1,6,1,1,4,5,7,1,7,5,1,1,1,1,1,1,1,1,4,1,3,4,2,4,4,1,1,1,1,1,1,1,1,1,1,1,1,3,4,4,4,2,3,3,1,1,1,1,2,1,1,4,1,1,1,1,6,5,1,1,4,7,9,9,9,9,3,3,1
90,1,61,1, , ,0,1,1,1,23,2,1,1,0,4,6,1,3,1,4,1,4,5,1,4,3,1,1,1,1,1,2,1,1,1,1,1,2,1,2,1,1,1,1,1,1,1,1,1,1,2,1,1,1,1,2,1,2,2,1,1,1,1,1,2,2,1,1,1,1,2,1,3,2,1,2,2,1,1,3,1,1,2,2,2
91,1,26,1, , ,0,1,3,1,18,2,5,1,4,5,7,7,6,6,5,4,7,6,6,7,7,2,3,3,2,1,2,3,1,4,3,4,4,3,3,2,1,1,1,1,1,2,3,1,1,1,1,1,4,4,4,4,4,3,2,3,1,1,1,2,4,3,5,1,1,3,2,6,5,4,1,2,2,3,8,8,8,5,5,7
93,1,31,1, , ,0,1,1,1,21,2,1,1,6,1,2,1,6,1,1,1,1,7,1,7,4,2,1,1,1,1,1,1,1,3,1,3,4,3,3,4,4,1,1,1,1,1,1,1,1,1,3,1,4,4,3,3,3,3,4,3,1,1,1,1,1,1,1,1,1,1,1,1,1,1,1,2,2,2,1,1,1,1,1,1
94,1,32,2, , ,0,1,3,1,18,2,3,1,5,2,2,1,3,2,2,1,2,2,1,1,3,2,4,4,3,2,3,3,2,1,1,3,3,2,4,3,3,1,3,4,3,2,2,4,3,3,4,3,2,3,2,3,2,2,3,3,2,3,1,5,5,7,4,6,5,6,4,5,7,5,3,2,4,3,5,7,5,3,2,2
96,1,76,1, , ,0,2,4,1,14,2,20,0,0,2,2,2,6,2,3,3,2,4,2,4,1,3,1,1,1,1,1,1,1,1,1,1,4,3,2,3,1,1,1,1,1,1,1,1,1,1,3,1,4,4,4,4,3,1,3,1,1,1,1,1,1,1,4,1,1,1,1,1,1,1,1,1,6,6,9,1,1,1,1,1
97,1,67,1, , ,0,1,20,1,17,2,12,1,2,1,6,1,6,1,1,1,6,6,1,6,6,1,1,1,1,1,1,1,1,2,1,3,4,2,3,4,1,1,1,1,1,1,1,1,1,1,1,1,3,3,4,4,2,1,3,1,1,1,1,2,2,2,6,2,5,5,3,5,6,5,4,2,6,7,9,8,9,4,4,4
98,1,25,5, , ,0,1,3,2, ,2,0,0,0,1,5,1,4,1,1,1,2,5,1,6,5,1,1,1,1,1,1,1,1,3,1,3,4,3,3,2,1,1,2,1,1,1,1,1,1,1,1,1,3,1,4,2,2,2,2,2,1,2,1,2,1,4,1,5,3,1,1,4,6,5,4,1,1,1,2,6,1,5,6,4
99,1,32,1, , ,0,2,5,1,15,2,4,1,0,2,6,4,6,4,2,2,6,6,6,7,6,2,1,1,1,1,1,1,1,3,1,3,3,3,3,3,2,2,1,1,1,1,1,1,2,1,1,1,3,3,3,3,3,3,2,2,1,1,1,1,3,1,3,4,1,1,1,7,7,7,1,2,2,2,3,4,5,4,4,3
100,1,48,1, , ,0,1,11,1,15,2, ,1,12,1,7,1,7,1,7,4,7,6,1,7,4,1,1,1,1,1,1,1,1,1,1,1,4,3,3,4,1,1,1,1,1,1,1,1,1,1,1,1,4,4,3,3,3,2,4,1,3,1,1,1,1,1,7,1,1,1,1,4,2,1,1,2,9,9,5,9,9,7,2,7
101,1,33,6, , ,0,1,8,1,14,2,26,1,20,1,1,1,7,1,1,3,1,5,3,6,3,1,1,1,1,1,1,1,1,4,1,4,4,1,1,4,1,1,1,1,1,1,1,1,1,1,4,1,4,4,4,4,1,1,4,1,1,1,1,1,1,1,7,1,1,1,1,7,7,4,1,2,9,8,4,1,2,1,1,1
103,1,33,1, , ,0,1,15,1,15,2,9,1,25,1,2,1,5,1,2,1,4,6,1,5,5,3,1,1,1,1,1,1,1,1,1,1,4,1,1,1,1,1,1,1,1,1,1,1,1,1,1,1,1,4,3,3,2,3,1,1,1,1,1,2,2,2,2,2,2,2,2,3,3,3,2,2,2,4,8,8,6,7,6,3
104,1,27,1, , ,0,1,3,1,19,2,2,1,3,1,4,5,6,1,2,4,4,6,1,6,2,3,2,2,1,1,2,3,3,2,1,2,4,2,3,3,1,1,1,1,1,1,1,1,1,1,1,2,3,3,3,3,3,1,2,1,1,1,1,1,1,1,1,1,1,1,1,4,5,2,4,2,2,1,3,1,2,2,2,1
107,1,36,1, , ,0,1,7,1,16,2,4,1,7,1,1,1,1,1,1,1,1,1,1,1,1,1,1,1,1,2,1,1,1,2,1,2,1,1,1,2,1,1,1,1,1,1,1,1,1,1,1,3,3,1,1,1,1,1,1,1,1,2,1,1,1,1,1,1,1,1,1,1,1,1,1,2,1,2,7,2,3,2,3,2
108,1,28,3, , ,0,1,5,2, ,2,0,0,0,6,6,2,5,2,2,2,2,2,2,3,5,4,2,3,2,2,3,3,2,3,1,3,3,3,4,3,2,2,2,3,2,2,3,2,2,3,4,2,4,3,4,3,3,2,3,3,1,3,3,5,3,3,3,3,3,5,5,5,5,2,5,1,1,1,1,1,8,3,2,2
109,1,25,1, , ,0,1,4,1,19,2,2,1,5,1,2,1,5,1,1,1,2,7,1,7,3,2,1,1,1,1,2,1,1,3,1,1,4,3,3,4,1,1,1,1,1,1,1,1,2,2,1,1,2,4,2,4,2,3,4,2,1,1,1,1,1,3,1,1,1,3,1,5,1,1,1,2,1,1,3,1,1,1,1,1
111,1,25,3, , ,0,1,2,1,19,2,2,2,3,6,5,4,5,5,6,4,5,5,5,6,5,3,2,3,1,2,2,3,2,3,2,3,3,3,3,3,1,1,3,2,3,1,2,2,2,2,2,2,4,3,3,3,3,2,3,3,1,2,1,4,4,5,6,5,5,5,4,5,6,3,4,3,2,2,5,8,7,6,6,6
112,1,49,1, , ,0,2,6,1,21,2,6,1,0,2,7,1,7,1,6,1,7,4,1,4,2,1,1,1,1,2,1,3,1,3,3,3,4,1,2,4,3,1,1,1,1,1,1,1,1,2,2,2,3,4,4,4,1,1,4,2,1,1,1,1,1,1,7,1,3,2,1,7,4,1,1,2,1,1,4,3,5,7,7,7
113,1,28,3, , ,0,1,2,1,27,2,2,1,1,5,2,5,6,6,7,6,6,4,5,2,3,3,2,3,4,4,2,2,3,4,4,4,3,3,4,3,2,3,3,4,3,3,4,3,3,2,3,3,4,3,4,3,4,4,3,3,4,2,3,5,6,5,6,6,5,7,5,6,5,6,6,2,2,3,3,5,1,2,3,2
114,1,36,8, , ,0,1,8,1,12,2,6,1,6,5,3,3,6,6,6,5,5,5,5,5,6,3,1,2,2,3,2,2,3,3,3,4,3,2,1,3,2,1,2,1,1,1,2,2,2,1,2,3,3,2,4,3,2,1,3,2,1,2,1,3,5,5,6,2,3,5,3,5,5,3,5,2,6,6,9,9,9,8,7,7
116,1,30,3, , ,0,1,2,1,20,2,2,2,5,6,4,6,7,6,5,6,5,5,3,4,6,4,3,3,4,3,4,3,2,4,3,4,3,4,3,3,4,2,3,1,3,4,3,4,3,3,4,2,4,3,4,3,4,2,3,3,1,1,2,5,6,3,5,6,4,4,5,6,5,4,5,3,3,3,8,8,1,6,5,6
117,1,28,6, , ,0,1, ,1,13,2,4,1,4,5,6,5,6,7,7,7,5,7,6,6,4,3,2,2,4,3,3,2,2,4,3,3,4,2,3,2,4,4,3,4,2,4,4,2,3,2,4,4,3,3,4,2,3,3,2,4,4,3,3,5,7,6,1,3,5,6,5,5,7,3,4,2,3,3,2,4,8,7,5,7
118,1,30,3, , ,0,1,2,2, ,2,2,1,5,5,6,5,6,5,5,6,5,6,5,6,5,3,3,2,3,2,2,3,3,2,3,3,2,3,2,2,2,3,2,3,2,2,3,2,3,2,3,2,3,2,2,3,2,3,2,3,2,3,2,5,6,5,6,5,6,5,6,5,6,5,6,2,3,2,7,6,3,6,7,7
119,1,38,1, , ,0,2,10,1,15,2,15,2,6,4,2,4,6,3,4,2,2,4,2,5,3,2,1,1,1,1,1,2,1,2,1,2,3,1,3,4,1,2,1,1,1,1,1,1,1,1,1,2,3,4,3,2,1,3,4,1,1,1,1,1,1,1,1,1,1,1,1,3,2,1,1,3,5,6,9,5,8,4,4,4
120,1,57,1, , ,0,1,6,1,18,2,10,0,0,6,7,2,3,5,6,2,7,5,1,7,5,1,1,1,1,1,1,1,1,1,1,1,3,4,2,1,1,1,1,1,1,1,1,1,1,1,1,1,3,1,3,3,4,2,1,1,1,1,1,2,2,4,6,2,3,3,2,6,5,4,2,1,6,6,7,8,9,8,3,6
121,1,26,1, , ,0,2,12,1,15,2,13,1,0,6,7,7,7,4,7,6,7,7,5,7,6,1,3,1,2,1,1,3,1,3,3,2,4,2,1,4,1,2,2,1,2,2,1,2,4,1,1,2,4,4,2,4,1,3,1,1,1,2,1,3,4,1,7,6,1,1,1,2,7,6,1,2,6,6,9,9,9,9,9,9
307,1,30,1, , ,0,2,1,1,28,2,1,0,0,1,2,1,5,1,1,1,2,6,1,5,6,1,1,1,1,1,1,1,1,1,1,1,1,1,1,1,1,1,1,1,1,1,1,1,1,1,1,1,1,1,1,1,1,1,1,1,1,1,1,2,2,3,5,2,5,5,3,6,6,2,1,1,2,1,8,1,4,7,5,4
308,1,30,3, , ,0,1,1,2, ,2,1,1,12,7,5,2,7,2,2,2,6,5,3,6,6,2,1,2,3,3,3,4,2,4,2,3,3,4,4,4,3,2,2,1,2,1,3,4,1,3,4,2,3,4,3,4,3,2,4,4,1,3,1,2,2,4,5,2,2,3,2,6,6,6,2,2,2,2,1,2,2,1,1,1
309,1,35,1, , ,0,1,4,1,18,2,2,1,15,3,4,4,6,3,2,4,4,5,1,4,3,3,2,3,3,2,2,3,1,3,3,2,3,4,3,1,3,3,3,4,2,1,3,3,2,4,3,3,4,2,4,3,3,4,2,4,4,2,1,6,4,6,2,7,5,3,4,2,6,5,2,2,1,1,8,1,2,2,4,5
312,1,34,1, , ,0,2,2,1,18,2,2,0,0,1,7,1,6,1,2,1,7,7,1,7,5,3,1,1,1,4,4,4,3,3,1,3,4,3,3,3,1,2,1,1,3,1,2,1,1,2,4,2,3,4,3,3,2,4,3,1,1,1,1,1,1,1,5,1,1,1,1,1,1,1,1,1,1,1,9,6,3,5,4,2
316,1,39,1, , ,0,1,5,1,23,2,2,1,10,5,7,2,5,2,1,2,7,5,2,5,6,1,1,1,2,1,2,1,1,3,1,2,3,2,1,3,1,2,1,1,2,1,1,2,1,1,2,1,3,3,2,3,2,2,3,1,1,1,1,3,5,2,6,2,2,2,1,5,6,5,2,2,1,1,2,1,1,4,3,2
318,1,25,8, , ,0,1,6,1,16,2,6,1,8,3,5,4,4,3,2,3,5,5,4,6,2,1,1,1,1,1,1,1,1,2,1,1,1,2,1,1,1,1,1,1,2,1,1,1,1,1,1,1,1,1,2,3,1,1,1,2,1,1,1,1,1,1,1,1,1,1,1,1,1,1,1,2,2,2,6,4,7,4,4,4
321,1,30,3, , ,0,1,2,1,24,2,2,2,2,3,2,1,2,2,5,5,5,6,6,5,5,3,1,3,3,2,3,2,2,2,2,2,3,2,1,1,2,1,1,1,2,1,2,1,1,1,2,1,1,1,2,1,2,1,1,1,1,1,1,2,1,2,2,1,1,4,4,3,3,2,4,3,2,2,7,8,6,7,6,6
322,1,32,6, , ,0,1,12,1,21,2,4,1,18,1,7,4,7,4,7,4,7,7,1,7,3,1,1,1,1,1,1,1,1,1,1,1,3,1,3,3,1,1,1,1,1,1,1,1,1,1,1,1,3,3,2,2,2,1,2,1,1,1,1,1,1,1,4,1,1,1,1,1,1,1,1,2,5,5,9,9,9,8,8,8
323,1,33,1, , ,0,2,7,1,26,2,5,1,0,2,7,1,5,1,4,2,7,6,2,6,5,1,1,1,1,1,1,2,1,2,1,3,4,2,1,3,1,1,1,1,1,1,1,1,1,1,1,1,3,3,3,2,1,1,1,1,1,1,1,3,2,3,6,2,2,2,2,5,2,2,2,2,1,1,8,7,8,8,3,4
324,1,32,1, , ,0,1,5,1,21,2,4,1,4,2,6,1,5,1,5,3,7,5,3,4,7,1,1,1,1,2,1,2,1,3,1,3,3,2,1,2,1,2,1,1,2,1,1,1,1,1,2,1,4,4,3,3,2,1,3,2,2,1,1,2,4,2,4,1,1,2,6,6,4,3,2,2,1,2,9,9,9,7,4,3
326,1,45,3, , ,0,1,2,1,25,2,1,1,10,1,4,4,5,1,1,1,1,5,1,5,2,1,1,1,1,1,1,1,1,1,1,3,3,3,3,3,2,1,2,1,1,1,1,1,1,1,1,1,1,1,4,3,3,1,2,1,1,1,1,2,2,1,2,2,2,1,6,5,5,1,1,2,1,1,1,1,1,2,2,2
328,1,31,3, , ,0,1,1,2, ,2,1,1,0,5,3,4,3,4,6,5,4,3,5,6,5,2,3,3,4,3,2,3,3,4,3,3,4,3,3,2,3,3,4,3,3,3,4,2,3,3,4,3,2,3,3,4,3,4,3,3,3,4,2,5,4,6,5,4,4,5,5,3,5,3,3,2,1,1,1,7,5,6,6,7
329,1,43,1, , ,0,1,15,1,18,2,14,1,1,1,1,1,6,1,1,1,1,6,1,6,5,1,1,1,1,1,1,1,1,3,1,2,3,2,2,4,1,1,2,1,1,1,1,1,1,1,4,2,3,3,3,3,2,3,3,3,1,2,1,1,3,1,4,1,1,1,1,4,5,5,1,2,4,5,2,1,1,3,3,2
331,1,39,2, , ,0,2,8,1,19,2,8,1,0,1,1,1,6,1,3,1,1,6,1,6,4,1,1,1,1,1,1,1,1,2,1,1,4,2,4,4,1,1,1,1,1,1,1,1,1,1,1,1,4,4,3,4,2,1,2,1,1,1,1,1,1,1,3,1,1,1,1,3,1,1,1,2,2,1,1,1,2,2,1,2
334,1,50,1, , ,0,1,12,1,15,2,10,1,2,5,6,5,5,3,5,5,5,4,5,4,5,1,1,1,2,2,1,1,2,2,1,3,3,2,2,3,2,2,2,1,2,2,1,3,2,2,1,2,3,3,3,4,3,3,2,3,2,1,2,2,2,2,4,2,2,4,2,5,4,3,4,2,5,4,5,7,7,7,6,4
335,1,30,1, , ,0,1,5,1,23,2,1,1,8,1,6,4,5,1,1,1,6,6,1,6,2,2,1,1,1,1,1,1,1,1,1,1,1,1,1,1,1,1,1,1,1,1,1,1,1,1,2,1,3,3,3,3,1,1,2,1,1,1,1,2,2,2,2,2,2,2,2,2,3,3,3,2,2,1,1,1,1,2,2,2
336,1,34,2, , ,0,1,1,1,27,2,1,1,5,6,4,5,4,3,5,6,4,5,4,5,4,3,2,3,2,2,3,3,3,2,2,4,3,4,3,2,3,2,3,3,2,3,2,3,2,3,3,3,4,3,3,2,3,3,2,3,2,3,3,6,5,5,4,6,5,5,4,5,6,3,4,2,2,1,8,7,3,7,5,6
337,1,37,2, , ,0,1,3,1,21,2,3,1,10,6,4,5,5,5,7,5,3,6,6,5,7,3,4,4,4,4,3,2,3,4,4,3,2,2,2,3,4,3,3,3,3,3,3,3,2,4,3,3,3,2,3,3,3,3,3,3,3,2,3,7,4,5,5,5,6,5,4,5,5,4,5,2,1,1,7,9,2,6,9,5
338,1,26,3, , ,0,1,10,2, ,2,1,1,1,6,4,6,4,6,4,2,4,1,4,2,6,3,3,2,3,1,1,2,3,4,1,3,4,3,2,3,4,4,3,4,1,4,3,2,1,2,3,1,3,4,4,3,4,2,3,2,4,3,1,6,2,2,3,2,4,6,2,2,3,4,1,2,2,2,8,5,9,2,3,4
339,1,47,1, , ,0,2,2,1,28,2,3,0,0,5,4,2,4,2,6,2,4,5,2,5,6,1,1,1,1,2,1,1,2,2,1,3,3,3,1,3,1,2,1,1,1,1,1,1,1,1,1,2,2,2,3,3,3,1,3,1,2,1,1,3,3,3,5,2,5,5,2,6,6,3,5,1,2,2,7,7,8,8,4,2
340,1,66,1, , ,0,1,3,1,20,2,1,1,4,2,4,1,5,1,1,4,4,7,1,7,5,1,1,1,1,1,1,1,1,3,1,1,3,2,2,4,4,1,1,1,1,1,1,1,1,1,4,1,4,3,3,4,2,2,4,2,1,1,1,1,1,1,3,1,1,1,1,3,4,2,1,2,1,1,2,1,1,6,2,2
341,1,25,3, , ,0,1,1,1,21,2,1,1,1,6,6,5,5,4,5,6,4,6,4,5,4,3,2,2,3,3,2,3,2,3,3,3,2,3,3,2,3,2,3,2,3,3,2,3,3,2,3,2,3,2,2,3,2,3,4,3,2,3,1,5,4,3,5,4,4,3,5,3,5,5,4,2,2,2,8,6,3,3,4,3
342,1,29,1, , ,0,1,7,1,16,2,7,1,22,1,6,1,7,1,6,6,6,7,6,7,7,1,1,1,1,3,1,2,1,3,3,4,4,3,3,4,3,1,4,1,1,1,1,1,4,1,3,3,4,4,4,4,3,1,2,1,1,4,3,1,1,1,6,1,1,1,1,6,7,7,1,2,2,4,9,4,8,5,2,2
343,1,62,1, , ,0,1,10,1,18,2,4,1,4,2,2,1,5,1,2,2,2,4,2,4,2,1,1,1,1,1,1,1,1,3,1,3,4,3,3,3,2,1,1,1,1,1,1,1,1,1,2,1,3,1,3,3,2,1,2,1,1,1,1,1,1,1,5,1,5,2,1,1,1,1,1,2,1,1,3,3,7,8,2,6
345,1,27,3, , ,0,1,2,1,22,2,2,1,1,5,6,3,3,5,6,4,3,5,4,6,5,3,2,2,3,3,2,3,2,3,3,3,2,3,2,2,4,3,2,1,3,3,2,1,2,3,3,2,3,3,3,2,3,2,1,2,3,3,2,3,5,4,3,5,3,3,5,3,3,5,3,2,2,2,6,5,7,4, ,3
346,1,53,1, , ,0,1,10,1,17,2,4,1,1,5,5,5,4,7,6,2,6,5,2,4,6,2,1,1,1,1,2,1,1,4,2,3,3,3,1,3,1,2,1,1,3,1,1,1,1,3,4,1,4,4,4,4,4,3,3,4,1,1,1,1,1,1,3,1,1,1,1,4,1,1,1,2,1,1,9,9,9,9,9,9
347,1,32,1, , ,0,1,5,1,20,2,5,1,1,4,4,5,3,5,4,5,5,4,5,2,5,1,1,1,1,1,1,1,1,1,1,1,2,3,1,1,1,1,1,1,1,1,1,1,1,1,1,2,3,2,2,2,3,1,1,1,1,1,1,5,4,4,3,4,3,5,4,5,2,2,5,2,2,2,7,3,5,4,5,3
349,1,32,3, , ,0,1,1,1,31,2,1,1,2,4,5,5,5,4,4,5,6,6,5,5,5,2,3,2,2,3,3,3,2,2,2,2,3,3,3,4,3,3,4,3,3,3,3,4,3,4,4,2,2,3,2,3,3,3,2, ,3,3,2,6,5,3,4,5,5,6,5,5,6,5,4,2,2,2,6,3,7,2,2,3
350,1,26,3, , ,0,1,1,1,25,2,1,1,1,4,4,5,6,5,5,4,5,5,5,5,5,1,1,1,2,2,2,3,1,2,3,3,3,3,1,4,2,1,2,1,1,1,3,1,1,3,3,1,3,4,3,3,3,2,3,3,1,2,1,4,5,2,6,2,4,3,2,5,5,6,2,2,2,1,7,7,7,7,7,7
353,1,34,2, , ,0,1,6,1,16,2,6,1,15,1,6,1,5,4,5,3,6,6,3,7,5,1,1,1,1,2,1,1,1,3,1,3,4,3,3,3,1,1,1,1,2,1,2,1,1,1,2,1,4,4,3,4,3,1,3,1,1,1,1,1,1,1,1,1,1,1,1,4,3,1,1,2,3,2,7,7,8,2,2,2
354,1,26,1, , ,0,2,10,1,13,2,30,10,5,1,1,1,7,1,1,5,1,7,6,7,1,1,1,1,1,1,1,1,1,1,1,3,4,1,1,4,1,1,1,1,1,1,1,1,1,1,1,1,4,4,4,4,1,1,3,1,1,1,1,1,1,1,1,1,1,1,1,1,1,1,1,8,8,8,9,9,9,7,5,7
357,1,27,1, , ,0,1,7,1,18,2,7,1,11,2,5,5,6,2,5,2,6,6,2,5,6,3,1,1,1,2,1,1,3,2,3,3,4,3,2,2,4,3,2,1,2,1,1,1,3,3,3,3,3,4,3,3,2,3,2,2,2,3,1,2,2,2,5,1,2,3,2,5,5,5,2,2,2,5,6,4,4,4,2,3
358,1,43,1, , ,0,1,1,1,22,2,4,1,30,1,4,4,7,1,4,1,4,7,2,7,6,1,1,2,1,1,2,2,2,3,2,3,4,3,4,4,4,2,2,1,2,1,1,1,1,3,4,1,4,4,3,4,2,3,4,4,1,2,1,1,2,2,3,2,1,1,1,7,6,1,2,2,4,3,9,9,9,8,7,6
359,1,42,3, , ,0,1,2,1,28,2,1,1,3,2,1,3,7,2,4,2,1,7,4,7,1,3,1,3,1,1,4,4,2,4,4,4,4,4,3,2,4,1,4,2,1,2,3,2,2,3,3,3,2,2,3,3,3,2,3,3,2,2,3,3,4,2,5,4,5,5,3,4,4,3,3,2,2,1,1,2,1,2,2,1
360,1,44,3, , ,0,1,0,2, ,2,1,1,0,5,4,5,6,4,5,6,4,3,5,6,5,2,3,3,4,2,3,3,4,3,2,3,2,2,3,2,3,3,3,3,2,3,3,2,3,4,3,2,3,3,2,3,2,1,2,3,3,3,2,5,6,5,4,6,6,3,4,5,6,5,4,2,1,1,1,1,9,2,2,1
361,1,39,3, , ,0,1,3,1,15,2,5,1,17,5,5,5,5,5,4,6,6,6,5,4,6,2,2,2,3,2,3,2,2,3,3,3,3,3,3,3,2,3,3,3,2,3,3,3,3,3,1,3,3,3,3,3,3,2,3,3,3,3,2,3,2,4,5,3,4,3,4,6,5,6,2,2,3,2,6,5,7,6,3,4
362,1,71,3, , ,0,1,3,2, ,2,1,1,4,6,7,6,7,7,6,2,7,6,6,6,7,1,1,1,1,3,4,4,4,4,4,4,4,3,3,3,4,1,1,3,3,4,4,1,1,4,4,3,4,4,4,4,4,2,2,4,1,3,2,1,4,1,6,2,6,2,6,6,6,7,6,2,2,2,1,1,1,2,4,8
363,1,24,6, , ,0,1,2,1,23,2,10,5,1,5,3,2,5,3,5,1,5,2,6,3,5,3,2,3,1,3,2,3,2,4,3,2,3,2,3,2,1,3,2,3,2,3,1,3,2,3,2,3,2,3,2,3,2,1,2,3,2,1,3,5,2,5,2,5,3,4,3,6,2,3,6,6,4,7,6,2,4,6,3,6
364,1,29,1, , ,0,1,5,1,17,2,9,1,3,5,2,5,3,4,3,3,6,5,3,5,4,3,2,2,4,3,2,2,3,2,3,2,4,3,3,2,3,2,3,4,3,3,3,2,1,3,2,3,3,2,3,4,2,3,3,2,3,2,4,5,6,6,3,5,4,3,5,4,4,6,5,2,5,5,6,5,3,6,5,5
365,1,32,3, , ,0,1,3,1,25,2,1,1,20,2,1,2,7,2,2,1,1,7,1,7,5,2,1,3,2,1,4,4,2,3,3,3,3,3,2,3,4,2,3,2,1,3,3,1,1,4,4,2,4,4,4,4,3,2,3,3,1,2,2,2,2,3,5,2,6,2,5,4,6,6,3,2,2,1,3,3,3,5,4,5
366,1,34,3, , ,0,1,3,1,22,2,8,1,2,2,7,5,4,5,2,4,7,7,1,7,6,2,1,2,1,1,1,1,3,2,1,2,2,2,1,2,1,2,1,1,2,1,1,1,1,1,3,3,2,2,3,3,2,1,2,1,2,2,1,5,7,5,7,1,4,4,5,6,7,7,4,2,6,6,7,6,9,7,6,7
368,1,32,3, , ,0,1,1,1,26,2,1,1,35,5,6,5,5,5,5,6,5,6,5,5,6,3,4,3,3,3,3,3,3,3,3,2,3,3,3,3,2,3,3,3,3,3,3,3,3,3,2,3,3,3,3,4,3,3,3,2,3,3,3,3,4,4,4,5,5,5,5,4,5,5,5,2,2,2,3,9,1,7,8,7
371,1,30,3, , ,0,3,1,2, ,2,0,0,0,4,4,3,4,4,1,3,1,3,4,1,1,2,3,2,2,3,2,2,3,3,1,2,2,2,1,2,2,2,3,1,2,2,1,2,2,2,3,1,2,2,2,3,1,2,1,1,2,2,3,3,4,3,4,3,4,2,3,4,5,4,4,1,1,1,7,5,4,4,4,4
373,1,45,1, , ,0,1,8,1,17,2,7,1,7,1,7,1,7,1,1,4,7,7,1,7,7,1,1,1,1,1,1,3,1,2,1,1,4,2,2,3,1,1,1,1,1,1,1,1,1,1,2,1,3,3,3,3,2,1,3,2,1,1,1,1,4,2,7,1,1,1,1,4,4,5,2,2,3,1,1,1,1,1,1,1
374,1,29,1, , ,0,2,10,1,17,2,11,0,0,2,5,6,6,1,4,1,5,7,1,6,2,2,1,1,1,1,1,3,1,3,2,2,4,2,2,3,1,1,2,1,1,1,1,1,2,1,1,1,3,4,3,3,1,3,3,2,1,1,1,1,1,1,4,1,1,1,1,4,4,3,1,1,1,2,2,2,3,2,2,2
375,1,49,3, , ,0,1,1,1,25,2,2,1,10,1,6,2,7,2,3,5,6,6,4,6,7,2,1,4,1,3,3,4,2,3,4,4,4,4,2,4,4,1,2,2,2,2,4,1,1,3,4,2,4,4,4,4,3,3,1,3,3,2,2,3,4,2,5,4,2,5,3,6,6,2,4,2,2,2,1,5,8,2,2,2
378,1,29,1, , ,0,1,6,1,18,2,4,1,8,1,6,1,6,1,5,4,6,6,1,6,6,1,1,1,1,1,1,1,1,2,1,2,4,2,4,4,1,1,1,1,1,1,1,1,1,1,1,1,4,3,3,3,2,3,3,1,1,1,1,1,1,1,5,1,1,1,1,4,4,4,1,2,1,2,8,8,8,8,1,3
380,1,31,1, , ,0,1,2,1,17,2,1,1,18,1,7,1,6,1,1,1,6,7,1,6,5,3,1,3,1,2,1,1,2,3,3,3,3,2,3,4,1,2,2,1,2,1,1,1,2,1,3,1,2,4,3,4,3,3,4,3,1,2,1,1,1,1,1,1,1,1,1,1,1,1,1,2,2,1,6,2,8,4,1,5
381,1,31,1, , ,0,1,12,1,14,2,10,1,5,1,7,1,7,1,2,1,7,6,1,6,7,1,1,1,1,1,1,2,1,2,1,1,3,1,1,3,1,1,1,1,1,1,2,1,1,3,1,1,3,3,3,3,2,3,3,2,1,1,1,1,1,1,1,1,1,1,1,1,1,1,1,2,1,1,9,9,9,8,2,3
382,1,43,2, , ,0,1,12,1,19,2,10,1,2,6,3,4,3,5,3,3,5,5,2,4,4,3,2,3,4,3,2,2,2,3,3,2,3,2,4,3,3,2,3,2,3,3,3,2,2,3,1,2,3,3,3,3,2,1,2,2,3,2,1,6,4,5,3,3,6,6,6,3,4,4,6,2,3,5,7,5,6,7,7,5
385,1,27,3, , ,0,1,2,1,20,2,2,1,1,1,5,1,7,1,1,1,6,7,1,6,6,2,1,1,1,1,1,1,1,3,1,1,4,1,3,4,1,1,3,1,1,4,1,1,1,1,2,1,4,3,3,4,2,2,3,1,1,3,1,1,1,1,1,1,1,1,1,6,6,5,1,2,1,1,1,1,1,1,1,1
387,1,57,1, , ,0,1,22,1,17,2,17,1,6,4,6,4,6,3,3,4,6,6,4,6,6,2,1,1,1,2,1,1,1,3,2,2,4,2,2,3,2,2,2,1,2,1,1,1,3,1,2,2,3,3,4,3,2,1,3,2,1,2,1,2,3,2,4,3,2,2,2,4,4,4,3,2,4,4,4,2,4,2,3,3
388,1,21,8, , ,0,1,1,1,21,2,1,1,4,1,6,4,7,5,7,5,7,7,6,7,1,4,1,3,1,1,3,4,1,2,1,3,4,4,1,2,4,1,1,1,1,1,1,1,2,3,1,1,3,3,4,4,4,1,2,2,1,1,1,1,2,1,1,1,1,1,1,6,2,4,4,2,1,1,5,5,2,8,5,8
389,1,29,1, , ,0,1,4,1,24,2,3,1,5,1,7,1,7,1,1,1,7,7,1,7,7,1,1,1,1,1,1,1,1,1,1,1,4,1,3,4,1,1,1,1,1,1,1,1,1,1,1,1,3,4,3,4,1,1,4,1,1,1,1,1,1,1,1,1,1,1,1,5,1,1,1,2,2,2,7,1,1,1,1,1
390,1,38,1, , ,0,2,5,1,16,2,5,1,10,5,5,6,5,2,3,4,2,6,3,3,1,1,2,2,2,3,1,2,2,2,2,2,1,2,1,1,3,2,3,3,3,2,2,2,2,1,1,1,3,3,3,2,2,3,3,3,3,2,2,5,5,3,4,4,3,2,3,2,1,4,1,2,2,1,7,5,9,2,3,3
391,1,32,6, , ,0,2,0,2, ,2,0,0,0,1,2,1,7,1,1,2,6,6,5,6,6,1,1,1,1,1,1,1,1,1,1,1,1,1,1,1,1,1,1,1,1,1,1,1,1,1,1,1,1,1,1,1,1,1,1,1,1,1,1,1,1,1,1,1,1,1,1,1,1,1,1,1,1,1,1,8,1,7,2,2
392,1,30,1, , ,0,1,5,1,17,2,5,1,15,2,4,1,5,2,5,4,3,4,2,4,4,2,2,2,3,3,1,2,2,3,3,3,4,3,1,3,1,1,3,1,1,2,2,3,1,2,1,2,3,3,3,2,3,3,2,2,1,2,2,2,2,2,6,3,3,2,3,6,5,2,3,2,4,5,4,5,6,7,7,6
393,1,40,1, , ,0,1,8,1,21,2,5,1,10,1,6,1,6,2,2,1,6,5,1,5,5,3,2,3,2,4,3,3,2,1,3,2,3,2,3,4,4,1,3,2,3,2,3,2,1,3,3,1,2,3,2,3,3,2,3,2,1,2,2,2,4,5,5,2,2,2,2,5,4,4,2,2,5,6,1,1,1,2,1,1
394,1,62,1, , ,0,1,12,1,14,2,7,1,2,3,1,2,5,1,1,1,1,7,1,7,4,1,1,2,1,1,2,1,2,3,1,3,4,2,2,4,4,1,1,1,1,1,1,1,1,2,4,2,4,4,4,4,3,4,4, ,1,1,1,1,1,1,1,1,1,1,1,1,1,1,1,2,1,2,8,3,3,4,2,2
395,1,33,3, , ,0,1,3,1,8,2,3,2,1,3,2,2,7,2,6,6, ,6,5,7,2,3,2,3,1,3,2,3,2,3,3,4,4,4,3,3,4,2,3,3,3,3,1,1,2,2,3,2,3,4,4,4,4,2,1,2,1,2,3,1,2,2,3,3,2,2,2,4,5,2,1,3,2,2,3,2,4,2,2,7
396,1,42,1,2, ,1,1,5,1,15,2,20,1,12,4,4,4,5,4,5,4,4,6,4,5,5,2,1,1,1,1,1,1,1,1,1,1,3,2,1,2,2,2,1,1,1,1,1,1,1,1,3,1,3,3,3,3,2,2,3,2,1,1,1,1,1,1,1,1,1,1,1,1,1,1,1,2,6,6,7,5,8,4,2,2
397,1,25,3, , ,0,1,2,1,19,2,1,1,3,6,5,6,5,6,6,4,4,4,5,4,5,3,2,3,2,3,2,3,2,3,3,2,3,3,3,2,3,2,2,3,2,2,4,3,3,2,3,3,3,3,3,2,2,3,3,2,2,3,3,4,5,3,5,4,6,6,5,4,4,4,5,2,1,1,6,7,7,9,9,9
398,1,36,3, , ,0,1,2,1,24,2,1,1,4,1,1,1,4,1,1,1,1,6,1,5,3,1,1,1,1,1,2,1,1,1,1,2,2,1,1,1,1,1,2,1,1,1,1,1,1,3,1,1,3,1,2,1,1,1,1,1,1,2,1,1,1,2,3,1,4,1,1,5,4,4,1,2,1,1,7,8,8,7,6,7
399,1,35,1, , ,0,2,12,1,17,2,18,2,0,1,5,6,5,4,6,3,5,6,3,5,3,1,1,1,1,1,1,1,1,4,1,4,4,3,3,3,3,1,1,1,1,1,1,1,1,1,4,1,4,4,4,3,2,4,3,1,1,1,1,1,1,1,4,1,1,1,1,7,4,4,1,3,5,7,9,9,9,9,9,9
400,1,33,6, , ,0,1,26,1,17,2,26,1,20,5,5,5,7,7,6,7,5,7,5,7,5,1,1,1,1,1,1,1,1,4,1,3,4,2,1,4,1,1,1,1,1,1,1,1,1,1,3,1,4,4,4,4,2,1,3,4,1,1,1,1,1,1,7,1,1,1,1,7,7,7,1,2,6,4,5,1,3,5,5,4
123,2,24,3, , ,0,1,1,1,23,1,1,1,1,6,4,5,3,4,5,3,5,6,4,2,4,3,2,4,3,2,3,2,3,4,3,3,2,3,4,2,3,2,3,2,3,2,4,3,2,2,3,2,3,3,2,3,4,3,2,3,2,3,2,5,4,3,4,6,3,5,6,5,3,4,5,6,4,2,3,4,4,8,4,5
132,2,24,1, , ,0,1,1,1,21,1,1,1,1,7,4,5,5,4,4,4,4,5,4,5,5,2,4,4,1,3,4,2,2,1,2,1,1,3,1,3,3,2,2,2,2,2,2,2,2,3,1,2,1,1,1,2,3,3,2,2,3,3,2,6,5,6,4,5,4,5,5,4,4,6,5,8,6,6,7,5,5,8,7,6
161,2,29,2, , ,0,1,2,1,19,1,2,1,5,6,6,5,6,6,6,5,7,6,5,6,7,3,4,3,3,3,4,4,3,3,4,4,3,3,4,3,3,4,3,4,4,3,4,3,3,4,4,3,4,3,4,3,3,3,4,4,3,4,3,6,5,7,6,7,6,6,4,5,6,7,6,7,5,6,6,7,1,7,6,7
181,2,27,2, , ,0,2,5,1,21,1,1,1,6,6,5,5,6,4,5,6,4,7,5,5,6,3,3,4,3,3,4,3,4,3,3,3,3,2,4,3,3,4,3,2,3,4,3,3,2,4,3,3,3,3,4,3,3,4,2,3,3,3,4,5,5,6,4,5,5,6,5,5,4,4,6,6,7,7,7,6,4,7,6,6
200,2,31,2, , ,0,1,3,1, ,1,1,1,1,6,5,7,6,5,6,5,7,6,7,7,5,4,3,4,4,2,3,3,4,3,4,2,2,3,3,4,3,4,2,3,3,4,2,4,3,2,3,3,4,3,4,3,4,2,3,4,4,2,3,6,5,7,6,6,7,6,7,5,6,6,7,8,7,8,8,8,1,8,7,9
215,2,58,1, , ,0,2,10,1,17,1,10,0,0,2,5,4,4,4,4,4,4,4,4,4,4,1,1,1,1,1,1,1,1,1,1,2,3,2,2,2,2,2,1,1,2,2,2,1,1,1,1,1,3,1,2,1,1,1,1,1,1,1,1,3,3,3,3,3,3,3,3,3,2,2,2,5,5,5,5,5,5,5,5,5
217,2,28,3, , ,0,1,5,1,18,1,5,3,4,7,6,6,7,6,7,6,5,6,5,6,6,4,3,3,4,4,3,4,3,3,4,4,3,4,4,3,4,4,3,4,4,3,4,3,3,4,4,3,4,4,3,3,4,3,4,3,4,4,3,7,5,6,7,6,6,7,6,7,6,6,7,8,6,7,8,5,2,8,6,7
224,2,43,2, , ,0,1, ,2, ,1,2,1,1,5,4,4,5,4,4,3,4,5,5,5,4,3,2,2,2,3,2,2,2,3,2,2,2,3,2,3,3,3,2,3,3,3,3,2,3,3,3,2,3,3,3,2,3,3,2,2,2,2,2,5,4,4,5,4,4,4,4,3,4,3,4,8,7,8,7,6,4,6,7,6
236,2,27,2,3, ,1,1, ,1,27,1,1,1,3,5,5,3,4,5,5,2,6,5,6,6,7,3,2,4,3,4,4,3,2,2,3,3,4,2,3,3,2,3,3,2,4,2,3,3,2,4,3,3,2,3,3,2,3,4,3,1,3,3,3,6,4,6,4,3,5,5,3,6,5,3,6,5,7,5,7,5,2,6,3,6
241,2,27,1, , ,0,1,1,1,24,1,1,1,1,6,6,4,6,5,5,5,5,4,5,5,4,4,3,3,2,2,4,3,2,2,1,2,1,4,1,2,2,2,4,1,2,2,2,1,2,1,2,2,1,2,1,1,2,3,2,2,2,2,2,6,5,6,5,6,6,6,5,5,5,5,4,8,7,9,7,5,2,6,7,7
257,2,31,3, , ,0,1,1,2, ,1,1,1,0,4,5,4,3,3,5,4,5,4,3,2,4,3,2,2,3,2,3,3,2,2,1,2,3,3,2,3,3,2,3,2,3,2,3,3,3,2,1,2,3,3,2,2,2,3,2,2,3,2,2,5,4,4,3,5,4,5,4,5,5,4,3,5,4,3,1,2,8,4,3,6
263,2,56,1, , ,0,1,4,1,27,1,3,1,2,5,4,4,6,3,6,1,6,5,3,5,6,2,3,3,4,2,3,4,4,2,2,2,3,4,3,3,4,2,2,4,3,2,3,2,3,3,4,2,2,3,2,3,1,4,3,3,2,3,4,5,2,4,5,4,5,6,4,6,3,4,7,4,6,6,7,6,2,7,3,6
272,2,29,3, , ,0,1,2,1,20,1,2,2,2,3,6,5,5,5,2,4,3,3,5,5,6,2,2,3,3,3,2,3,3,4,3,3,2,2,3,3,2,2,3,4,3,2,3,3,3,4,3,3,2,3,2,3,3,3,4,3,3,3,4,2,3,4,3,3,3,4,4,3,4,5,2,2,2,3,3,4,5,4,6,5
275,2,29,3, , ,0,1,2,1,21,1,2,2,0,6,3,5,6,4,3,6,7,6,5,3,5,3,4,3,2,3,4,3,2,3,4,3,4,3,2,3,4,3,2,3,3,4,2,1,1,3,2,3,4,3,2,1,3,4,3,2,3,4,3,6,6,3,4,5,6,6,4,2,4,5,6,6,9,7,6,8,6,7,9,5
279,2,44,6, , ,0,1,3,2, ,1,3,3,0,1,1,1,1,2,1,1,1,4,1,4,1,2,1,1,1,2,1,1,1,3,1,3,3,1,2,2,1,1,1,1,2,1,1,1,1,1,1,1,2,2,2,2,1,1,2,2,1,1,1,1,1,1,2,1,2,1,4,2,1,1,1,1,2,1,1,1,2,2,3,1
288,2,28,1, , ,0,1,3,1,18,1,10,15,10,1,3,1,7,1,2,1,2,3,1,3,1,1,1,1,1,3,1,1,2,1,1,2,2,1,1,1,1,1,2,1,2,1,1,1,2,1,1,1,1,2,2,1,1,1,1,1,1,1,1,6,3,5,4,6,2,2,2,5,5,5,4,2,4,4,8,2,2,2,3,2
122,2,26,3, , ,0,1,2,1,25,1,1,1,3,5,3,4,6,5,6,7,3,7,4,6,7,4,3,4,4,2,3,4,2,3,4,4,3,3,4,3,4,2,3,2,3,4,3,2,3,4,4,3,4,4,3,4,4,3,3,4,4,2,2,3,6,3,6,3,4,5,3,4,6,6,2,3,3,2,8,6,3,5,7,6
129,2,41,1, , ,0,2,4,1,18,1,2,0,0,4,4,3,6,2,3,6,4,6,2,6,5,1,1,1,1,1,1,1,1,1,1,1,1,1,1,1,1,1,1,1,1,1,1,1,1,1,1,1,1,1,1,1,1,1,1,1,1,1,1,1,1,1,4,1,1,1,1,1,1,1,1,2,1,2,1,1,3,1,2,1
140,2,44,1, , ,0,1,3,1,16,1,3,1,0,1,1,1,6,1,1,1,1,7,1,6,1,1,1,3,1,1,4,4,1,1,1,3,4,3,4,4,1,1,3,1,1,1,3,1,1,4,1,1,1,4,4,4,3,1,1,1,1,3,1,1,1,1,1,1,1,1,1,1,1,1,7,1,1,1,1,1,9,1,1,1
145,2,29,3, , ,0,1,2,2, ,1,0,0,0,6,3,5,3,4,5,1,5,2,3,3,4,4,4,3,2,3,2,2,3,3,3,3,3,3,3,3,3,3,2,2,3,4,3,3,4,3,3,3,3,4,2,3,2,4,3,3,4,3,2,5,2,6,3,5,4,6,4,6,5,4,5,2,1,1,3,2,8,5,4,3
183,2,58,1, , ,0,1,3,1,18,1, ,0,2,1,5,1,6,1,1,1,5,7,1,7,7,3,1,2,1,3,1,4,1,4,2,4,4,2,4,4,4,1,4,1,1,3,3,1,4,1,1,1,4,3,4,4,1,4,4,4,1,4,1,2,2,2,1,7,3,2,4,1,1,1,1,2,9,9,1,1,1,2,2,2
197,2,41,1, , ,0,2,6,1,17,1,5,1,2,2,2,2,6,2,2,4,3,6,3,6,3,1,1,1,1,1,1,1,1,3,1,3,4,2,2,3,1,1,1,1,2,1,1,1,2,1,1,1,3,3,3,3,1,2,3,1,1,1,1,1,1,1,4,1,1,1,1,4,3,1,1,3,1,6,5,5,5,3,3,3
249,2,66,1, , ,0,1,2,1,21,1,2,2,2,1,7,1,4,1,1,1,7,4,4,7,1,2,1,2,1,1,1,1,1,1,1,1,1,1,1,1,1,1,1,1,2,1,1,1,1,1,1,1,2,3,3,2,2,1,2,1,1,1,1,1,1,1,1,1,1,1,1,1,1,1,1,2,2,1,7,7,9,2,2,2
124,2,42,1, , ,0,1,5,1,17,1,8,1,1,1,6,1,4,1,1,4,6,4,1,4,6,2,1,2,1,1,1,1,1,1,1,3,3,2,2,3,1,1,1,1,1,1,1,1,1,1,1,1,3,3,3,3,1,3,3,1,1,1,1,1,1,1,1,1,1,1,1,3,4,2,1,2,3,3,9,9,5,3,3,3
125,2,40,1, , ,0,1,3,1,17,1,2,1,6,1,6,2,5,2,2,2,6,6,2,6,6,2,3,1,3,3,1,1,3,4,3,3,3,3,3,3,1,1,3,1,2,3,3,2,2,1,1,3,3,3,3,3,3,3,3,1,1,3,1,2,2,2,5,5,2,2,2,6,5,5,2,2,1,1,1,1,2,1,1,1
126,2,44,2, , ,0,1,3,1,20,1,2,1,8,2,2,2,7,2,2,1,2,6,1,6,2,3,2,3,1,2,4,3,3,3,3,3,4,3,3,3,4,1,3,1,2,2,2,1,2,3,4,3,3,3,4,3,2,2,3,3,2,3,1,5,2,2,5,2,3,2,2,2,5,1,2,2,2,2,2,1,2,3,2,2
127,2,25,2, , ,0,1,3,2, ,1,1,1,0,5,2,5,6,4,6,5,5,4,6,4,5,3,1,3,2,2,1,4,2,3,3,4,3,3,2,3,2,3,3,4,2,3,2,3,3,4,3,2,2,4,2,3,2,3,2,2,4,3,3,3,2,3,4,2,2,5,3,6,5,4,2,2,2,2,1,1,5,5,3,3
128,2,25,1, , ,0,1,5,1,14,1,5,1,0,4,6,5,5,4,6,3,5,7,1,7,7,3,1,1,1,1,1,3,1,4,4,4,2,2,2,3,3,3,3,3,1,2,2,1,1,1,4,1,3,4,4,4,2,3,4,4,1,1,1,3,4,2,3,3,2,3,3,2,3,2,5,2,4,4,9,9,9,3,3,1
131,2,29,3,8, ,1,2,1,1,20,1,11,1,0,1,1,1,7,1,2,4,1,7,2,7,1,1,1,1,1,1,1,1,1,2,1,1,2,1,1,3,1,1,1,1,3,1,1,1,3,1,1,1,3,2,1,1,1,1,1,1,1,1,1,2,3,4,1,1,1,3,1,1,4,4,4,2,4,2,9,5,8,9,5,3
133,2,33,1, , ,0,1,8,1,16,1,7,1,3,3,5,2,5,3,3,2,5,4,2,4,5,2,1,2,1,3,1,2,2,3,1,3,3,3,3,2,4,2,2,1,2,1,2,1,2,1,4,1,3,3,3,3,3,1,3,4,1,2,1,2,2,2,2,2,2,2,2,2,2,2,2,2,3,3,2,1,2,2,2,1
134,2,39,8, , ,0,1,5,1,18,1,5,1,6,2,5,2,7,2,5,3,5,6,2,4,5,2,1,1,1,3,2,2,1,2,2,3,4,3,2,4,1,1,2,1,1,2,2,1,1,2,1,1,4,3,4,4,1,1,3,1,1,2,1,2,3,2,5,2,3,1,1,4,5,1,1,2,3,3,6,4,4,2,2,3
135,2,43,1, , ,0,1,4,1,15,1,4,1,8,3,1,1,6,2,1,4,1,6,3,6,1,3,1,2,2,4,1,4,3,4,4,4,4,4,2,1,3,4,3,1,4,2,1,1,4,1,1,2,3,4,4,4,4,1,2,4,3,3,1,2,2,2,4,2,2,2,2,3,4,3,2,2,4,1,1,1,1,6,5,1
136,2,28,1, , ,0,1,1,1,16,1,1,1,3,1,5,1,4,1,1,1,4,5,1,6,4,3,1,1,1,2,1,1,2,4,1,3,4,1,4,4,4,1,3,1,3,1,1,1,1,1,1,3,2,4,3,4,1,4,4,3,4,3,1,1,1,5,5,1,1,5,1,1,5,1,1,2,1,1,5,1,1,2,1,1
137,2,39,1, , ,0,1,11,1,14,1,5,1,8,2,5,3,6,5,6,2,5,3,5,3,5,3,3,2,3,4,3,3,2,3,3,2,3,3,1,3,3,2,4,1,3,3,2,2,3,3,1,2,3,3,3,3,3,1,3,1,1,1,1,4,4,3,5,2,2,2,1,4,5,2,1,2,2,5,2,5,7,6,4,6
138,2,27,1, , ,0,1,10,1,17,1,10,1,10,2,5,1,7,1,1,1,7,7,1,7,5,2,1,1,1,1,1,2,2,2,3,2,4,3,1,1,1,1,2,1,2,1,1,1,1,2,1,2,3,4,2,2,2,1,1,1,1,2,1,5,1,5,3,3,2,4,1,2,4,4,3,2,4,2,7,2,4,1,1,1
139,2,50,1, , ,0,1,2,1,19,1,2,1,4,1,1,1,3,1,1,1,1,7,1,7,7,1,1,1,1,1,1,1,1,4,1,3,4,2,1,1,1,1,3,1,1,1,1,1,1,1,1,1,4,3,4,3,2,4,2,1,1,2,1,1,1,6,5,7,7,4,2,6,7,7,1,2,1,1,1,1,1,1,1,1
141,2,27,1, , ,0,1,100,1,21,1,1,1,10,2,3,4,4,4,4,3,4,3,4,3,4,4,4,3,3,3,2,3,3,3,3,4,4,4,4,3,3,3,4,3,4,4,3,4,3,3,3,4,3,4,4,3,3,3,4,4,3,3,3,7,7,6,6,7,6,7,6,5,6,6,7,2,2,2,9,1,9,3,4,3
142,2,52,1, , ,0,1,10,1,14,1,68,1,6,7,7,6,7,4,7,6,7,6,3,7,7,2,1,1,1,1,1,1,4,2,1,3,2,4,1,3,1,4,1,1,2,1,1,1,2,1,1,3,2,4,3,3,4,3,2,1,1,1,1,2,2,5,1,4,3,5,3,4,4,3,4,2,9,9,9,7,9,6,4,4
143,2,27,1, , ,0,1,2,1,22,1,2,1,9,4,5,5,5,5,4,4,4,4,4,4,4,2,2,2,2,2,2,2,2,2,2,3,3,3,3,3,3,3,3,3,2,2,3,2,2,2,2,2,2,4,4,4,4,4,4,2,2,2,2,4,4,4,4,4,4,4,4,4,4,4,4,2,2,2,1,1,9,2,2,2
144,2,32,8, , ,0,1,5,1,17,1,5,1,30,1,7,1,7,1,1,7,7,7,7,7,7,3,1,1,2,3,1,4,1,4,1,4,4,3,4,4,1,4,1,1,1,1,1,1,1,4,1,4,4,4,4,4,2,4,4,1,2,1,1,1,1,1,1,1,1,1,1,1,1,1,1,2,3,4,3,1,1,1,1,1
146,2,57,1, , ,0,1,7,1,18,1,6,1,0,1,7,1,5,1,1,1,7,7,1,7,6,1,1,1,1,1,1,1,1,4,1,4,4,4,4,4,3,1,1,1,1,1,1,1,1,1,1,1,4,3,4,4,3,3,4,1,1,1,1,1,1,1,4,1,1,1,1,4,4,1,1,2,1,1,5,1,4,1,1,1
147,2,42,1, , ,0,1,8,1,14,1,20,4,4,3,5,1,7,1,2,2,4,6,2,6,2,1,1,1,1,1,1,1,1,1,1,3,4,1,2,2,1,1,1,1,1,1,1,1,1,1,1,1,2,4,3,3,1,3,2,1,1,1,1,1,1,1,1,1,1,1,1,1,1,1,1,5,2,4,9,9,9,4,5,2
148,2,63,1, , ,0,1,5,1,20,1,1,1,2,1,1,1,5,1,1,1,1,4,1,5,5,1,1,1,1,1,1,1,2,3,1,3,4,1,2,4,1,2,1,1,1,1,1,1,1,1,1,1,3,3,3,3,3,1,4,1,1,1,1,1,1,1,1,1,1,1,1,1,1,1,1,2,1,1,2,1,1,2,1,1
149,2,38,1, , ,0,1,5,1,14,1,20,1,4,2,5,1,5,1,1,1,7,4,1,3,6,2,1,2,1,1,1,2,3,2,1,3,4,1,1,2,1,1,1,1,1,1,1,1,4,2,2,1,2,3,3,3,1,1,3,3,1,1,1,2,2,4,2,1,2,4,1,5,3,2,1,2,8,7,6,2,3,5,1,2
150,2,33,1, , ,0,1,3,1,19,1,5,1,0,5,2,2,3,2,1,5,2,6,2,6,1,2,1,1,1,1,1,1,2,4,1,3,4,1,2,3,1,1,1,1,1,1,1,1,1,1,1,3,4,3,4,3,1,2,2,1,1,1,1,2,2,4,5,4,5,5,7,3,5,5,2,2,1,2,6,1,4,2,1,1
151,2,33,1, , ,0,1,15,1,16,1,15,1,1,1,7,4,7,1,1,1,7,7,1,7,7,2,1,1,1,4,1,3,1,4,1,4,4,2,3,4,4,2,4,1,4,1,1,1,4,2,1,1,4,4,4,4,2,1,4,4,1,4,1,1,1,1,4,1,1,1,1,4,4,4,1,2,6,7,7,7,8,5,1,3
152,2,36,1, , ,0,1,2,1,18,1,2,1,1,2,5,5,6,6,2,2,6,6,6,6,6,1,1,1,1,1,1,1,1,1,1,1,1,1,1,1,1,1,1,1,1,1,1,1,1,1,1,1,1,1,1,1,1,1,1,1,1,1,1,2,2,2,2,2,2,2,2,3,3,3,2,2,2,1,1,1,2,1,1,1
153,2,36,1, , ,0,1,3,1,22,1,1,1,5,1,5,1,5,1,1,1,5,4,1,4,4,1,1,1,1,1,1,1,1,2,1,3,3,2,2,4,1,1,1,1,2,1,1,1,1,3,1,1,2,2,4,2,1,1,4,1,1,1,1,2,2,3,2,2,3,3,2,2,2,2,2,2,1,1,1,1,1,2,2,2
154,2,29,3, , ,0,1,1,1,19,1,1,1,20,7,1,6,6,6,7,7,6,7,7,7,7,4,4,4,4,4,4,4,4,4,4,4,4,4,3,4,4,3,4,4,3,3,2,3,3,3,4,3,3,4,4,4,4,3,3,4,4,3,4,1,3,1,7,7,7,1,2,3,3,1,1,2,2,2,9,8,1,9,2,9
155,2,33,1, , ,0,1,10,1,16,1,7,1,2,6,4,5,7,5,3,5,5,7,3,7,3,2,1,4,3,2,3,4,4,3,3,3,4,4,4,4,2,2,2,2,2,1,1,2,4,4,2,4,3,4,4,4,4,4,4,2,2,3,1,3,5,3,7,6,6,3,3,7,7,7,6,2,4,2,6,1,2,1,1,1
156,2,44,1, , ,0,2,6,1,20,1,3,1,0,6,6,2,5,2,5,6,6,7,4,7,6,2,1,1,1,2,3,4,2,4,1,3,4,2,3,4,3,1,3,1,2,1,1,1,4,1,1,1,4,4,4,4,2,3,4,1,1,3,1,2,2,3,6,6,2,2,1,3,4,4,2,2,3,3,1,1,2,2,2,2
157,2,42,1, , ,0,2,6,1,14,1,6,0,0,6,1,2,6,3,1,2,1,6,2,4,2,2,1,1,1,3,1,3,3,3,3,3,3,2,1,3,1,4,3,1,2,1,1,2,3,2,1,3,3,2,3,3,1,1,3,1,4,3,1,1,1,2,1,1,1,1,1,1,2,2,1,1,3,2,5,1,1,2,1,2
158,2,59,1, , ,0,1,5,1,15,1,30,1,4,1,6,1,6,1,4,1,7,7,1,7,6,2,1,1,1,1,1,1,1,2,1,3,4,3,3,3,1,1,1,1,1,1,1,1,1,1,1,1,3,3,3,4,1,2,1,1,1,1,1,1,1,1,1,1,1,1,1,1,1,1,1,2,4,7,6,1,3,1,1,1
159,2,35,1, , ,0,1,7,1,18,1,7,1,2,2,4,2,6,2,2,2,4,4,2,4,4,2,1,1,1,2,1,1,1,3,1,3,3,1,2,3,1,3,1,1,2,1,1,1,4,1,1,2,3,1,3,3,1,2,2,2,1,1,1,2,2,4,2,2,2,3,2,2,2,2,2,2,4,3,9,8,9,7,7,7
160,2,65,1, , ,0,1,3,1,17,1,1,1,1,1,1,1,1,1,1,1,1,7,1,7,1,2,1,1,1,2,1,1,1,1,1,2,3,3,1,1,1,1,2,1,2,1,1,1,1,1,1,2,2,4,3,3,4,1,3,1,3,1,1,1,1,1,1,1,1,1,1,2,1,1,1,2,2,2,7,1,1,1,1,1
162,2,40,1, , ,0,2,20,1,15,1,20,1,0,5,5,1,7,1,7,2,5,7,2,7,2,4,1,4,2,4,4,4,4,4,3,4,4,2,2,4,1,2,4,1,4,4,4,2,2,4,4,4,3,4,4,4,2,2,4,1,1,4,1,6,4,7,6,5,5,7,5,7,7,7,7,2,4,2,7,5,8,6,4,2
163,2,31,1, , ,0,1,1,1,17,1,1,1,0,3,5,1,3,1,1,1,5,5,1,4,5,3,1,2,1,2,2,3,3,2,1,2,2,2,2,4,3,3,2,1,1,1,1,1,4,3,2,2,2,3,2,3,2,2,4,2,1,2,1,1,1,3,2,1,1,2,1,4,5,2,1,2,1,1,7,1,1,4,3,2
164,2,55,1, , ,0,2,5,1,13,1, ,0,0,1,4,1,1,1,3,1,6,4,1,1,1,1,1,1,2,2,1,1,1,1,1,1,1,1,1,2,1,2,1,1,1,1,1,1,1,1,1,1,1,1,3,3,1,1,1,1,3,1,1,7,7,7,2,7,7,7,7,7,7,7,7,1,1,1,8,1,5,5,1,1
165,2,56,1, , ,0,1,10,1,17,1,10,1,2,1,7,3,7,1,1,1,6,6,1,7,6,3,2,2,1,3,3,2,3,4,4,3,4,2,4,4,4,2,3,1,2,2,3,1,1,1,1,1,2,3,3,4,3,2,4,3,1,3,1,1,1,1,1,1,1,2,2,3,3,1,1,2,4,3,3,2,1,2,3,1
166,2,62,1, , ,0,2,35,1,18,1,25,0,0,6,4,4,5,4,2,6,4,6,4,6,6,2,1,1,1,1,1,1,2,1,1,2,3,1,2,1,1,3,2,1,3,1,1,1,2,1,1,2,2,1,3,3,2,1,1,1,3,2,1,4,6,2,6,6,4,2,2,2,6,4,5,1,7,7,8,5,4,4,3,2
167,2,29,3, , ,0,1,1,1,25,1,1,1,12,1,2,7,1,7,2,1,1,7,1,7,1,2,1,1,1,1,2,1,1,3,2,2,4,3,3,3,3,1,1,1,1,1,1,1,1,3,3,1,2,3,4,3,3,2,3,3,1,1,1,2,1,1,5,2,5,1,1,4,5,5,2,2,1,1,1,1,1,2,2,2
168,2,32,1, , ,0,1,3,1,18,1,3,1,6,2,5,6,5,5,1,1,5,5,5,6,6,4,4,4,4,4,1,4,4,4,4,4,4,4,4,4,4,4,4,1,4,4,4,4,4,4,4,4,4,4,4,4,4,4,4,4,1,4,1,1,1,1,1,1,1,1,1,4,1,1,1,2,2,1,1,1,2,1,1,1
169,2,26,2, , ,0,1,6,1,15,1,2,1,4,7,7,7,7,7,7,7,7,7,7,7,7,4,4,4,4,4,4,4,4,4,4,4,4,4,4,4,4,4,2,1,1,1,4,4,4,4,4,4,4,4,4,4,4,4,4,4,4,4,1,7,7,7,7,7,7,7,7,7,7,7,7,2,2,1,1,9,1,9,6,6
170,2,53,1,8, ,1,1,3,1,23,1,2,1,0,1,1,1,5,1,3,4,1,6,1,6,3,2,1,2,1,2,1,3,2,2,1,3,3,2,2,3,2,1,2,1,2,1,2,1,2,2,1,2,3,3,4,4,3,1,3,1,1,1,1,3,4,2,4,4,4,2,2,4,5,2,5,2,1,1,4,1,4,2,2,1
171,2,39,1, , ,0,1,30,1,17,1,20,1,10,2,6,2,6,2,5,2,7,6,2,6,7,3,2,3,2,2,1,1,2,2,3,4,3,4,3,4,1,1,2,1,3,2,2,1,1,1,1,1,1,3,4,4,2,2,2,1,1,1,1,5,4,6,5,6,4,5,3,6,7,7,5,2,5,8,1,1,1,5,5,5
172,2,27,1, , ,0,1,1,1,20,1,1,1,4,2,6,2,6,2,3,2,6,6,2,7,6,1,1,1,1,1,1,2,1,2,1,3,4,2,2,3,2,1,1,1,1,1,1,1,2,1,2,1,3,4,3,4,2,1,3,2,1,1,1,5,3,5,4,3,4,5,2,5,5,1,5,2,1,1,7,5,6,3,3,2
173,2,59,1, , ,0,1,5,1,16,1,4,1,1,2,7,3,6,3,3,3,7,5,5,5,5,2,1,1,2,2,2,2,2,3,2,3,3,2,3,3,1,3,2,1,3,2,1,2,2,1,1,2,3,3,4,3,2,2,3,1,1,3,1,3,5,4,5,4,3,2,2,4,4,4,4,2,2,1,2,2,5,3,3,1
174,2,21,1, , ,0,1,12,1,14,3,5,2,3, , , , , , , , , , , , , , , , , , , , , , , , , , , , , , , , , , , , , , , , , , , , , , , , , , , , , , , , , , , , , , ,3,3,4,9,9,9,2,2,3
175,2,49,1,2,6,1,1,14,1,14,1,33,1,0,4,7,1,7,1,3,2,4,7,2,7,6,1,1,2,2,2,1,1,1,2,2,4,3,2,3,3,1,1,2,1,1,2,1,2,1,1,1,1,2,2,4,3,1,2,2,1,1,2,1,3,4,2,6,2,1,1,1,4,5,3,5,2,5,4,5,3,3,2,5,3
176,2,27,6, , ,0,1,7,1,17,1,10,1,2,4,2,3,3,3,3,2,2,5,2,5,3,3,1,3,1,4,2,3,1,2,3,2,2,3,3,2,1,2,1,1,4,1,2,1,4,2,1,1,3,2,2,3,3,1,2,2,1,2,1,2,2,2,3,5,1,2,2,2,3,3,2,2,4,6,2,2,5,6,1,1
177,2,66,1, , ,0,1,3,1,16,1,1,1,4,1,4,1,5,1,2,1,6,6,1,6,6,2,1,1,1,1,1,1,1,3,1,3,4,1,2,4,1,1,2,1,1,1,1,1,1,1,1,1,3,4,4,4,2,1,3,1,1,1,1,1,1,1,2,1,1,1,1,2,2,2,1,2,2,1,9,2,1,1,2,1
178,2,41,1, , ,0,1,5,1,19,1,1,1,4,2,5,1,6,1,1,2,4,6,2,6,5,1,1,1,1,1,1,1,2,3,1,3,3,2,2,4,1,2,1,1,2,1,1,1,3,1,1,2,3,4,4,4,2,1,1,2,2,1,1,3,4,4,3,2,2,2,2,3,6,4,2,2,1,1,8,3,2,1,1,1
179,2,33,1, , ,0,1,13,1,15,1,10,1,8,2,7,1,6,1,6,1,7,6,1,7,3,1,1,1,1,1,1,1,1,1,1,1,4,4,3,4,1,2,1,1,2,1,1,1,2,4,1,1,3,4,3,4,3,2,4,1,1,1,1,1,1,3,6,1,3,1,1,6,2,1,5,2,3,7,7,3,4,5,2,2
180,2,55,1, , ,0,1,4,1,15,1,4,1,4,2,2,2,7,2,2,2,2,5,1,6,2,1,1,1,1,1,1,1,1,1,1,3,3,3,1,3,1,1,1,1,1,1,1,1,1,1,1,1,1,3,4,4,2,1,1,1,1,1,1,1,1,1,1,1,1,1,1,1,1,1,1,2,4,4,5,1,1,1,1,1
184,2,30,1,6, ,1,1,7,1,17,1,25,1,3,1,5,1,4,1,2,2,6,2,2,4,2,1,1,1,1,1,1,1,1,1,1,2,3,2,2,1,1,2,1,1,1,1,1,1,1,1,1,1,1,3,3,3,2,2,3,1,2,1,1,1,1,1,3,1,1,1,1,3,3,1,1,2,6,6,6,4,5,5,5,1
185,2,31,3, , ,0,1,2,2, ,1,1,1,1,1,4,2,3,1,1,1,4,6,1,5,4,2,3,3,1,2,3,4,2,3,3,3,3,4,2,2,3,2,2,3,3,2,4,2,2,3,3,2,3,3,4,3,3,2,2,3,1,2,1,4,5,4,6,5,4,3,4,5,6,3,3,2,2,1,2,1,3,5,2,2
186,2,60,1,6, ,1,2,20,1,18,1,15,0,0,6,2,2,5,1,4,4,1,6,1,6,2,1,1,1,1,1,1,1,1,1,1,3,3,3,2,1,1,2,1,1,1,1,1,1,1,1,1,1,1,2,3,3,1,1,1,1,1,1,1,2,2,2,3,2,2,5,2,2,2,2,2,1,5,3,9,6,6,2,2,2
187,2,32,3, , ,0,1,3,1,21,1,1,1,4,4,4,4,3,2,3,4,4,4,3,3,3,2,2,2,2,3,3,3,2,3,4,2,3,4,3,3,3,2,3,3,3,3,2,2,3,3,3,3,3,3,3,3,3,4,3,3,3,3,1,5,5,5,5,4,5,5,5,5,4,5,4,2,2,2,6,6,4,7,6,1
188,2,70,1, , ,0,1,1,1,19,1,2,1,2,1,1,2,3,1,1,1,1,7,1,7,6,1,1,2,1,1,1,3,1,1,1,3,4,3,2,2,3,1,1,1,1,1,1,1,1,3,2,1,4,2,3,3,2,1,2,1,1,2,1,2,2,4,2,2,3,2,2,3,2,2,3,2,1,2,1,1,8,1,1,1
189,2,29,1, , ,0,1,5,1,16,1,3,1,2,2,1,1,5,1,1,1,1,5,1,5,2,1,1,1,1,1,1,1,1,1,1,1,3,1,1,1,1,1,1,1,3,1,1,1,1,1,1,1,3,3,2,2,2,1,1,1,1,1,1,3,4,5,5,2,3,5,2,5,5,4,5,2,2,1,9,2,2,2,2,2
190,2,46,6, , ,0,1,2,1,22,1,3,1,6,4,2,2,6,2,2,2,2,6,2,3,2,1,1,1,1,1,1,1,1,1,3,3,3,2,4,4,1,1,1,1,1,1,1,1,1,1,1,1,3,3,3,3,2,3,3,3,2,3,1,1,1,1,4,1,1,1,6,6,6,6,1,2,2,1,9,2,7,2,2,1
191,2,37,6, , ,0,1,6,1,20,1,6,1,20,1,6,1,6,1,1,1,6,7,1,7,1,2,1,2,1,1,1,2,1,3,1,2,4,3,1,4,1,1,1,1,2,1,1,1,3,2,1,1,3,4,3,3,3,1,1,1,1,1,1,1,1,1,3,1,1,1,1,3,3,2,1,2,2,2,3,1,1,1,1,1
192,2,41,1, , ,0,1,4,1,21,1,2,1,0,3,4,4,5,3,2,2,4,5,2,6,4,2,1,1,1,1,1,1,1,3,2,3,3,2,2,2,3,2,1,1,2,1,3,1,2,2,1,2,3,4,3,3,2,1,2,3,1,1,1,4,5,4,4,4,3,5,3,3,4,4,4,2,2,2,2,2,2,1,1,2
193,2,46,1, , ,0,1,10,1,18,1,5,1,15,5,6,1,6,1,2,6,6,7,3,7,4,2,1,2,1,2,1,3,1,3,1,3,4,4,4,4,2,1,1,1,1,2,2,1,1,2,1,1,3,4,4,4,3,4,3,1,1,1,1,1,4,6,2,2,3,2,3,2,3,2,1,2,3,1,4,1,1,1,1,1
194,2,56,1, , ,0,2,20,1,15,1,25,0,0,3,2,2,6,2,2,5,2,5,4,6,5,1,1,1,1,1,1,1,1, ,1,1,1,1,1,1,1,1,1,1,1,1,1,1,1,1,1,1,1,1,1,1,1,1,1,1,1,1,1,2,2,2,2,2,2,2,2,4,4,2,3,1,3,5,7,3,7,6,6,6
195,2,25,1,2, ,1,2,1,1,24,1,4,1,0,1,7,1,7,1,6,1,7,7,1,7,5,1,1,1,1,1,1,1,1,4,1,4,4,4,1,1,1,1,1,1,1,1,1,1,1,1,1,1,1,4,4,4,4,1,4,1,1,1,1,5,6,5,6,2,1,2,1,4,5,1,3,2,2,2,7,1,8,2,2,2
196,2,49,1, , ,0,2,6,1,15,1,12,2,1,3,2,3,5,3,2,3,3,5,4,7,5,1,1,1,1,1,1,1,2,1,1,3,3,2,1,2,1,2,1,1,1,1,1,1,1,1,1,3,2,2,3,3,1,2,1,1,1,1,1,2,2,2,3,2,4,3,3,4,4,3,2,3,2,5,4,5,4,3,4,2
198,2,34,1, , ,0,1,5,1,17,1,32,3,1,4,7,4,7,6,6,5,6,7,6,5,6,3,4,3,4,4,2,3,2,3,3,3,3,4,2,4,1,4,2,2,2,2,2,2,2,2,3,3,3,2,3,2,2,4,2,1,2,3,1,3,4,2,4,3,1,2,1,6,5,3,4,4,8,8,8,8,8,6,3,5
199,2,60,1, , ,0,1,5,1,15,1,6,1,0,5,6,1,6,1,5,1,6,7,1,7,1,1,1,1,1,1,1,1,4,1,3,3,4,3,1,4,4,1,1,1,3,1,1,1,1,1,3,1,4,4,3,4,3,1,4,1,1,1,1,3,5,2,6,6,5,5,3,6,6,3,2,2,2,6,8,3,4,1,2,1
201,2,35,1, , ,0,1,20,1,17,1,40,1,1,2,4,5,4,5,3,2,4,6,2,5,2,1,1,1,1,1,1,1,1,3,1,3,3,2,3,2,2,2,1,1,1,1,1,1,1,1,1,2,3,3,3,2,1,3,2,1,1,1,1,2,2,2,2,2,2,2,2,2,2,2,2,2,6,8,8,8,8,6,6,4
202,2,50,1, , ,0,1,4,1,21,1,9,1,12,1,4,1,5,1,1,1,5,5,1,5,5,1,1,1,1,1,1,1,1,3,1,4,4,2,2,2,4,1,1,1,1,1,1,1,1,1,1,1,4,4,4,4,2,2,3,1,1,1,1,1,1,1,1,1,1,1,1,1,1,1,1,2,2,3,4,1,1,1,1,1
203,2,48,1, , ,0,1,5,1,18,1,5,1,5,1,1,1,7,1,1,1,1,7,1,7,3,1,1,2,2,2,1,2,2,2,1,4,4,3,3,3,1,1,2,1,1,1,1,2,1,1,1,1,4,4,4,4,3,1,4,1,1,2,1,1,5,1,5,5,6,6,6,1,6,2,1,2,2,2,1,9,1,2,2,1
204,2,42,6, , ,0,1,4,1,21,1,4,1,30,1,6,1,7,1,1,1,6,5,1,5,6,1,1,1,1,1,1,1,1,4,1,4,4,3,1,3,1,1,1,1,1,1,1,1,1,1,1,1,3,1,4,3,3,1,1,1,1,1,1,1,1,1,1,1,1,1,1,1,1,1,1,2,1,1,1,1,1,2,2,2
205,2,48,1, , ,0,1,5,1,16,1,21,1,1,2,5,1,6,1,2,1,5,6,1,4,4,1,1,1,1,2,1,1,2,2,1,2,4,3,3,3,1,3,1,1,1,1,1,1,1,1,1,1,2,3,2,3,2,1,1,1,1,1,1,3,4,3,4,1,1,1,1,3,4,3,5,2,6,6,6,3,4,2,2,2
206,2,48,8, , ,0,1,5,1,28,1,5,1,4,1,6,1,5,1,3,4,6,5,2,3,2,1,2,1,1,1,1,2,1,1,3,3,3,2,3,4,1,1,1,1,2,1,1,1,2,1,1,2,2,4,3,3,2,3,3,1,1,1,1,2,2,2,2,2,5,1,1,2,2,1,1,2,1,2,5,3,1,1,1,1
207,2,41,1, , ,0,2,6,1,15,1,65,1,0,2,1,5,7,2,5,7,2,5,2,3,1,1,1,1,1,3,1,1,2,4,4,4,4,4,1,1,1,4,1,1,1,1,1,1,1,1,1,2,1,1,2,1,4,1,1,1,4,1,1,4,3,6,6,1,1,5,1,1,4,5,1,2,9,9,9,9,9,1,2,1
208,2,60,1,7, ,1,1,50,1,15,1,80,1,10,1,4,1,6,1,2,4,4,5,1,6,6,1,1,1,1,1,1,1,1,2,1,4,4,2,2,4,1,2,1,1,1,1,1,1,1,1,1,2,3,1,4,3,1,2,3,1,1,1,1,1,1,1,4,1,1,1,1,4,4,2,1,2,6,8,8,8,9,3,2,1
209,2,31,1, , ,0,1,3,1,17,1,10,1,5,1,6,4,6,5,1,1,7,6,1,6,7,1,1,1,1,1,1,1,1,3,1,4,4,2,3,4,1,2,1,1,2,1,1,1,1,1,1,1,1,4,3,3,2,3,3,4,1,1,1,1,1,1,2,1,1,1,1,2,1,1,1,2,3,4,8,1,7,1,1,1
210,2,38,1, , ,0,1,6,1,17,1,6,1,13,1,3,1,7,1,1,1,1,6,1,6,2,2,1,2,1,1,2,2,1,2,1,1,3,1,3,3,1,1,1,1,3,1,2,1,1,1,1,1,2,4,4,4,2,3,4,4,1,1,1,5,1,1,1,1,1,1,1,1,1,1,5,2,3,3,4,1,1,1,1,1
211,2,32,3, , ,0,1,1,1,23,1,1,1,1,1,5,1,4,1,1,1,5,5,1,5,5,1,1,2,1,1,1,2,2,1,1,1,3,2,2,2,1,1,1,1,1,1,1,1,1,2,2,1,2,3,3,3,2,1,2,1,1,1,1,3,3,4,4,3,3,4,3,4,4,4,3,2,1,1,1,1,1,1,1,1
212,2,48,1, , ,0,1,8,1,16,1,20,1,0,1,3,1,5,1,3,1,2,6,1,6,2,1,1,1,1,2,1,1,1,2,1,3,3,1,1,3,2,3,3,1,1,1,1,1,2,1,2,1,1,2,3,3,2,2,2,1,1,3,1,1,2,1,2,1,1,1,1,1,1,1,1,1,6,6,7,4,4,3,2,2
213,2,45,1, , ,0,2,3,1,24,1,17,1,4,1,1,1,5,1,1,1,2,4,1,4,1,1,1,1,1,1,1,1,1,1,2,1,1,1,1,1,1,1,1,1,1,1,1,1,1,1,1,1,1,2,2,2,1,1,1,1,2,1,1,2,4,5,4,2,1,1,1,6,1,1,1,2,2,8,9,7,9,7,2,1
214,2,39,1, , ,0,1,30,1,17,1,30,1,20,1,7,5,6,1,3,1,7,6,1,6,7,2,3,3,3,3,1,1,2,3,3,3,3,3,3,3,2,1,2,1,3,3,3,3,4,1,1,2,2,4,4,3,2,2,2,2,1,2,1,5,5,6,7,6,5,6,6,6,6,2,5,2,4,9,2,1,2,7,5,4
216,2,32,1, , ,0,1,2,1,23,1,5,1,2,2,6,2,6,2,6,2,6,6,2,6,2,1,1,1,1,1,1,1,1,1,1,1,4,1,1,4,1,1,1,1,1,1,1,1,1,1,1,1,1,4,3,4,1,1,4,1,1,1,1,4,1,2,1,1,1,1,1,1,1,1,6,2,1,1,9,1,9,2,2,2
218,2,19,6, , ,0,2,0,2, ,1,0,0,0, , , , , , , , , , , , ,1,1,1,1,1,1,1,1,1,1,1,1,1,1,1,1,1,1,1,1,1,1,1,1,1,1,1,1,1,1,1,1,1,1,1,1,1,1,1,1,1,1,1,4,1,1,1,1,1,1,1,1,1,1,1,5,1,1,1
219,2,56,1, , ,0,1,18,1,16,1,8,1,0,2,5,1,5,1,2,6,5,6,5,6,5,2,1,1,2,3,1,2,3,2,1,3,2,2,2,3,1,2,3,1,3,2,2,3,3,2,1,1,1,2,3,2,1,1,1,1,1,3,1,2,2,2,3,2,2,2,2,2,2,2,2,2,4,4,6,3,5,2,2,2
220,2,52,1, , ,0,1,6,1,17,1, ,1,0,7,4,1,6,1,1,1,4,7,1,4,4,1,1,1,1,3,1,1,1,1,1,3,3,1,1,3,1,3,3,1,1,1,1,1,4,1,1,1,3,3,3,3,3,3,3,3,1,3,1,1,7,1,4,4,1,1,1,4,4,1,1,2,4,4,1,1,1,1,1,1
221,2,39,1, , ,0,1,3,1,17,1,3,1,20,3,3,2,6,3,2,3,5,2,3,6,2,1,1,1,1,1,1,2,2,1,1,1,2,1,2,2,1,1,1,1,1,1,1,1,1,2,1,2,1,2,3,3,1,1,1,1,1,1,1,2,1,3,4,2,1,2,1,3,4,1,2,2,1,1,3,2,2,2,1,2
222,2,26,1, , ,0,1,4,1,16,1,4,1,1,2,6,2,6,2,2,2,6,7,2,7,6,2,1,1,1,1,1,2,3,3,1,2,3,1,1,2,1,1,1,1,1,1,1,1,1,1,1,2,2,3,2,3,1,1,2,1,1,1,1,6,5,5,7,4,3,3,4,5,6,5,6,2,5,4,9,9,9,2,2,2
223,2,26,1, , ,0,1,3,1,21,1,4,1,10,6,6,6,5,4,4,6,6,5,4,4,5,3,4,4,3,2,2,2,2,3,3,3,2,2,2,3,3,3,3,2,2,2,3,3,4,4,3,2,3,3,2,3,3,4,3,4,2,2,3,6,5,4,5,4,6,4,3,3,5,5,5,2,2,2,4,5,4,5,7,6
225,2,45,1, , ,0,1,4,1,15,1,4,1,6,1,1,1,1,1,1,1,1,1,1,1,1,1,1,1,1,1,1,1,1,1,1,1,1,1,1,1,1,1,1,1,1,1,1,1,1,1,1,1,1,1,3,1,1,1,1,1,1,1,1,1,2,2,2,2,2,2,2,2,2,2,2,2,2,2,8,5,6,2,2,3
226,2,32,1, , ,0,1,6,1,19,1,6,1,1,1,6,1,4,1,6,1,6,7,1,6,6,1,1,1,1,1,1,1,1,3,1,1,3,1,1,4,1,2,1,1,1,1,1,1,1,1,1,1,2,3,3,2,1,1,3,1,1,1,1,1,2,3,2,1,1,3,1,6,3,1,1,2,5,5,9,5,9,6,3,5
227,2,47,1, , ,0,1,6,1,17,1,20,1,5,3,1,4,6,5,5,4,1,7,4,7,5,2,2,1,2,1,1,1,3,1,2,3,4,3,1,1,1,1,2,1,2,1,1,1,1,1,1,1,2,3,3,3,3,2,2,1,2,2,1,2,3,3,3,4,2,4,3,6,5,1,4,2,5,6,9,9,9,4,4,5
228,2,33,1, , ,0,1,5,1,19,1,5,1,11,2,1,5,7,4,1,3,2,3,6,4,5,2,1,1,1,1,1,3,1,4,3,2,4,3,3,4,1,1,1,1,2,1,1,1,1,1,1,1,3,2,4,3,2,1,1,1,1,1,1,1,1,2,2,2,2,2,1,2,2,3,1,2,1,4,3,1,2,2,2,3
229,2,30,1,6, ,1,1,10,1,17,1,25,2,10,1,7,1,4,1,3,2,6,5,1,3,3,1,1,1,1,1,2,1,1,2,1,3,3,2,2,2,1,2,1,1,2,1,1,1,1,1,1,1,2,4,3,3,1,2,1,1,1,1,1,1,1,2,1,1,1,1,1,1,1,1,1,3,2,1,6,1,5,7,2,1
230,2,34,1, , ,0,1,3,1,23,1,2,1,2,2,5,2,3,2,1,1,1,6,1,6,1,1,1,1,1,1,2,1,1,3,1,3,3,1,3,3,1,1,1,1,1,1,1,1,1,1,1,1,1,3,3,1,1,1,1,1,1,1,1,4,3,3,3,5,3,2,2,3,3,3,3,2,1,1,1,1,2,1,1,1
231,2,57,1, , ,0,1,8,1,15,1,7,1,10,4,2,2,7,2,3,3,2,6,1,6,6,2,1,1,2,2,1,1,1,2,1,4,4,2,4,3,1,1,2,1,1,2,1,1,3,1,1,1,4,4,4,3,1,3,3,1,1,1,1,1,4,4,5,2,4,4,2,4,4,3,3,2,2,2,5,7,8,4,3,3
232,2,27,1, , ,0,1,2,1,17,1,2,1,5,1,1,1,4,1,1,1,1,4,1,4,1,3,1,2,1,3,1,3,1,4,1,1,3,1,1,3,3,1,1,1,3,1,1,1,3,1,1,1,3,3,3,3,2,1,1,3,1,1,1,1,1,1,3,1,1,1,1,1,1,1,1,2,2,2,3,1,1,1,1,1
233,2,34,1, , ,0,1,7,1,23,1,7,1,4,1,7,1,7,1,4,1,7,7,1,7,5,2,1,1,1,1,2,4,1,3,3,4,4,3,4,4,4,1,1,1,1,1,2,1,1,4,4,1,4,4,4,4,3,3,4,3,1,1,1,2,2,2,3,1,1,2,1,4,5,2,2,2,2,1,6,1,7,2,2,1
234,2,25,1, , ,0,2,1,1,20,1,1,0,0,2,6,1,6,1,3,5,6,6,5,6,5,1,1,1,1,1,1,1,1,1,1,1,1,1,1,1,1,1,1,1,1,1,1,1,1,1,1,1,1,1,1,1,1,1,1,1,1,1,1,3,2,2,5,1,1,2,1,1,1,1,2,1,1,2,8,3,8,6,5,6
235,2,29,1, , ,0,1,6,1,17,1,10,1,5,2,6,5,5,2,5,5,6,6,5,6,5,2,2,2,1,3,3,3,2,2,3,2,3,2,3,3,1,1,2,1,2,2,2,1,2,1,1,2,3,3,2,2,2,3,3,1,1,2,1,5,6,5,5,4,3,5,2,6,5,4,5,2,3,5,7,7,5,2,2,2
237,2,28,1, , ,0,1,3,1,15,1,3,1,6,1,5,3,4,2,2,2,6,7,2,6,5,2,1,1,1,1,1,2,2,3,2,3,4,2,3,3,3,2,1,1,1,1,1,1,1,1,1,1,3,4,3,4,2,3,2,3,2,1,1,3,5,4,4,2,2,2,2,5,5,3,2,2,1,1,6,2,2,3,2,2
238,2,25,1, , ,0,1,1,1,21,1,1,1,1,7,6,7,6,5,7,6,5,6,7,6,5,4,3,4,3,2,3,3,4,3,4,3,4,3,3,4,3,4,3,4,4,3,4,3,3,4,4,3,3,3,4,3,4,3,3,2,3,4,4,6,7,6,6,5,6,6,5,6,7,6,5,2,1,2,1,1,1,4,5,3
239,2,60,1, , ,0,1,3,1,19,1,3,1,12,2,5,1,7,1,1,1,6,6,1,6,6,1,1,1,1,1,1,1,1,1,1,3,4,3,4,3,1,2,1,1,1,1,1,1,1,1,1,1,1,2,3,3,2,2,2,1,1,1,1,2,2,3,2,1,3,3,1,2,2,2,1,2,1,1,3,1,2,4,1,1
240,2,39,1, , ,0,1,1,1,21,1,1,1,0,1,1,1,1,1,1,1,1,7,1,1,1,2,1,2,1,1,1,1,1,3,1,3,3,1,1,3,3,1,1,1,3,1,1,1,3,1,1,1,3,3,3,3,1,1,1,1,1,1,1,1,1,1,1,1,1,1,1,1,1,1,1,2,1,1,1,1,1,1,1,1
242,2,29,1, , ,0,1,1,1,17,1,2,2,5,2,4,1,4,1,1,1,4,4,1,4,5,1,1,1,1,1,1,1,2,3,1,2,3,2,2,3,1,2,1,1,1,1,1,1,1,1,1,2,2,1,3,3,1,2,3,1,3,1,1,1,1,2,3,1,1,1,1,4,4,3,2,3,1,2,9,5,8,8,3,1
243,2,45,1, , ,0,1,50,1,14,1,30,1,10,1,4,4,6,1,4,4,4,7,4,7,4,2,1,1,1,1,1,1,1,4,1,3,4,2,4,4,1,1,2,1,2,1,1,1,1,1,1,1,2,3,3,3,1,3,4,1,1,2,1,2,2,2,6,2,2,2,2,6,6,6,2,2,2,9,8,8,7,2,2,1
244,2,30,1, , ,0, ,1,1,21,1,1,1,8,1,2,1,1,1,1,1,1,3,1,1,1,1,1,1,1,1,1,1,1,1,1,2,1,1,1,2,1,1,1,1,1,1,1,1,1,1,1,1,1,1,3,1,1,1,1,1,1,1,1,4,2,3,2,2,1,1,1,1,1,1,1,2,1,1,1,1,1,1,1,1
245,2,31,1, , ,0,1,1,1,16,1,1,1,1,2,2,4,2,6,3,6,4,3,2,5,6,2,3,2,1,2,3,2,1,1,2,1,2,1,1,1,3,2,1,1,1,1,1,1,1,1,1,1,1,3,2,3,2,3,2,2,2,1,1,3,2,5,2,4,2,2,1,1,1,2,1,2,1,1,7,6,7,5,5,5
246,2,37,1, , ,0,1,3,1,15,1,5,1,2,1,4,1,5,1,3,1,5,4,1,6,3,1,1,1,1,1,1,1,2,1,1,1,4,1,1,3,1,3,1,1,3,1,1,1,1,1,1,2,1,3,2,3,1,1,3,1,1,1,1,2,5,2,6,1,1,1,1,7,4,4,2,2,1,2,9,5,2,4,3,4
247,2,45,1, , ,0,1,5,1,17,1,2,1,6,1,4,1,7,1,1,1,5,7,1,7,1,1,1,1,1,1,1,1,1,3,1,3,4,3,4,4,1,1,1,1,1,1,1,1,1,1,2,1,4,4,4,4,4,4,4,1,1,1,1,1,1,1,4,1,1,1,1,1,2,1,1,2,2,2,5,1,1,1,1,1
248,2,33,1, , ,0,1,10,1,18,1,12,1,4,7,7,1,7,1,3,1,7,7,1,7,5,3,1,1,2,3,1,1,1,4,1,4,4,3,3,3,1,1,1,1,3,1,1,1,1,1,1,1,3,3,4,4,2,1,1,1,1,1,1,1,1,1,1,1,1,1,1,6,6,1,1,2,3,4,8,9,9,3,2,1
250,2,47,1, , ,0,1,10,1,16,1,20,2,25,1,4,4,4,4,1,1,1,1,1,1,4,1,1,1,1,1,1,1,1,1,1,1,1,1,1,1,1,1,1,1,1,1,1,1,1,1,1,1,4,4,4,4,4,1,1,1,1,1,1,1,1,1,1,1,1,1,1,1,1,1,1,3,4,3,9,9,1,7,7,7
251,2,50,1, , ,0,1,6,1,19,1,5,1,10,2,2,2,6,2,3,4,2,6,2,5,5,2,1,1,1,1,1,1,1,2,1,3,3,2,1,4,1,1,1,1,1,1,1,1,1,1,1,1,3,4,4,2,2,1,3,1,3,1,1,2,2,1,2,2,2,2,2,5,4,2,2,2,1,1,8,3,2,2,2,2
252,2,47,1, , ,0,1,4,1,13,1,80,1,3,2,2,1,3,1,4,3,5,5,1,5,1,3,1,2,2,3,1,2,2,3,2,3,4,2,3,4,1,3,2,1,2,1,1,1,1,2,1,2,3,3,3,3,2,2,3,1,1,1,1,2,3,5,5,2,1,1,1,6,2,1,1,2,9,9,8,8,8,2,2,2
253,2,36,2, , ,0,1,1,2, ,1,1,1,1,2,2,4,6,4,5,2,2,3,2,5,5,4,1,3,1,1,1,3,1,3,1,3,3,3,3,3,3,3,3,1,1,1,3,1,1,3,3,2,3,3,3,3,3,1,3,3,3,1,1,2,2,2,5,2,2,2,2,4,4,2,2,2,2,2,2,2,2,4,4,4
254,2,57,1, , ,0,1,7,1,17,1,6,1,0,5,1,6,4,5,1,6,1,5,5,7,5,1,1,1,1,2,1,1,1,3,1,2,4,3,3,2,1,3,1,1,1,1,1,1,1,1,1,3,4,3,4,4,1,1,3,1,1,1,1,2,2,1,7,1,4,5,1,1,6,1,1,2,2,3,8,8,5,3,1,2
255,2,29,1, , ,0,1,3,1,17,1,2,1,3,1,3,1,7,1,5,1,4,7,1,7,1,1,1,1,1,1,1,2,1,3,3,2,4,3,4,2,2,1,1,1,2,1,1,1,1,2,2,1,3,4,3,4,3,4,2,2,1,1,1,3,6,2,6,2,3,2,2,6,6,2,1,2,1,2,9,7,9,2,1,2
256,2,25,1, , ,0,1,2,1,16,1,15,1,1,6,4,5,6,6,4,7,3,5,6,5,6,1,1,1,2,1,1,1,2,2,1,3,2,1,2,2,1,2,1,1,1,1,1,2,1,1,1,2,1,2,3,2,1,1,1,1,1,1,1,3,6,5,6,4,1,2,1,7,5,5,4,2,7,7,8,8,7,7,4,6
258,2,32,1, , ,0,1,5,1,19,1,5,1,6,1,1,1,3,1,1,2,1,7,1,6,1,2,1,1,1,2,1,2,2,3,1,2,4,1,1,4,4,1,1,1,2,1,1,1,1,1,2,1,3,4,2,3,2,1,1,3,1,1,1,1,2,2,1,1,1,2,1,1,1,1,1,2,3,2,2,1,3,1,2,1
259,2,36,6, , ,0,1,3,1,14,1,2,1,20,1,1,1,6,1,1,1,4,7,2,6,1,1,1,1,1,1,1,1,1,2,1,2,4,2,3,1,1,1,1,1,1,1,1,1,1,2,1,1,3,1,4,4,2,1,1,1,1,1,1,1,1,2,1,1,1,1,1,3,5,3,1,2,1,1,2,1,2,1,1,1
260,2,41,1, , ,0,1,7,1,26,1,2,1,0,1,2,3,3,1,1,1,3,4,1,4,2,1,1,1,1,2,1,1,1,3,1,1,2,1,1,2,1,2,1,1,2,1,1,1,1,1,1,1,3,3,3,3,2,2,3,2,2,1,1,2,4,2,4,2,2,2,1,4,4,2,1,2,1,1,1,1,1,1,1,1
261,2,33,1, , ,0,1,3,1,18,1,6,1,15,3,6,1,6,1,3,2,6,7,1,7,6,2,1,1,1,3,2,4,1,3,1,3,4,2,4,4,1,1,2,1,3,1,1,1,3,2,1,1,3,4,4,4,4,3,4,1,1,1,1,2,3,4,5,1,3,2,1,2,4,4,2,2,3,3,3,5,4,3,3,5
262,2,26,1, , ,0,1,6,1,17,1,6,1,2,5,2,2,6,2,1,1,2,7,2,7,6,3,1,1,1,1,1,2,1,2,1,3,3,3,3,3,1,2,2,1,2,1,1,1,1,1,1,1,3,3,3,4,2,1,3,1,1,2,1,2,2,2,2,2,2,1,1,3,3,3,2,2,1,1,6,1,1,2,2,2
264,2,34,3, , ,0,1,5,1,15,1,3,1,1,6,3,6,6,6,6,6,4,6,6,6,6,4,3,4,4,4,3,4,4,4,3,4,4,4,4,3,4,4,4,3,4,3,3,4,3,3,3,3,3,4,3,3,3,3,4,3,4,4,4,7,6,6,6,6,5,7,6,6,6,7,7,2,2,2,9,2,8,8,8,8
265,2,33,1, , ,0,1,1,1,25,1,1,1,5,3,5,3,4,3,3,3,4,5,3,4,3,2,1,1,3,3,1,2,1,1,1,3,3,3,3,4,1,1,1,1,2,2,1,1,1,1,1,1,1,3,3,3,3,2,3,1,1,1,1,4,4,4,4,4,4,4,4,4,4,4,4,2,2,1,5,9,5,4,2,2
266,2,56,1, , ,0,1,4,1,17,1,3,1,8,2,2,2,6,2,1,5,2,5,5,5,4,1,1,1,1,1,1,1,1,3,1,3,3,1,3,2,1,1,1,1,1,1,1,1,1,1,1,1,3,3,3,3,1,2,3,2,1,1,1,1,1,1,1,1,1,1,6,1,1,1,1,2,1,1,1,1,2,1,1,1
267,2,34,3, , ,0,1,4,1,23,1,1,1,4,1,6,3,7,3,5,2,7,7,3,7,5,1,1,3,1,4,2,4,1,4,2,3,4,2,3,4,4,1,4,1,3,2,3,1,4,2,4,1,4,4,3,4,2,3,4,4,1,4,1,1,1,1,6,1,1,1,1,7,6,1,1,2,1,1,4,2,5,1,1,1
268,2,55,1, , ,0,1,11,1,17,1,11,1,3,2,3,1,5,1,1,1,3,6,1,6,5,1,1,1,1,2,1,1,2,1,1,3,3,2,1,2,2,1,1,1,2,1,1,1,1,2,1,2,1,3,3,3,1,2,1,1,1,1,1,2,2,2,1,4,2,1,1,1,2,2,2,2,3,1,2,1,1,2,1,1
269,2,24,6,7,8,1,1,5,1,16,1,20,1,4,1,5,5,6,4,4,5,3,4,5,4,5,1,1,1,2,3,1,2,2,3,1,4,4,4,1,2,1,2,1,1,2,1,1,2,3,1,1,1,3,4,4,4,2,1,1,1,1,1,1,2,3,3,4,4,3,4,4,4,3,4,1,2,2,2,7,7,6,5,6,4
270,2,30,3, , ,0,1,3,1,19,1,3,1,8,4,6,6,6,5,5,4,6,6,6,6,6,3,2,3,3,3,1,2,3,2,3,4,3,3,3,3,1,1,3,1,3,3,3,3,3,2,1,3,4,4,4,3,3,2,3,2,1,2,1,6,7,6,7,6,6,6,6,6,6,5,6,2,3,3,5,5,5,4,5,6
271,2,32,1, , ,0,1,11,1,18,1,11,1,8,1,2,1,6,1,5,1,2,7,1,7,2,2,1,1,1,2,1,4,1,2,2,3,3,1,2,3,1,1,1,1,2,1,2,1,3,3,1,1,3,4,3,4,1,1,2,1,1,1,1,2,2,2,4,2,2,2,2,5,5,2,2,2,3,4,7,6,5,2,2,1
273,2,42,2, , ,0,1,1,1,23,1,1,1,2,7,3,5,6,5,1,1,2,6,1,6,6,3,1,4,2,1,2,4,1,4,2,4,4,4,3,3,4,1,1,4,1,3,4,3,3,4,4,4,4,4,4,4,4,2,4,4,1,2,1,6,5,1,6,2,2,1,1,2,6,1,2,2,2,2,1,1,1,1,1,1
274,2,43,1, , ,0,1,5,1,16,1,5,1,15,1,1,1,7,7,1,1,1,7,1,7,1,4,1,1,1,2,1,2,1,3,3,4,4,4,3,4,1,1,4,1,2,1,1,1,1,1,1,4,4,4,4,4,4,3,4,1,1,4,1,4,1,1,4,1,1,1,1,7,7,7,1,2,1,1,1,1,1,1,1,1
276,2,35,1, , ,0,1,3,1,16,1,11,1,15,1,1,1,1,1,5,1,1,1,1,1,1,1,1,1,1,1,1,1,1,1,1,4,4,4,4,4,4,4,4,4,3,1,1,1,1,1,1,1,4,4,4,4,4,4,4,1,1,1,1,1,1,1,1,1,1,1,1,1,1,1,1,2,2,2,9,9,1,1,1,1
277,2,24,1, , ,0,1,2,1,17,1,2,1,1,3,3,4,3,2,4,3,2,4,3,3,4,2,1,1,2,2,1,1,1,1,1,2,1,1,1,1,1,1,1,1,1,1,1,1,1,1,2,1,1,1,2,1,1,2,1,1,1,1,2,2,4,3,2,3,3,3,2,3,4,4,3,2,1,3,5,3,6,5,3,2
278,2,45,1, , ,0,1,20,1,15,1,11,1,6,5,4,3,6,3,1,4,3,5,3,5,4,2,2,1,2,2,1,3,1,2,1,3,3,2,2,3,3,3,2,1,2,1,1,1,3,1,1,1,3,3,3,3,1,2,2,1,2,1,1,1,1,1,4,1,1,1,7,1,1,1,1,2,2,4,5,3,5,5,4,3
280,2,30,1, , ,0,1,4,1,18,1,10,1,2,2,4,5,5,5,2,5,4,4,6,5,5,3,1,1,1,1,1,2,2,1,2,3,3,3,2,2,2,2,2,1,3,3,2,3,2,2,3,3,2,4,3,3,3,2,3,1,3,3,3,3,3,2,3,3,2,2,2,3,2,3,2,2,3,5,8,8,6,5,5,4
281,2,32,1, , ,0,1,10,1,19,1,8,1,0,5,3,3,5,3,4,4,4,3,2,5,4,3,1,3,1,1,1,1,2,1,1,2,2,1,1,2,1,3,1,1,1,1,1,1,1,1,1,2,2,3,2,2,2,1,2,1,2,1,1,1,2,4,2,1,1,2,1,5,3,2,4,2,1,1,5,2,3,2,1,1
282,2,34,8, , ,0,1,3,1,14,1,4,1,0,1,7,1,5,1,2,1,7,6,1,5,7,1,1,1,1,1,1,1,3,3,1,3,4,3,3,4,1,2,1,1,1,1,1,1,2,2,1,2,3,3,3,4,3,3,4,1,1,1,1,1,1,4,5,1,1,1,1,5,2,1,1,2,2,2,9,9,9,7,2,1
283,2,35,6, , ,0,1,0,1,20,1,3,1,30,6,1,1,7,1,1,5,1,7,1,7,2,4,1,3,1,1,1,4,1,2,3,4,4,3,4,4,1,1,1,1,2,1,4,1,1,1,1,1,3,4,4,4,3,3,4,1,1,1,1,1,1,1,2,1,1,1,1,1,1,1,1,2,1,1,1,1,1,1,1,1
284,2,40,1, , ,0,1,10,1,16,1,8,1,3,2,4,1,4,1,3,1,3,6,1,5,4,1,1,2,1,1,1,3,1,2,1,3,4,2,3,3,2,2,1,1,2,1,1,1,4,3,3,1,2,3,4,3,2,3,3,1,1,1,1,2,1,3,2,2,1,1,1,2,1,1,2,2,3,3,3,3,6,2,2,2
285,2,25,8, , ,0,1,3,1,20,1,3,1,20,3,7,1,7,1,1,1,7,7,2,4,1,3,1,1,2,2,1,2,1,3,1,3,4,2,1,1,1,1,1,1,1,1,1,1,2,1,1,1,4,3,3,3,1,3,1,1,1,1,1,2,1,1,5,1,1,1,1,4,1,1,1,2,2,2,9,9,9,4,3,3
286,2,38,3, , ,0,1,2,1,26,1,1,1,5,2,5,2,5,2,3,2,5,5,2,5,4,2,2,4,2,2,3,3,2,2,3,4,4,3,3,3,2,1,2,1,3,2,2,1,3,2,3,1,3,3,4,4,3,1,3,3,1,1,1,5,5,5,6,3,3,3,3,5,5,5,4,2,2,1,5,2,3,2,2,4
287,2,35,3, , ,0,1,2,1,24,1,2,1,0,4,5,1,5,1,3,1,5,7,1,6,5,2,1,3,1,1,1,1,1,2,1,3,2,2,1,1,1,1,1,1,1,1,1,1,1,1,1,1,1,2,3,3,2,1,1,1,1,1,1,1,3,1,4,1,1,1,1,5,5,1,1,2,1,1,3,1,1,1,1,5
289,2,44,3, , ,0,1,2,1,29,1,1,1,1,6,5,4,5,6,7,6,5,6,1,1,1,3,2,4,4,3,2,3,3,2,1,2,3,4,3,3,3,4,3,2,3,4,3,2,3,2,4,4,3,2,3,4,3,2,3,3,4,3,2,4,5,4,3,4,5,5,6,5,4,3,5,2,2,2,1,2,1,6,7,4
290,2,39,6, , ,0,1,2,1,20,1,4,0,0,5,2,4,4,4,1,4,4,5,6,5,1,1,1,1,1,1,1,1,1,1,1,1,1,1,1,1,1,1,1,1,3,1,1,1,1,1,1,1,1,1,1,1,1,1,1,1,1,1,1,1,1,1,1,1,1,1,1,1,1,1,1,1,1,1,1,1,1,3,1,1
291,2,47,1, , ,0,1,7,1,17,1,7,1,4,1,1,1,7,1,5,1,1,7,1,4,1,4,1,4,2,4,4,4,2,4,3,4,4,4,3,4,1,2,2,1,4,2,4,2,4,4,1,2,1,4,4,4,4,3,4,1,1,2,1,5,2,6,5,7,1,1,1,6,5,5,1,2,7,2,1,1,1,1,1,1
292,2,38,1, , ,0,1,11,1,15,1,11,1,20,1,4,4,4,4,4,3,3,3,3,3,4,1,2,1,3,3,1,1,3,3,1,4,4,4,4,4,4,4,4,1,4,4,4,4,4,4,4,4,4,4,4,4,4,4,4,4,4,4,1,5,4,4,4,4,4,5,4,4,5,5,5,2,2,2,1,1,9,1,1,1
293,2,36,1, , ,0,2,7,1,12,1,7,0,0,2,5,2,5,4,3,5,5,3,5,3,5,1,1,1,1,1,1,3,1,1,2,3,3,2,1,3,1,1,1,1,1,1,1,1,1,1,1,1,2,3,4,1,2,1,2,1,1,1,1,2,2,1,2,1,1,1,1,5,2,1,1,1,4,2,8,2,6,4,2,4
295,2,44,1, , ,0,1,6,1,16,1,6,1,15,5,2,2,5,2,2,5,2,5,2,5,2,1,1,1,1,1,1,1,1,1,1,2,4,3,2,4,1,2,1,1,1,1,1,1,1,1,1,1,3,3,3,3,3,1,4,1,1,1,1,2,2,2,3,1,1,2,1,6,3,3,1,2,3,3,8,5,7,3,2,2
296,2,34,8, , ,0,1,2,1,18,1,4,1,5,1,4,1,7,1,6,1,4,6,1,7,4,4,1,4,1,2,1,1,2,2,1,3,4,2,2,4,1,2,4,1,4,1,3,1,2,4,1,2,3,4,4,4,3,4,4,2,1,4,1,4,4,3,4,3,2,4,2,4,4,4,2,2,2,2,4,3,7,1,1,1
297,2,38,1, , ,0,1,5,1,18,1,5,1,12,1,6,3,3,1,1,1,6,5,1,5,2,3,1,1,1,1,1,1,1,3,1,4,4,3,3,4,1,1,1,1,1,1,1,1,1,1,1,1,1,1,4,3,2,1,3,2,1,1,1,1,1,1,1,1,1,1,1,1,1,1,1,2,2,2,3,1,1,2,1,1
298,2,44,1, , ,0,1,15,1,16,1,12,1,12,5,2,2,4,2,3,2,2,6,2,6,2,2,1,3,1,3,3,3,2,3,1,1,4,3,2,2,2,3,3,1,2,1,1,1,2,3,2,2,2,4,3,4,3,2,2,2,1,2,1,1,1,1,1,1,1,1,1,1,1,1,1,2,4,4,7,2,3,2,2,2
299,2,44,1, , ,0,2,6,1,17,1,10,0,0,1,6,1,5,1,1,1,6,4,1,4,4,4,1,2,1,3,1,1,2,4,1,3,3,1,1,1,1,3,1,1,1,1,1,1,1,1,1,1,4,4,3,2,1,1,1,1,1,1,1,1,1,1,1,1,1,1,1,1,1,1,1,1,1,3,9,5,4,3,2,1
300,2,28,6, , ,0,1,2,1,21,1,2,1,12,2,2,2,6,2,2,3,3,3,2,3,3,1,1,1,1,1,1,1,1,3,1,3,3,1,2,2,1,1,1,2,2,2,1,2,2,3,2,3,2,2,3,2,2,3,2,2,2,3,2,2,2,2,2,2,2,2,2,2,2,2,2,2,2,1,1,1,2,1,1,1
301,2,56,6, , ,0,2,4,1,21,1,6,0,0,1,1,1,1,1,1,1,1,6,1,4,4,2,1,2,1,3,1,1,1,2,1,2,4,2,1,2,1,1,1,1,1,1,1,1,1,1,1,1,1,1,3,1,1,1,1,1,1,1,1,1,1,1,2,2,1,1,1,1,1,1,1,1,2,2,8,1,1,2,1,3
302,2,66,1, , ,0,2,20,1,15,1,100,0,0,2,6,2,6,2,6,6,6,4,6,4,6,1,1,1,1,1,1,1,1,2,1,4,4,1,1,2,1,1,1,1,3,1,1,2,1,1,2,1,3,3,4,3,1,1,1,1,1,1,1,1,6,1,6,4,1,1,1,6,6,1,1,1,9,9,9,1,1,2,1,1
303,2,62,1, , ,0,2,4,1,17,1,12,0,0,2,1,1,4,1,4,1,1,5,2,5,5,3,1,1,2,3,1,2,2,1,1,3,3,2,1,2,1,1,2,1,3,1,1,2,3,1,1,1,2,3,3,3,2,1,3,1,1,2,1,1,4,5,6,1,1,1,1,5,5,4,1,1,2,3,7,2,3,1,1,1
304,2,33,1, , ,0,1,8,1,17,1,11,1,0,4,4,4,4,4,4,4,4,4,4,4,4,2,2,1,1,1,1,3,1,3,3,3,3,3,3,3,1,3,2,1,2,1,1,1,3,2,1,2,1,4,4,4,3,3,3,1,1,3,1,4,4,4,4,4,4,4,4,4,4,4,4,2,2,2,2,2,2,7,3,3
305,2,31,3, , ,0,1,2,1,27,1,1,1,1,2,2,2,4,1,1,2,2,6,1,6,5,3,1,3,1,2,3,3,2,4,2,3,4,3,2,3,2,3,2,1,3,3,4,1,2,3,3,1,3,3,4,3,3,1,3,4,3,3,1,5,4,2,5,5,4,3,5,5,6,4,3,2,2,2,3,2,2,4,2,4
